strategy,annual_return,annual_volatility,sharpe,max_drawdown,calmar,win_rate,average_turnover,total_transaction_cost,final_nav
all_index_equal_weight,0.06313769043020412,0.2021968959105355,0.3122584555310887,-0.38934271063091763,0.16216481959529042,0.5067524115755627,0.0,0.0,1.4817822926323603
crowding_top_quantile,0.02407761366513861,0.11400447516631516,0.2111988466243368,-0.31967254807020273,0.07531961630890797,0.4797427652733119,0.41615853658536583,0.04095,1.165112922893242
hs300_buy_hold,0.0233872430561044,0.1875694257611434,0.12468579546586886,-0.456026204848647,0.05128486654372531,0.5048231511254019,0.0,0.0,1.1600772045783105
momentum_crowding_penalty,0.041944845336020276,0.11288624601262578,0.37156736819230346,-0.24097704505841155,0.17406158053707177,0.49389067524115754,0.5557926829268293,0.05469,1.3020170375403335
momentum_crowding_penalty_trend,0.03338337260000701,0.09592283608010525,0.3480232024429357,-0.19983492221988564,0.16705474813493346,0.4932475884244373,0.4509146341463415,0.04437000000000001,1.2348135554401993
momentum_top_quantile,0.03641572185296993,0.1163906728419022,0.31287491483475455,-0.24635375924351222,0.14781881942777353,0.492604501607717,0.6027439024390243,0.05931,1.2582727782990235
