strategy,annual_return,annual_volatility,sharpe,max_drawdown,calmar,win_rate,average_turnover,total_transaction_cost,final_nav
all_index_equal_weight,0.07297374234432819,0.20784623040000894,0.35109485605722607,-0.4051468795478739,0.18011675771948107,0.4977491961414791,0.0,0.0,1.5720765466165716
crowding_top_quantile,0.040532956153262134,0.20829282250509382,0.19459602911795434,-0.36789323193108936,0.11017586798349806,0.4945337620578778,0.8612804878048781,0.08475,1.2907264928543898
csi300_etf_buy_hold,0.02437246080229194,0.1902217547615091,0.12812656908169606,-0.4510074048562078,0.05404004577277944,0.4906752411575563,0.0,0.0,1.1672692214991522
momentum_crowding_penalty,0.10290185898834991,0.2348460309665639,0.4381673327193702,-0.4097035377400632,0.2511617535839686,0.5016077170418006,1.0106707317073171,0.09945000000000001,1.8759195981819818
momentum_crowding_penalty_trend,0.07224252362112038,0.16962635094218848,0.4258921047340213,-0.2300889848330654,0.31397645425544346,0.5009646302250804,0.6742051393728223,0.06634178571428573,1.5652079623131194
momentum_top_quantile,0.06286107992708101,0.22823924172879936,0.27541749372693064,-0.4049691538388648,0.15522436543918386,0.5028938906752412,1.1045731707317075,0.10869000000000002,1.479307749911175
