strategy,annual_return,annual_volatility,sharpe,max_drawdown,calmar,win_rate,average_turnover,total_transaction_cost,final_nav
all_index_equal_weight,0.06592112995524868,0.20225140563896976,0.32593657258887804,-0.38934271063091763,0.16931389276153536,0.5074050225370251,0.0,0.0,1.5063512855511438
crowding_top20,0.07096207958981604,0.2834375636220878,0.25036229737153337,-0.5430256068918524,0.13067906686019076,0.49388280746941404,0.31067073170731707,0.030570000000000003,1.5526583691915776
hs300_buy_hold,0.027400299255555316,0.1875271844001755,0.14611374528550578,-0.456026204848647,0.06008492267379536,0.5054732775273664,0.0,0.0,1.1894322458369968
momentum_crowding_penalty,0.06908048559550006,0.28694426840394643,0.24074530562935606,-0.5456289810223756,0.12660706816939982,0.489375402446877,0.44664634146341464,0.04395,1.5352351377066014
momentum_crowding_penalty_trend,0.06908048559550006,0.28694426840394643,0.24074530562935606,-0.5456289810223758,0.12660706816939976,0.489375402446877,0.44664634146341464,0.04395,1.5352351377065998
momentum_top20,0.0674493148880213,0.29035464095162256,0.23229976509746705,-0.5452481305729726,0.12370389022176448,0.501609787508049,0.42957317073170725,0.04227,1.5202646239337079
