strategy,annual_return,annual_volatility,sharpe,max_drawdown,calmar,win_rate,average_turnover,total_transaction_cost,final_nav
all_index_equal_weight,0.11880982782757821,0.16374038789292902,0.7255987930434658,-0.18830845315213474,0.6309319939641347,0.5225269343780607,0.0,0.0,2.5739922834920357
crowding_top_quantile,0.2380401550157789,0.3452753085738484,0.6894213084596121,-0.17483948910011304,1.3614782120501232,0.515181194906954,0.7509302325581395,0.09687000000000001,6.039173429299934
csi300_etf_buy_hold,0.018914747729209536,0.19554346044601023,0.09672912449266959,-0.4510074048562085,0.04193888509489105,0.4921645445641528,0.0,0.0,1.1709381044487361
momentum_crowding_penalty,0.14573813639644073,0.1612202805590131,0.9039690037203149,-0.17796696415317836,0.8189055597476064,0.5225269343780607,0.8588372093023257,0.11079000000000001,3.1448146823865266
momentum_crowding_penalty_trend,0.11468381849405263,0.12352380675992658,0.9284349430466078,-0.11964650410899769,0.9585221009848807,0.5220372184133203,0.5958720930232558,0.0768675,2.495135280231674
momentum_top_quantile,0.10533801068703008,0.16644873702811586,0.6328555720385959,-0.1635669460531104,0.6440054866147998,0.5176297747306562,1.063953488372093,0.13725000000000004,2.324339902533254
