date,strategy,return,nav
2018-01-02,csi300_etf_buy_hold,0.0,1.0
2018-01-03,csi300_etf_buy_hold,0.005319148936170359,1.0053191489361704
2018-01-04,csi300_etf_buy_hold,0.0031265031265030885,1.0084622823984528
2018-01-05,csi300_etf_buy_hold,0.0038360105490289342,1.012330754352031
2018-01-08,csi300_etf_buy_hold,0.004060186290900214,1.0164410058027078
2018-01-09,csi300_etf_buy_hold,0.008087535680304736,1.024661508704062
2018-01-10,csi300_etf_buy_hold,0.004247286455875354,1.0290135396518376
2018-01-11,csi300_etf_buy_hold,-0.0014097744360902498,1.0275628626692457
2018-01-12,csi300_etf_buy_hold,0.005411764705882227,1.0331237911025144
2018-01-15,csi300_etf_buy_hold,-0.0018722209220688457,1.0311895551257253
2018-01-16,csi300_etf_buy_hold,0.010082063305978828,1.041586073500967
2018-01-17,csi300_etf_buy_hold,-0.003017641597028775,1.0384429400386845
2018-01-18,csi300_etf_buy_hold,0.006519208381839503,1.0452127659574468
2018-01-19,csi300_etf_buy_hold,0.002775850104094202,1.0481141199226305
2018-01-22,csi300_etf_buy_hold,0.012687427912341231,1.0614119922630558
2018-01-23,csi300_etf_buy_hold,-0.0004555808656035998,1.0609284332688587
2018-01-24,csi300_etf_buy_hold,0.0006836827711942384,1.0616537717601546
2018-01-25,csi300_etf_buy_hold,-0.006376679571851396,1.0548839458413928
2018-01-26,csi300_etf_buy_hold,0.005042402016960601,1.0602030947775627
2018-01-29,csi300_etf_buy_hold,-0.0189281641961232,1.040135396518375
2018-01-30,csi300_etf_buy_hold,-0.010227801022779981,1.0294970986460348
2018-01-31,csi300_etf_buy_hold,0.0030530765617660105,1.032640232108317
2018-02-01,csi300_etf_buy_hold,-0.007024116132053448,1.0253868471953576
2018-02-02,csi300_etf_buy_hold,0.0061306295684981915,1.0316731141199225
2018-02-05,csi300_etf_buy_hold,-0.0009374267635342548,1.0307059961315277
2018-02-06,csi300_etf_buy_hold,-0.028149190710767047,1.0016924564796903
2018-02-07,csi300_etf_buy_hold,-0.023654356746319105,0.9779980657640229
2018-02-08,csi300_etf_buy_hold,-0.008158220024721996,0.9700193423597675
2018-02-09,csi300_etf_buy_hold,-0.04611166500498498,0.925290135396518
2018-02-12,csi300_etf_buy_hold,0.014371570420695035,0.9385880077369435
2018-02-13,csi300_etf_buy_hold,0.012107161257083998,0.9499516441005799
2018-02-14,csi300_etf_buy_hold,0.008908119114278579,0.9584139264990326
2018-02-22,csi300_etf_buy_hold,0.02068617558022212,0.9782398452611216
2018-02-23,csi300_etf_buy_hold,0.005437469105288972,0.9835589941972916
2018-02-26,csi300_etf_buy_hold,0.012782694198623545,0.9961315280464214
2018-02-27,csi300_etf_buy_hold,-0.014320388349514657,0.9818665377176011
2018-02-28,csi300_etf_buy_hold,-0.010096035459246533,0.9719535783365566
2018-03-01,csi300_etf_buy_hold,0.007213930348259012,0.9789651837524176
2018-03-02,csi300_etf_buy_hold,-0.006668313163744166,0.9724371373307541
2018-03-05,csi300_etf_buy_hold,-0.0022376926902040184,0.9702611218568662
2018-03-06,csi300_etf_buy_hold,0.014951407924246318,0.9847678916827851
2018-03-07,csi300_etf_buy_hold,-0.008102136017677508,0.9767891682785297
2018-03-08,csi300_etf_buy_hold,0.010148514851485269,0.9867021276595743
2018-03-09,csi300_etf_buy_hold,0.007351139426611031,0.9939555125725336
2018-03-12,csi300_etf_buy_hold,0.0029189978107517778,0.9968568665377174
2018-03-13,csi300_etf_buy_hold,-0.01067184089255413,0.9862185686653768
2018-03-14,csi300_etf_buy_hold,-0.0034322137778866058,0.9828336557059959
2018-03-15,csi300_etf_buy_hold,0.007380073800737907,0.9900870406189551
2018-03-16,csi300_etf_buy_hold,-0.01098901098901095,0.9792069632495161
2018-03-19,csi300_etf_buy_hold,0.005432098765432158,0.9845261121856863
2018-03-20,csi300_etf_buy_hold,-0.0004911591355598599,0.984042553191489
2018-03-21,csi300_etf_buy_hold,-0.005159705159705097,0.9789651837524175
2018-03-22,csi300_etf_buy_hold,-0.008891084218325629,0.9702611218568661
2018-03-23,csi300_etf_buy_hold,-0.029653625716421605,0.9414893617021273
2018-03-26,csi300_etf_buy_hold,-0.0046224961479199855,0.9371373307543516
2018-03-27,csi300_etf_buy_hold,0.009029927760577872,0.9455996131528042
2018-03-28,csi300_etf_buy_hold,-0.020199437484019533,0.9264990328820111
2018-03-29,csi300_etf_buy_hold,0.018267223382046005,0.9434235976789164
2018-03-30,csi300_etf_buy_hold,-0.0015376729882112805,0.9419729206963244
2018-04-02,csi300_etf_buy_hold,-0.0033367556468172355,0.9388297872340421
2018-04-03,csi300_etf_buy_hold,-0.006438320885912896,0.932785299806576
2018-04-04,csi300_etf_buy_hold,-0.0025920165889061764,0.9303675048355895
2018-04-09,csi300_etf_buy_hold,0.0012993762993764868,0.9315764023210829
2018-04-10,csi300_etf_buy_hold,0.019465351674020193,0.9497098646034813
2018-04-11,csi300_etf_buy_hold,0.001272912423625261,0.9509187620889745
2018-04-12,csi300_etf_buy_hold,-0.0104246122552758,0.9410058027079301
2018-04-13,csi300_etf_buy_hold,-0.006937307297019468,0.9344777562862667
2018-04-16,csi300_etf_buy_hold,-0.015782664941785374,0.9197292069632492
2018-04-17,csi300_etf_buy_hold,-0.014721345951629772,0.9061895551257252
2018-04-18,csi300_etf_buy_hold,0.002134471718249653,0.9081237911025143
2018-04-19,csi300_etf_buy_hold,0.01411075612353585,0.9209381044487427
2018-04-20,csi300_etf_buy_hold,-0.015489629824100848,0.9066731141199226
2018-04-23,csi300_etf_buy_hold,0.004266666666666641,0.9105415860735009
2018-04-24,csi300_etf_buy_hold,0.02097716409984063,0.9296421663442939
2018-04-25,csi300_etf_buy_hold,-0.005981794538361562,0.9240812379110249
2018-04-26,csi300_etf_buy_hold,-0.019884877027734227,0.9057059961315278
2018-04-27,csi300_etf_buy_hold,0.0021356113187400716,0.907640232108317
2018-05-02,csi300_etf_buy_hold,0.003196590303676139,0.9105415860735008
2018-05-03,csi300_etf_buy_hold,0.005841741901221331,0.9158607350096709
2018-05-04,csi300_etf_buy_hold,-0.004751847940865805,0.9115087040618953
2018-05-07,csi300_etf_buy_hold,0.01618037135278505,0.9262572533849126
2018-05-08,csi300_etf_buy_hold,0.013051422605063978,0.9383462282398449
2018-05-09,csi300_etf_buy_hold,-0.002834321051275346,0.93568665377176
2018-05-10,csi300_etf_buy_hold,0.006718346253229868,0.9419729206963247
2018-05-11,csi300_etf_buy_hold,-0.005903490759753494,0.9364119922630559
2018-05-14,csi300_etf_buy_hold,0.008778724502969126,0.9446324951644097
2018-05-15,csi300_etf_buy_hold,0.00383926286153069,0.9482591876208896
2018-05-16,csi300_etf_buy_hold,-0.008159102498725201,0.9405222437137328
2018-05-17,csi300_etf_buy_hold,-0.008483290488431883,0.9325435203094775
2018-05-18,csi300_etf_buy_hold,0.010889292196007316,0.9426982591876207
2018-05-21,csi300_etf_buy_hold,0.004873044370351298,0.9472920696324949
2018-05-22,csi300_etf_buy_hold,-0.0040837161817254275,0.9434235976789165
2018-05-23,csi300_etf_buy_hold,-0.013070220399794996,0.9310928433268855
2018-05-24,csi300_etf_buy_hold,-0.008049857179953324,0.9235976789168274
2018-05-25,csi300_etf_buy_hold,-0.0023560209424083878,0.9214216634429396
2018-05-28,csi300_etf_buy_hold,0.006297559695617849,0.927224371373307
2018-05-29,csi300_etf_buy_hold,-0.009387222946545037,0.9185203094777558
2018-05-30,csi300_etf_buy_hold,-0.01895235588312716,0.9011121856866532
2018-05-31,csi300_etf_buy_hold,0.020391735980681558,0.9194874274661503
2018-06-01,csi300_etf_buy_hold,-0.00683670786221402,0.9132011605415855
2018-06-04,csi300_etf_buy_hold,0.009796134498279097,0.9221470019342355
2018-06-05,csi300_etf_buy_hold,0.008390141583639155,0.9298839458413921
2018-06-06,csi300_etf_buy_hold,-0.001820072802912187,0.9281914893617015
2018-06-07,csi300_etf_buy_hold,-0.0002604845011721091,0.9279497098646029
2018-06-08,csi300_etf_buy_hold,-0.013288170922355458,0.9156189555125719
2018-06-11,csi300_etf_buy_hold,0.0026406126221283355,0.9180367504835584
2018-06-12,csi300_etf_buy_hold,0.010007900974453365,0.9272243713733068
2018-06-13,csi300_etf_buy_hold,-0.01016949152542379,0.9177949709864596
2018-06-14,csi300_etf_buy_hold,-0.0026343519494204104,0.9153771760154732
2018-06-15,csi300_etf_buy_hold,-0.0015847860538827918,0.9139264990328813
2018-06-19,csi300_etf_buy_hold,-0.03439153439153442,0.8824951644100573
2018-06-20,csi300_etf_buy_hold,0.0,0.8824951644100573
2018-06-21,csi300_etf_buy_hold,-0.008219178082191747,0.8752417794970979
2018-06-22,csi300_etf_buy_hold,0.0044198895027625085,0.8791102514506763
2018-06-25,csi300_etf_buy_hold,-0.014026402640264113,0.8667794970986453
2018-06-26,csi300_etf_buy_hold,-0.009762900976290179,0.8583172147001926
2018-06-27,csi300_etf_buy_hold,-0.02366197183098584,0.8380077369439064
2018-06-28,csi300_etf_buy_hold,-0.0057703404500865085,0.8331721470019335
2018-06-29,csi300_etf_buy_hold,0.026407428903076013,0.8551740812379103
2018-07-02,csi300_etf_buy_hold,-0.02657619451512583,0.8324468085106376
2018-07-03,csi300_etf_buy_hold,-0.0037757769387162243,0.8293036750483552
2018-07-04,csi300_etf_buy_hold,-0.010495626822157433,0.8205996131528039
2018-07-05,csi300_etf_buy_hold,-0.008249852681202152,0.8138297872340419
2018-07-06,csi300_etf_buy_hold,0.00861556743909686,0.8208413926499026
2018-07-09,csi300_etf_buy_hold,0.029160530191458145,0.8447775628626687
2018-07-10,csi300_etf_buy_hold,0.002575844304522068,0.8469535783365565
2018-07-11,csi300_etf_buy_hold,-0.016557236654296426,0.832930367504835
2018-07-12,csi300_etf_buy_hold,0.0240928882438316,0.8529980657640225
2018-07-13,csi300_etf_buy_hold,0.001700680272108679,0.8544487427466142
2018-07-16,csi300_etf_buy_hold,-0.004244482173174746,0.8508220502901346
2018-07-17,csi300_etf_buy_hold,-0.006251776072747961,0.8455029013539643
2018-07-18,csi300_etf_buy_hold,-0.0045753503002573526,0.841634429400386
2018-07-19,csi300_etf_buy_hold,0.0005745475438092562,0.8421179883945833
2018-07-20,csi300_etf_buy_hold,0.019236290554119906,0.8583172147001925
2018-07-23,csi300_etf_buy_hold,0.006478873239436744,0.8638781431334615
2018-07-24,csi300_etf_buy_hold,0.018471872376154552,0.8798355899419721
2018-07-25,csi300_etf_buy_hold,-0.0002748007694420851,0.8795938104448735
2018-07-26,csi300_etf_buy_hold,-0.012919186366135205,0.8682301740812371
2018-07-27,csi300_etf_buy_hold,-0.0025062656641604564,0.8660541586073492
2018-07-30,csi300_etf_buy_hold,-0.005583472920156374,0.8612185686653763
2018-07-31,csi300_etf_buy_hold,0.0036496350364965124,0.8643617021276588
2018-08-01,csi300_etf_buy_hold,-0.02237762237762242,0.8450193423597672
2018-08-02,csi300_etf_buy_hold,-0.022317596566523656,0.8261605415860728
2018-08-03,csi300_etf_buy_hold,-0.014047410008779515,0.8145551257253378
2018-08-06,csi300_etf_buy_hold,-0.010388839418224993,0.8060928433268852
2018-08-07,csi300_etf_buy_hold,0.02789442111577678,0.8285783365570593
2018-08-08,csi300_etf_buy_hold,-0.014590020426028638,0.8164893617021269
2018-08-09,csi300_etf_buy_hold,0.023985786200769965,0.8360735009671173
2018-08-10,csi300_etf_buy_hold,0.001735106998264735,0.837524177949709
2018-08-13,csi300_etf_buy_hold,-0.004330254041570503,0.8338974854932293
2018-08-14,csi300_etf_buy_hold,-0.004349086691794679,0.8302707930367497
2018-08-15,csi300_etf_buy_hold,-0.023878858474082776,0.8104448742746606
2018-08-16,csi300_etf_buy_hold,-0.004176610978520179,0.8070599613152797
2018-08-17,csi300_etf_buy_hold,-0.01527860994607555,0.7947292069632487
2018-08-20,csi300_etf_buy_hold,0.010648007301490736,0.8031914893617013
2018-08-21,csi300_etf_buy_hold,0.017158338350391267,0.816972920696324
2018-08-22,csi300_etf_buy_hold,-0.0017756732761171623,0.8155222437137322
2018-08-23,csi300_etf_buy_hold,0.0029647198339757264,0.8179400386847187
2018-08-24,csi300_etf_buy_hold,0.0014779781259237623,0.8191489361702119
2018-08-27,csi300_etf_buy_hold,0.025088547815820483,0.8397001934235967
2018-08-28,csi300_etf_buy_hold,-0.0028793550244744504,0.8372823984526103
2018-08-29,csi300_etf_buy_hold,-0.003753970545769536,0.834139264990328
2018-08-30,csi300_etf_buy_hold,-0.009855072463768155,0.825918762088974
2018-08-31,csi300_etf_buy_hold,-0.007611241217798548,0.8196324951644092
2018-09-03,csi300_etf_buy_hold,-0.0020648967551623043,0.8179400386847187
2018-09-04,csi300_etf_buy_hold,0.011823825007389877,0.8276112185686645
2018-09-05,csi300_etf_buy_hold,-0.020449897750511203,0.8106866537717593
2018-09-06,csi300_etf_buy_hold,-0.008648971070683076,0.8036750483558985
2018-09-07,csi300_etf_buy_hold,0.00661853188929018,0.8089941972920689
2018-09-10,csi300_etf_buy_hold,-0.014345487148834435,0.7973887814313338
2018-09-11,csi300_etf_buy_hold,-0.0036385688295936802,0.7944874274661501
2018-09-12,csi300_etf_buy_hold,-0.0069993913572733435,0.7889264990328811
2018-09-13,csi300_etf_buy_hold,0.010726325467361297,0.7973887814313337
2018-09-14,csi300_etf_buy_hold,0.0015160703456640334,0.798597678916827
2018-09-17,csi300_etf_buy_hold,-0.009385407205570684,0.7911025145067689
2018-09-18,csi300_etf_buy_hold,0.0192542787286063,0.8063346228239836
2018-09-19,csi300_etf_buy_hold,0.013493253373313419,0.8172147001934227
2018-09-20,csi300_etf_buy_hold,-0.0005917159763313418,0.8167311411992254
2018-09-21,csi300_etf_buy_hold,0.031379514505624595,0.8423597678916819
2018-09-25,csi300_etf_buy_hold,-0.010045924225028702,0.8338974854932293
2018-09-26,csi300_etf_buy_hold,0.011017686285879957,0.8430851063829778
2018-09-27,csi300_etf_buy_hold,-0.004301691998852886,0.8394584139264981
2018-09-28,csi300_etf_buy_hold,0.010368663594469973,0.8481624758220493
2018-10-08,csi300_etf_buy_hold,-0.0476054732041048,0.8077852998065755
2018-10-09,csi300_etf_buy_hold,0.0020951810835079243,0.8094777562862661
2018-10-10,csi300_etf_buy_hold,-0.0005973715651134137,0.8089941972920688
2018-10-11,csi300_etf_buy_hold,-0.05140466228332341,0.7674081237911017
2018-10-12,csi300_etf_buy_hold,0.01858853182104614,0.7816731141199219
2018-10-15,csi300_etf_buy_hold,-0.014537581193937554,0.7703094777562856
2018-10-16,csi300_etf_buy_hold,-0.006591337099811634,0.765232108317214
2018-10-17,csi300_etf_buy_hold,0.003475513428120136,0.7678916827852992
2018-10-18,csi300_etf_buy_hold,-0.0220403022670026,0.7509671179883939
2018-10-19,csi300_etf_buy_hold,0.02543464262717321,0.7700676982591869
2018-10-22,csi300_etf_buy_hold,0.05274725274725278,0.8106866537717594
2018-10-23,csi300_etf_buy_hold,-0.03370116313748883,0.7833655705996124
2018-10-24,csi300_etf_buy_hold,0.0015432098765431057,0.7845744680851056
2018-10-25,csi300_etf_buy_hold,0.004930662557781185,0.7884429400386839
2018-10-26,csi300_etf_buy_hold,-0.010119595216191324,0.7804642166344286
2018-10-29,csi300_etf_buy_hold,-0.030049566294919616,0.7570116054158598
2018-10-30,csi300_etf_buy_hold,0.011817310763334588,0.7659574468085099
2018-10-31,csi300_etf_buy_hold,0.011679292929292817,0.7749032882011596
2018-11-01,csi300_etf_buy_hold,0.007176287051482211,0.7804642166344286
2018-11-02,csi300_etf_buy_hold,0.04182156133828996,0.8131044487427457
2018-11-05,csi300_etf_buy_hold,-0.012786202795123436,0.8027079303675039
2018-11-06,csi300_etf_buy_hold,-0.0063253012048192225,0.7976305609284323
2018-11-07,csi300_etf_buy_hold,-0.008184298272203794,0.7911025145067688
2018-11-08,csi300_etf_buy_hold,-0.000916870415647808,0.790377176015473
2018-11-09,csi300_etf_buy_hold,-0.012542061792597092,0.7804642166344286
2018-11-12,csi300_etf_buy_hold,0.011152416356877248,0.7891682785299797
2018-11-13,csi300_etf_buy_hold,0.01041666666666674,0.7973887814313337
2018-11-14,csi300_etf_buy_hold,-0.012128562765312267,0.7877176015473879
2018-11-15,csi300_etf_buy_hold,0.01319828115408228,0.7981141199226297
2018-11-16,csi300_etf_buy_hold,0.0030293850348379614,0.8005319148936162
2018-11-19,csi300_etf_buy_hold,0.011174871639987982,0.8094777562862662
2018-11-20,csi300_etf_buy_hold,-0.021804062126642765,0.791827852998065
2018-11-21,csi300_etf_buy_hold,0.0009160305343511865,0.792553191489361
2018-11-22,csi300_etf_buy_hold,-0.0027455765710798774,0.7903771760154732
2018-11-23,csi300_etf_buy_hold,-0.026001835423676956,0.7698259187620883
2018-11-26,csi300_etf_buy_hold,0.001570351758793942,0.7710348162475815
2018-11-27,csi300_etf_buy_hold,-0.0009407337723424947,0.7703094777562856
2018-11-28,csi300_etf_buy_hold,0.015065913370998052,0.7819148936170205
2018-11-29,csi300_etf_buy_hold,-0.009894867037724242,0.7741779497098638
2018-11-30,csi300_etf_buy_hold,0.010306058713304145,0.7821566731141191
2018-12-03,csi300_etf_buy_hold,0.025965996908809963,0.8024661508704054
2018-12-04,csi300_etf_buy_hold,0.0015064778547755342,0.8036750483558986
2018-12-05,csi300_etf_buy_hold,-0.004512635379061325,0.800048355899419
2018-12-06,csi300_etf_buy_hold,-0.020247809005741968,0.7838491295938097
2018-12-07,csi300_etf_buy_hold,-0.0021591610117212,0.7821566731141192
2018-12-10,csi300_etf_buy_hold,-0.009273570324574876,0.7749032882011598
2018-12-11,csi300_etf_buy_hold,0.004056162246489858,0.7780464216634422
2018-12-12,csi300_etf_buy_hold,0.003418272218769447,0.7807059961315272
2018-12-13,csi300_etf_buy_hold,0.01703313719417765,0.7940038684719527
2018-12-14,csi300_etf_buy_hold,-0.01735688185140072,0.7802224371373299
2018-12-17,csi300_etf_buy_hold,-0.0012395413696931756,0.7792553191489353
2018-12-18,csi300_etf_buy_hold,-0.01241079739373252,0.7695841392649895
2018-12-19,csi300_etf_buy_hold,-0.010367577756833168,0.7616054158607342
2018-12-20,csi300_etf_buy_hold,-0.0073015873015873645,0.7560444874274652
2018-12-21,csi300_etf_buy_hold,-0.012472017908538469,0.7466150870406181
2018-12-24,csi300_etf_buy_hold,0.00226683937823835,0.7483075435203086
2018-12-25,csi300_etf_buy_hold,-0.006138933764135768,0.7437137330754343
2018-12-26,csi300_etf_buy_hold,-0.005526657997399154,0.7396034816247574
2018-12-27,csi300_etf_buy_hold,-0.0022883295194507935,0.7379110251450669
2018-12-28,csi300_etf_buy_hold,0.002293577981651307,0.7396034816247574
2019-01-02,csi300_etf_buy_hold,-0.013729977116704872,0.7294487427466142
2019-01-03,csi300_etf_buy_hold,0.0,0.7294487427466142
2019-01-04,csi300_etf_buy_hold,0.025522041763341052,0.7480657640232099
2019-01-07,csi300_etf_buy_hold,0.004201680672269115,0.7512088974854925
2019-01-08,csi300_etf_buy_hold,0.0,0.7512088974854925
2019-01-09,csi300_etf_buy_hold,0.007402639201802286,0.7567698259187613
2019-01-10,csi300_etf_buy_hold,0.000958466453674145,0.7574951644100573
2019-01-11,csi300_etf_buy_hold,0.007341206511330967,0.7630560928433261
2019-01-14,csi300_etf_buy_hold,-0.008555133079847899,0.7565280464216627
2019-01-15,csi300_etf_buy_hold,0.01885586449344845,0.7707930367504828
2019-01-16,csi300_etf_buy_hold,-0.018506900878293653,0.7565280464216627
2019-01-17,csi300_etf_buy_hold,-0.005433045701502048,0.7524177949709857
2019-01-18,csi300_etf_buy_hold,0.01735218508997427,0.7654738878143126
2019-01-21,csi300_etf_buy_hold,0.005369551484523116,0.7695841392649896
2019-01-22,csi300_etf_buy_hold,-0.01256676091737352,0.7599129593810438
2019-01-23,csi300_etf_buy_hold,-0.0025453388482341577,0.7579787234042545
2019-01-24,csi300_etf_buy_hold,0.007655502392344582,0.7637814313346221
2019-01-25,csi300_etf_buy_hold,0.007597340930674212,0.7695841392649895
2019-01-28,csi300_etf_buy_hold,-0.0012566760917374076,0.7686170212765948
2019-01-29,csi300_etf_buy_hold,0.004403900597672372,0.772001934235976
2019-01-30,csi300_etf_buy_hold,-0.006576886940181659,0.7669245647969044
2019-01-31,csi300_etf_buy_hold,0.009457755359394637,0.7741779497098638
2019-02-01,csi300_etf_buy_hold,0.016552154903185512,0.7869922630560919
2019-02-11,csi300_etf_buy_hold,0.01382488479262678,0.797872340425531
2019-02-12,csi300_etf_buy_hold,0.0072727272727273196,0.8036750483558985
2019-02-13,csi300_etf_buy_hold,0.020758122743682383,0.8203578336557051
2019-02-14,csi300_etf_buy_hold,0.001178897730621964,0.8213249516440998
2019-02-15,csi300_etf_buy_hold,-0.016485133941713137,0.8077852998065758
2019-02-18,csi300_etf_buy_hold,0.029033223585752665,0.8312379110251443
2019-02-19,csi300_etf_buy_hold,-0.002617801047120505,0.8290618955512564
2019-02-20,csi300_etf_buy_hold,0.002624671916010568,0.8312379110251443
2019-02-21,csi300_etf_buy_hold,-0.0011634671320535084,0.8302707930367498
2019-02-22,csi300_etf_buy_hold,0.02679091438555603,0.8525145067698251
2019-02-25,csi300_etf_buy_hold,0.07061826432217821,0.912717601547388
2019-02-26,csi300_etf_buy_hold,-0.02251655629139071,0.8921663442940031
2019-02-27,csi300_etf_buy_hold,-0.005420054200542035,0.8873307543520301
2019-02-28,csi300_etf_buy_hold,-0.0019073569482289665,0.8856382978723395
2019-03-01,csi300_etf_buy_hold,0.02047502047502059,0.903771760154738
2019-03-04,csi300_etf_buy_hold,0.010433386837881198,0.9132011605415852
2019-03-05,csi300_etf_buy_hold,0.008472332539052108,0.9209381044487418
2019-03-06,csi300_etf_buy_hold,0.0068259385665527805,0.9272243713733065
2019-03-07,csi300_etf_buy_hold,-0.010951760104302433,0.9170696324951634
2019-03-08,csi300_etf_buy_hold,-0.0348009491167941,0.8851547388781421
2019-03-11,csi300_etf_buy_hold,0.01338432122370925,0.8970019342359756
2019-03-12,csi300_etf_buy_hold,0.006738544474393482,0.9030464216634417
2019-03-13,csi300_etf_buy_hold,-0.005890227576974549,0.8977272727272716
2019-03-14,csi300_etf_buy_hold,-0.007271747912739102,0.8911992263056081
2019-03-15,csi300_etf_buy_hold,0.01329354313619091,0.9030464216634416
2019-03-18,csi300_etf_buy_hold,0.030789825970549023,0.930851063829786
2019-03-19,csi300_etf_buy_hold,-0.0072727272727273196,0.9240812379110239
2019-03-20,csi300_etf_buy_hold,0.0,0.9240812379110239
2019-03-21,csi300_etf_buy_hold,0.0005232862375719183,0.9245647969052212
2019-03-22,csi300_etf_buy_hold,0.0013075313807531241,0.9257736943907144
2019-03-25,csi300_etf_buy_hold,-0.024810655523635483,0.902804642166343
2019-03-26,csi300_etf_buy_hold,-0.010444563470808799,0.8933752417794959
2019-03-27,csi300_etf_buy_hold,0.008660351826792922,0.9011121856866525
2019-03-28,csi300_etf_buy_hold,-0.0026831231553527957,0.8986943907156661
2019-03-29,csi300_etf_buy_hold,0.0408931934355663,0.9354448742746603
2019-04-01,csi300_etf_buy_hold,0.025846471956577854,0.9596228239845248
2019-04-02,csi300_etf_buy_hold,-0.0017636684303350414,0.9579303675048343
2019-04-03,csi300_etf_buy_hold,0.01337708228167589,0.9707446808510625
2019-04-04,csi300_etf_buy_hold,0.011706102117061246,0.982108317214699
2019-04-08,csi300_etf_buy_hold,-0.00640078778926656,0.975822050290134
2019-04-09,csi300_etf_buy_hold,0.005946481665014769,0.9816247582205014
2019-04-10,csi300_etf_buy_hold,0.001477832512315258,0.9830754352030933
2019-04-11,csi300_etf_buy_hold,-0.01721593703885882,0.9661508704061881
2019-04-12,csi300_etf_buy_hold,-0.00350350350350348,0.962765957446807
2019-04-15,csi300_etf_buy_hold,-0.006278252134605866,0.9567214700193407
2019-04-16,csi300_etf_buy_hold,0.030326004548900665,0.9857350096711782
2019-04-17,csi300_etf_buy_hold,-0.002452783909737466,0.9833172147001918
2019-04-18,csi300_etf_buy_hold,-0.001721170395869276,0.9816247582205012
2019-04-19,csi300_etf_buy_hold,0.014778325123152802,0.99613152804642
2019-04-22,csi300_etf_buy_hold,-0.02499999999999991,0.9712282398452596
2019-04-23,csi300_etf_buy_hold,-0.0017425939756038344,0.969535783365569
2019-04-24,csi300_etf_buy_hold,0.0014962593516210099,0.9709864603481609
2019-04-25,csi300_etf_buy_hold,-0.020667330677290874,0.9509187620889733
2019-04-26,csi300_etf_buy_hold,-0.013729977116704761,0.9378626692456464
2019-04-29,csi300_etf_buy_hold,0.003866976024748725,0.9414893617021262
2019-04-30,csi300_etf_buy_hold,0.0005136106831020726,0.9419729206963233
2019-05-06,csi300_etf_buy_hold,-0.05723819301848043,0.8880560928433254
2019-05-07,csi300_etf_buy_hold,0.009256738361012706,0.8962765957446793
2019-05-08,csi300_etf_buy_hold,-0.012948475856487729,0.8846711798839443
2019-05-09,csi300_etf_buy_hold,-0.014211533205793825,0.8720986460348148
2019-05-10,csi300_etf_buy_hold,0.03132797338508464,0.8994197292069618
2019-05-13,csi300_etf_buy_hold,-0.018279569892473146,0.8829787234042539
2019-05-14,csi300_etf_buy_hold,-0.004928806133625452,0.8786266924564782
2019-05-15,csi300_etf_buy_hold,0.021463951568519546,0.8974854932301726
2019-05-16,csi300_etf_buy_hold,0.004849137931034475,0.9018375241779482
2019-05-17,csi300_etf_buy_hold,-0.02252010723860587,0.8815280464216619
2019-05-20,csi300_etf_buy_hold,-0.010970927043335132,0.8718568665377161
2019-05-21,csi300_etf_buy_hold,0.012479201331114798,0.8827369439071552
2019-05-22,csi300_etf_buy_hold,-0.0024650780608052036,0.8805609284332674
2019-05-23,csi300_etf_buy_hold,-0.0159253157605711,0.866537717601546
2019-05-24,csi300_etf_buy_hold,0.0016741071428569843,0.8679883945841377
2019-05-27,csi300_etf_buy_hold,0.011977715877437456,0.8783849129593796
2019-05-28,csi300_etf_buy_hold,0.0046793283787502915,0.8824951644100565
2019-05-29,csi300_etf_buy_hold,0.0005479452054795164,0.8829787234042539
2019-05-30,csi300_etf_buy_hold,-0.0005476451259583959,0.8824951644100566
2019-05-31,csi300_etf_buy_hold,-0.004931506849314982,0.878143133462281
2019-06-03,csi300_etf_buy_hold,0.0022026431718060735,0.8800773694390701
2019-06-04,csi300_etf_buy_hold,-0.009065934065934034,0.8720986460348148
2019-06-05,csi300_etf_buy_hold,-0.0022179096201829784,0.8701644100580256
2019-06-06,csi300_etf_buy_hold,-0.008613503751041973,0.8626692456479675
2019-06-10,csi300_etf_buy_hold,0.012892376681614248,0.8737911025145052
2019-06-11,csi300_etf_buy_hold,0.03126729385722182,0.9011121856866521
2019-06-12,csi300_etf_buy_hold,-0.007512744834987983,0.89434235976789
2019-06-13,csi300_etf_buy_hold,-0.0018924033522572659,0.8926499032881996
2019-06-14,csi300_etf_buy_hold,-0.005958829902491969,0.8873307543520293
2019-06-17,csi300_etf_buy_hold,0.0008174386920980492,0.8880560928433252
2019-06-18,csi300_etf_buy_hold,0.0021780560849442576,0.8899903288201144
2019-06-19,csi300_etf_buy_hold,0.014669926650366705,0.9030464216634413
2019-06-20,csi300_etf_buy_hold,0.028915662650602414,0.929158607350095
2019-06-21,csi300_etf_buy_hold,0.0018214936247722413,0.9308510638297854
2019-06-24,csi300_etf_buy_hold,0.0015584415584415368,0.9323017408123773
2019-06-25,csi300_etf_buy_hold,-0.010114107883817391,0.9228723404255301
2019-06-26,csi300_etf_buy_hold,0.00026198585276393516,0.9231141199226287
2019-06-27,csi300_etf_buy_hold,0.011000523834468368,0.9332688588007719
2019-06-28,csi300_etf_buy_hold,-0.0002590673575129099,0.9330270793036733
2019-07-01,csi300_etf_buy_hold,0.0246177766260689,0.9559961315280446
2019-07-02,csi300_etf_buy_hold,0.0015174506828528056,0.9574468085106365
2019-07-03,csi300_etf_buy_hold,-0.008333333333333304,0.9494680851063811
2019-07-04,csi300_etf_buy_hold,-0.006620830150241952,0.9431818181818163
2019-07-05,csi300_etf_buy_hold,0.005126890540886997,0.9480174081237893
2019-07-08,csi300_etf_buy_hold,-0.02295332823259366,0.9262572533849113
2019-07-09,csi300_etf_buy_hold,-0.002349256068911454,0.9240812379110235
2019-07-10,csi300_etf_buy_hold,0.0002616431187858481,0.9243230174081221
2019-07-11,csi300_etf_buy_hold,0.0002615746795708862,0.9245647969052205
2019-07-12,csi300_etf_buy_hold,0.008106694560669592,0.9320599613152787
2019-07-15,csi300_etf_buy_hold,0.0036316472114137355,0.9354448742746597
2019-07-16,csi300_etf_buy_hold,-0.00413543551305251,0.9315764023210813
2019-07-17,csi300_etf_buy_hold,-0.0015572281339216731,0.9301257253384894
2019-07-18,csi300_etf_buy_hold,-0.006498570314530827,0.9240812379110233
2019-07-19,csi300_etf_buy_hold,0.010465724751439032,0.9337524177949691
2019-07-22,csi300_etf_buy_hold,-0.007767995857068888,0.9264990328820097
2019-07-23,csi300_etf_buy_hold,0.0023486430062631403,0.9286750483558976
2019-07-24,csi300_etf_buy_hold,0.008070814891955047,0.9361702127659555
2019-07-25,csi300_etf_buy_hold,0.009039256198347223,0.9446324951644082
2019-07-26,csi300_etf_buy_hold,0.0012797542871767487,0.9458413926499013
2019-07-29,csi300_etf_buy_hold,-0.0015337423312883347,0.9443907156673095
2019-07-30,csi300_etf_buy_hold,0.004608294930875445,0.948742746615085
2019-07-31,csi300_etf_buy_hold,-0.007135575942915362,0.9419729206963229
2019-08-01,csi300_etf_buy_hold,-0.00924024640657084,0.9332688588007716
2019-08-02,csi300_etf_buy_hold,-0.015284974093264125,0.9190038684719516
2019-08-05,csi300_etf_buy_hold,-0.017363851617995363,0.9030464216634408
2019-08-06,csi300_etf_buy_hold,-0.010441767068273045,0.8936170212765937
2019-08-07,csi300_etf_buy_hold,-0.006493506493506551,0.8878143133462262
2019-08-08,csi300_etf_buy_hold,0.014705882352941124,0.9008704061895529
2019-08-09,csi300_etf_buy_hold,-0.007783145464304808,0.8938588007736923
2019-08-12,csi300_etf_buy_hold,0.015958885582904925,0.9081237911025123
2019-08-13,csi300_etf_buy_hold,-0.008519701810436486,0.9003868471953558
2019-08-14,csi300_etf_buy_hold,0.003759398496240518,0.9037717601547367
2019-08-15,csi300_etf_buy_hold,0.0040128410914928025,0.9073984526112164
2019-08-16,csi300_etf_buy_hold,0.004263256061817211,0.9112669245647947
2019-08-19,csi300_etf_buy_hold,0.02387901300079598,0.9330270793036729
2019-08-20,csi300_etf_buy_hold,-0.0041461518528116414,0.9291586073500946
2019-08-21,csi300_etf_buy_hold,-0.0002602133749673996,0.928916827852996
2019-08-22,csi300_etf_buy_hold,0.0020822488287350893,0.9308510638297852
2019-08-23,csi300_etf_buy_hold,0.007012987012986915,0.9373791102514486
2019-08-26,csi300_etf_buy_hold,-0.011091049780758255,0.9269825918762069
2019-08-27,csi300_etf_buy_hold,0.010432968179447055,0.9366537717601527
2019-08-28,csi300_etf_buy_hold,-0.0030975735673722804,0.933752417794969
2019-08-29,csi300_etf_buy_hold,-0.002848265147591955,0.9310928433268838
2019-08-30,csi300_etf_buy_hold,0.002596728122565617,0.9335106382978703
2019-09-02,csi300_etf_buy_hold,0.011137011137011044,0.943907156673112
2019-09-03,csi300_etf_buy_hold,0.0010245901639345245,0.9448742746615066
2019-09-04,csi300_etf_buy_hold,0.01253838280450359,0.9567214700193403
2019-09-05,csi300_etf_buy_hold,0.009350518069244362,0.9656673114119901
2019-09-06,csi300_etf_buy_hold,0.006760140210315457,0.9721953578336535
2019-09-09,csi300_etf_buy_hold,0.003979109674210335,0.9760638297872318
2019-09-10,csi300_etf_buy_hold,-0.0027247956403270157,0.9734042553191466
2019-09-11,csi300_etf_buy_hold,-0.0072031793343269035,0.9663926499032859
2019-09-12,csi300_etf_buy_hold,0.010257693269952517,0.9763056092843304
2019-09-16,csi300_etf_buy_hold,-0.0034670629024270427,0.9729206963249493
2019-09-17,csi300_etf_buy_hold,-0.018141153081510875,0.9552707930367482
2019-09-18,csi300_etf_buy_hold,0.004302708175145442,0.9593810444874251
2019-09-19,csi300_etf_buy_hold,0.004788306451612989,0.9639748549322995
2019-09-20,csi300_etf_buy_hold,0.0015048908954100604,0.9654255319148913
2019-09-23,csi300_etf_buy_hold,-0.008765339343851708,0.9569632495164387
2019-09-24,csi300_etf_buy_hold,0.000757958564931771,0.9576885880077347
2019-09-25,csi300_etf_buy_hold,-0.0068164604897752445,0.9511605415860713
2019-09-26,csi300_etf_buy_hold,-0.00686324351804779,0.944632495164408
2019-09-27,csi300_etf_buy_hold,0.0023035577169183696,0.9468085106382957
2019-09-30,csi300_etf_buy_hold,-0.012002042900919219,0.9354448742746595
2019-10-08,csi300_etf_buy_hold,0.006461617989144353,0.9414893617021255
2019-10-09,csi300_etf_buy_hold,0.0028248587570620654,0.9441489361702106
2019-10-10,csi300_etf_buy_hold,0.007170294494238227,0.9509187620889727
2019-10-11,csi300_etf_buy_hold,0.012204424103737566,0.9625241779497077
2019-10-14,csi300_etf_buy_hold,0.007284601858829509,0.9695357833655684
2019-10-15,csi300_etf_buy_hold,-0.0032418952618453734,0.9663926499032861
2019-10-16,csi300_etf_buy_hold,-0.003502626970227629,0.9630077369439051
2019-10-17,csi300_etf_buy_hold,0.001506402209389801,0.9644584139264969
2019-10-18,csi300_etf_buy_hold,-0.014539984958636176,0.9504352030947755
2019-10-21,csi300_etf_buy_hold,0.0022894937674891036,0.9526112185686632
2019-10-22,csi300_etf_buy_hold,0.0038071065989848663,0.9562379110251429
2019-10-23,csi300_etf_buy_hold,-0.005309734513274322,0.9511605415860713
2019-10-24,csi300_etf_buy_hold,0.0012709710218605785,0.9523694390715645
2019-10-25,csi300_etf_buy_hold,0.006092916984006047,0.9581721470019319
2019-10-28,csi300_etf_buy_hold,0.005803684077718918,0.9637330754352007
2019-10-29,csi300_etf_buy_hold,-0.0032614149523332303,0.9605899419729182
2019-10-30,csi300_etf_buy_hold,-0.0065441731688899996,0.9543036750483535
2019-10-31,csi300_etf_buy_hold,-0.0005067139599697068,0.9538201160541561
2019-11-01,csi300_etf_buy_hold,0.020532319391634912,0.9734042553191463
2019-11-04,csi300_etf_buy_hold,0.0032290114257327307,0.9765473887814287
2019-11-05,csi300_etf_buy_hold,0.0056944788313939565,0.9821083172146976
2019-11-06,csi300_etf_buy_hold,-0.004185130477597276,0.9779980657640206
2019-11-07,csi300_etf_buy_hold,0.0012360939431397266,0.9792069632495138
2019-11-08,csi300_etf_buy_hold,-0.00395061728395063,0.9753384912959355
2019-11-11,csi300_etf_buy_hold,-0.016608824987605297,0.9591392649903263
2019-11-12,csi300_etf_buy_hold,-0.001260398285858333,0.9579303675048331
2019-11-13,csi300_etf_buy_hold,-0.0007571933366986583,0.9572050290135371
2019-11-14,csi300_etf_buy_hold,0.0007577671129073149,0.9579303675048331
2019-11-15,csi300_etf_buy_hold,-0.0047955577990913545,0.9533365570599588
2019-11-18,csi300_etf_buy_hold,0.007101191985797728,0.960106382978721
2019-11-19,csi300_etf_buy_hold,0.010073029463611105,0.9697775628626667
2019-11-20,csi300_etf_buy_hold,-0.010221889803041617,0.9598646034816223
2019-11-21,csi300_etf_buy_hold,-0.005037783375314908,0.9550290135396493
2019-11-22,csi300_etf_buy_hold,-0.010632911392405076,0.9448742746615062
2019-11-25,csi300_etf_buy_hold,0.007164790174001956,0.9516441005802682
2019-11-26,csi300_etf_buy_hold,0.001524390243902607,0.9530947775628602
2019-11-27,csi300_etf_buy_hold,-0.0015220700152207556,0.9516441005802683
2019-11-28,csi300_etf_buy_hold,-0.0015243902439023849,0.9501934235976764
2019-11-29,csi300_etf_buy_hold,-0.010941475826972025,0.9397969052224346
2019-12-02,csi300_etf_buy_hold,0.0020581425263699327,0.9417311411992237
2019-12-03,csi300_etf_buy_hold,0.004107830551989711,0.945599613152802
2019-12-04,csi300_etf_buy_hold,0.0005113781641523651,0.9460831721469993
2019-12-05,csi300_etf_buy_hold,0.007411193457705245,0.9530947775628602
2019-12-06,csi300_etf_buy_hold,0.0060882800608828,0.9588974854932277
2019-12-09,csi300_etf_buy_hold,-0.0032778618255169256,0.9557543520309453
2019-12-10,csi300_etf_buy_hold,0.0007589172780166908,0.9564796905222412
2019-12-11,csi300_etf_buy_hold,-0.014155712841253831,0.9429400386847171
2019-12-12,csi300_etf_buy_hold,-0.002820512820512877,0.9402804642166319
2019-12-13,csi300_etf_buy_hold,0.020313705322705156,0.959381044487425
2019-12-16,csi300_etf_buy_hold,0.003024193548387011,0.9622823984526087
2019-12-17,csi300_etf_buy_hold,0.015577889447236037,0.9772727272727245
2019-12-18,csi300_etf_buy_hold,-0.003711034141513969,0.973646034816245
2019-12-19,csi300_etf_buy_hold,-0.0017382666997766139,0.9719535783365544
2019-12-20,csi300_etf_buy_hold,-0.0009950248756217528,0.9709864603481599
2019-12-23,csi300_etf_buy_hold,-0.01294820717131473,0.9584139264990303
2019-12-24,csi300_etf_buy_hold,0.005297679112008069,0.9634912959381019
2019-12-25,csi300_etf_buy_hold,0.0017565872020075535,0.9651837524177924
2019-12-26,csi300_etf_buy_hold,0.007264529058116143,0.9721953578336531
2019-12-27,csi300_etf_buy_hold,-0.0009947774185524727,0.9712282398452586
2019-12-30,csi300_etf_buy_hold,0.014438635797858979,0.98525145067698
2019-12-31,csi300_etf_buy_hold,0.005153374233128893,0.9903288201160516
2020-01-02,csi300_etf_buy_hold,0.012939453125,1.0031431334622798
2020-01-03,csi300_etf_buy_hold,-0.002410219329958996,1.0007253384912933
2020-01-06,csi300_etf_buy_hold,-0.003865668035757386,0.996856866537715
2020-01-07,csi300_etf_buy_hold,0.007761338830948317,1.0045938104448717
2020-01-08,csi300_etf_buy_hold,-0.009867629362214303,0.9946808510638272
2020-01-09,csi300_etf_buy_hold,0.010695187165775444,1.0053191489361677
2020-01-10,csi300_etf_buy_hold,-0.00024050024050037422,1.005077369439069
2020-01-13,csi300_etf_buy_hold,0.010825114265095026,1.015957446808508
2020-01-14,csi300_etf_buy_hold,-0.004283674440742402,1.0116054158607324
2020-01-15,csi300_etf_buy_hold,-0.007648183556405397,1.0038684719535758
2020-01-16,csi300_etf_buy_hold,-0.0014450867052023808,1.0024177949709838
2020-01-17,csi300_etf_buy_hold,0.001205981669078593,1.003626692456477
2020-01-20,csi300_etf_buy_hold,0.00722717417489771,1.0108800773694364
2020-01-21,csi300_etf_buy_hold,-0.018177469504903065,0.9925048355899394
2020-01-22,csi300_etf_buy_hold,0.003410475030450444,0.9958897485493202
2020-01-23,csi300_etf_buy_hold,-0.029861616897305154,0.9661508704061869
2020-02-03,csi300_etf_buy_hold,-0.08433433433433435,0.8846711798839434
2020-02-04,csi300_etf_buy_hold,0.03033615742006024,0.9115087040618931
2020-02-05,csi300_etf_buy_hold,0.009814323607427067,0.920454545454543
2020-02-06,csi300_etf_buy_hold,0.023640661938534313,0.9422147001934211
2020-02-07,csi300_etf_buy_hold,-0.002309468822170868,0.9400386847195333
2020-02-10,csi300_etf_buy_hold,0.003343621399176877,0.9431818181818157
2020-02-11,csi300_etf_buy_hold,0.010766470135862738,0.9533365570599589
2020-02-12,csi300_etf_buy_hold,0.007101191985797728,0.9601063829787211
2020-02-13,csi300_etf_buy_hold,-0.00528834046839588,0.9550290135396495
2020-02-14,csi300_etf_buy_hold,0.0068354430379746756,0.9615570599613129
2020-02-17,csi300_etf_buy_hold,0.021875785768167066,0.9825918762088952
2020-02-18,csi300_etf_buy_hold,-0.006151574803149651,0.976547388781429
2020-02-19,csi300_etf_buy_hold,0.0002475860361477178,0.9767891682785278
2020-02-20,csi300_etf_buy_hold,0.022524752475247656,0.9987911025145046
2020-02-21,csi300_etf_buy_hold,0.003389009924957387,1.0021760154738855
2020-02-24,csi300_etf_buy_hold,-0.007961399276236292,0.9941972920696303
2020-02-25,csi300_etf_buy_hold,-0.0019455252918287869,0.992263056092841
2020-02-26,csi300_etf_buy_hold,-0.00828460038986345,0.9840425531914871
2020-02-27,csi300_etf_buy_hold,0.00024570024570014226,0.9842843326885857
2020-02-28,csi300_etf_buy_hold,-0.03389830508474578,0.9509187620889726
2020-03-02,csi300_etf_buy_hold,0.03635901347571813,0.9854932301740787
2020-03-03,csi300_etf_buy_hold,-0.0007360157016681468,0.984767891682783
2020-03-04,csi300_etf_buy_hold,0.0071200589246256385,0.9917794970986438
2020-03-05,csi300_etf_buy_hold,0.023890784982935065,1.015473887814311
2020-03-06,csi300_etf_buy_hold,-0.01880952380952372,0.9963733075435182
2020-03-09,csi300_etf_buy_hold,-0.031788400873574374,0.9647001934235956
2020-03-10,csi300_etf_buy_hold,0.02205513784461144,0.9859767891682764
2020-03-11,csi300_etf_buy_hold,-0.016429622363903884,0.9697775628626671
2020-03-12,csi300_etf_buy_hold,-0.015706806282722585,0.9545454545454524
2020-03-13,csi300_etf_buy_hold,-0.014944275582573496,0.9402804642166323
2020-03-16,csi300_etf_buy_hold,-0.041913088197480075,0.900870406189553
2020-03-17,csi300_etf_buy_hold,-0.008856682769726176,0.8928916827852978
2020-03-18,csi300_etf_buy_hold,-0.016788518819388143,0.8779013539651818
2020-03-19,csi300_etf_buy_hold,-0.009639217846323267,0.8694390715667292
2020-03-20,csi300_etf_buy_hold,0.013348164627363657,0.8810444874274641
2020-03-23,csi300_etf_buy_hold,-0.032381997804610374,0.8525145067698239
2020-03-24,csi300_etf_buy_hold,0.024106636415201388,0.8730657640232088
2020-03-25,csi300_etf_buy_hold,0.026308501800055284,0.89603481624758
2020-03-26,csi300_etf_buy_hold,-0.006206152185644909,0.8904738878143111
2020-03-27,csi300_etf_buy_hold,0.0046158023350530986,0.8945841392649883
2020-03-30,csi300_etf_buy_hold,-0.009189189189189206,0.8863636363636342
2020-03-31,csi300_etf_buy_hold,0.0008183306055646877,0.8870889748549302
2020-04-01,csi300_etf_buy_hold,0.0010902153175251783,0.8880560928433248
2020-04-02,csi300_etf_buy_hold,0.013612850530901222,0.9001450676982571
2020-04-03,csi300_etf_buy_hold,-0.006983615363953755,0.8938588007736924
2020-04-07,csi300_etf_buy_hold,0.022450635650527406,0.9139264990328799
2020-04-08,csi300_etf_buy_hold,-0.003968253968253843,0.9102998065764003
2020-04-09,csi300_etf_buy_hold,0.0029216467463477613,0.9129593810444853
2020-04-10,csi300_etf_buy_hold,-0.0031779661016949623,0.9100580270793015
2020-04-13,csi300_etf_buy_hold,-0.005579171094580171,0.9049806576402301
2020-04-14,csi300_etf_buy_hold,0.016564253272775886,0.9199709864603461
2020-04-15,csi300_etf_buy_hold,-0.005781865965834521,0.9146518375241759
2020-04-16,csi300_etf_buy_hold,0.0005286809410520732,0.9151353965183732
2020-04-17,csi300_etf_buy_hold,0.008982826948480849,0.9233558994197271
2020-04-20,csi300_etf_buy_hold,0.004189578423671181,0.9272243713733055
2020-04-21,csi300_etf_buy_hold,-0.010430247718383301,0.9175531914893597
2020-04-22,csi300_etf_buy_hold,0.008959156785243838,0.9257736943907137
2020-04-23,csi300_etf_buy_hold,-0.001828153564899515,0.924081237911023
2020-04-24,csi300_etf_buy_hold,-0.008372579801151248,0.9163442940038664
2020-04-27,csi300_etf_buy_hold,0.004485488126648951,0.9204545454545433
2020-04-28,csi300_etf_buy_hold,0.0063041765169424835,0.9262572533849108
2020-04-29,csi300_etf_buy_hold,0.005220569042025502,0.9310928433268837
2020-04-30,csi300_etf_buy_hold,0.014801350298623728,0.9448742746615065
2020-05-06,csi300_etf_buy_hold,0.0025588536335721113,0.9472920696324929
2020-05-07,csi300_etf_buy_hold,-0.0017866258295048398,0.9455996131528024
2020-05-08,csi300_etf_buy_hold,0.010738941447200112,0.9557543520309454
2020-05-11,csi300_etf_buy_hold,-0.0017708069820389083,0.9540618955512549
2020-05-12,csi300_etf_buy_hold,-0.00025342118601123786,0.9538201160541562
2020-05-13,csi300_etf_buy_hold,0.0022813688212928174,0.955996131528044
2020-05-14,csi300_etf_buy_hold,-0.008345978755690542,0.9480174081237885
2020-05-15,csi300_etf_buy_hold,-0.004845702626880777,0.9434235976789144
2020-05-18,csi300_etf_buy_hold,0.003075345976422339,0.9463249516440981
2020-05-19,csi300_etf_buy_hold,0.007409299948901271,0.9533365570599588
2020-05-20,csi300_etf_buy_hold,-0.004057823991884368,0.9494680851063805
2020-05-21,csi300_etf_buy_hold,-0.006620830150241952,0.9431818181818157
2020-05-22,csi300_etf_buy_hold,-0.022045629325813887,0.9223887814313322
2020-05-25,csi300_etf_buy_hold,0.0005242463958061716,0.9228723404255296
2020-05-26,csi300_etf_buy_hold,0.012051349227141683,0.9339941972920672
2020-05-27,csi300_etf_buy_hold,-0.004659590991457407,0.9296421663442916
2020-05-28,csi300_etf_buy_hold,0.0013003901170349774,0.9308510638297848
2020-05-29,csi300_etf_buy_hold,0.004155844155844246,0.9347195357833632
2020-06-01,csi300_etf_buy_hold,0.026383859286083666,0.9593810444874249
2020-06-02,csi300_etf_buy_hold,0.00277217741935476,0.96204061895551
2020-06-03,csi300_etf_buy_hold,-0.00025131942699163634,0.9617988394584114
2020-06-04,csi300_etf_buy_hold,0.0005027652086475598,0.9622823984526087
2020-06-05,csi300_etf_buy_hold,0.005778894472361795,0.9678433268858775
2020-06-08,csi300_etf_buy_hold,0.00474644016987269,0.9724371373307519
2020-06-09,csi300_etf_buy_hold,0.006713078070611722,0.9789651837524154
2020-06-10,csi300_etf_buy_hold,-0.0022227710545814627,0.9767891682785275
2020-06-11,csi300_etf_buy_hold,-0.009158415841584167,0.9678433268858776
2020-06-12,csi300_etf_buy_hold,0.0024981264051959773,0.970261121856864
2020-06-15,csi300_etf_buy_hold,-0.014203837528033891,0.9564796905222411
2020-06-16,csi300_etf_buy_hold,0.01567239635995943,0.971470019342357
2020-06-17,csi300_etf_buy_hold,0.0009955201592832807,0.9724371373307517
2020-06-18,csi300_etf_buy_hold,0.007707608155146595,0.9799323017408096
2020-06-19,csi300_etf_buy_hold,0.012830002467308255,0.9925048355899392
2020-06-22,csi300_etf_buy_hold,0.0009744214372715554,0.9934719535783337
2020-06-23,csi300_etf_buy_hold,0.00462399610610853,0.998065764023208
2020-06-24,csi300_etf_buy_hold,0.008720930232557933,1.006769825918759
2020-06-29,csi300_etf_buy_hold,-0.008645533141210304,0.9980657640232078
2020-06-30,csi300_etf_buy_hold,0.012112403100775104,1.01015473887814
2020-07-01,csi300_etf_buy_hold,0.022498803255146083,1.0328820116054127
2020-07-02,csi300_etf_buy_hold,0.02294007490636707,1.05657640232108
2020-07-03,csi300_etf_buy_hold,0.01990846681922198,1.0776112185686622
2020-07-06,csi300_etf_buy_hold,0.07336773614538927,1.1566731141199191
2020-07-07,csi300_etf_buy_hold,-0.010033444816053505,1.145067698259184
2020-07-08,csi300_etf_buy_hold,0.013091216216216228,1.1600580270793002
2020-07-09,csi300_etf_buy_hold,0.01542309295539801,1.1779497098646
2020-07-10,csi300_etf_buy_hold,-0.017857142857142794,1.156914893617018
2020-07-13,csi300_etf_buy_hold,0.020898641588296796,1.1810928433268826
2020-07-14,csi300_etf_buy_hold,-0.008802456499488298,1.1706963249516407
2020-07-15,csi300_etf_buy_hold,-0.011978521272201559,1.1566731141199194
2020-07-16,csi300_etf_buy_hold,-0.04765886287625409,1.1015473887814282
2020-07-17,csi300_etf_buy_hold,0.010755048287971913,1.1133945841392618
2020-07-20,csi300_etf_buy_hold,0.026492942453854473,1.1428916827852966
2020-07-21,csi300_etf_buy_hold,0.0025386079966152053,1.1457930367504805
2020-07-22,csi300_etf_buy_hold,0.011183794049377527,1.1586073500967087
2020-07-23,csi300_etf_buy_hold,-0.005425709515859745,1.152321083172144
2020-07-24,csi300_etf_buy_hold,-0.044481745698699116,1.1010638297872313
2020-07-27,csi300_etf_buy_hold,0.0061484409310494925,1.1078336557059931
2020-07-28,csi300_etf_buy_hold,0.007638585770405992,1.1162959381044457
2020-07-29,csi300_etf_buy_hold,0.028589993502274202,1.148210831721467
2020-07-30,csi300_etf_buy_hold,-0.007369972625815846,1.1397485493230146
2020-07-31,csi300_etf_buy_hold,0.007636826474331615,1.1484526112185656
2020-08-03,csi300_etf_buy_hold,0.015789473684210575,1.166586073500964
2020-08-04,csi300_etf_buy_hold,0.000829015544041356,1.1675531914893587
2020-08-05,csi300_etf_buy_hold,0.00041416442327624203,1.1680367504835563
2020-08-06,csi300_etf_buy_hold,-0.003725936659076945,1.1636847195357805
2020-08-07,csi300_etf_buy_hold,-0.009972989819239553,1.1520793036750454
2020-08-10,csi300_etf_buy_hold,0.003357817418677911,1.1559477756286238
2020-08-11,csi300_etf_buy_hold,-0.0098305793766994,1.1445841392649876
2020-08-12,csi300_etf_buy_hold,-0.006759611322348924,1.136847195357831
2020-08-13,csi300_etf_buy_hold,-0.0031901318587834737,1.1332205029013513
2020-08-14,csi300_etf_buy_hold,0.01941540430979294,1.1552224371373279
2020-08-17,csi300_etf_buy_hold,0.020719966513185417,1.1791586073500937
2020-08-18,csi300_etf_buy_hold,-0.0014353085913471064,1.1774661508704032
2020-08-19,csi300_etf_buy_hold,-0.015605749486653053,1.159090909090906
2020-08-20,csi300_etf_buy_hold,-0.010638297872340274,1.1467601547388753
2020-08-21,csi300_etf_buy_hold,0.008433480919249448,1.1564313346228212
2020-08-24,csi300_etf_buy_hold,0.006272214091574302,1.1636847195357805
2020-08-25,csi300_etf_buy_hold,0.0018699355911075966,1.1658607350096686
2020-08-26,csi300_etf_buy_hold,-0.012235586893405315,1.1515957446808485
2020-08-27,csi300_etf_buy_hold,0.0075582615998321945,1.1602998065763999
2020-08-28,csi300_etf_buy_hold,0.024588455928318265,1.1888297872340399
2020-08-31,csi300_etf_buy_hold,-0.008745169818995313,1.1784332688587982
2020-09-01,csi300_etf_buy_hold,0.006975789905621754,1.1866537717601522
2020-09-02,csi300_etf_buy_hold,-0.0008149959250204342,1.1856866537717576
2020-09-03,csi300_etf_buy_hold,-0.004078303425774754,1.1808510638297849
2020-09-04,csi300_etf_buy_hold,-0.011261261261261368,1.1675531914893593
2020-09-07,csi300_etf_buy_hold,-0.020086974528887858,1.1441005802707909
2020-09-08,csi300_etf_buy_hold,0.00507185122569731,1.1499032882011584
2020-09-09,csi300_etf_buy_hold,-0.023338940285954735,1.1230657640232085
2020-09-10,csi300_etf_buy_hold,0.0008611410118408713,1.1240328820116032
2020-09-11,csi300_etf_buy_hold,0.007743600774360093,1.1327369439071544
2020-09-14,csi300_etf_buy_hold,0.005763073639274419,1.139264990328818
2020-09-15,csi300_etf_buy_hold,0.007427843803056167,1.1477272727272707
2020-09-16,csi300_etf_buy_hold,-0.005898462186644138,1.1409574468085086
2020-09-17,csi300_etf_buy_hold,-0.006145369781733412,1.133945841392648
2020-09-18,csi300_etf_buy_hold,0.025799573560767453,1.163201160541584
2020-09-21,csi300_etf_buy_hold,-0.011432134691332307,1.1499032882011586
2020-09-22,csi300_etf_buy_hold,-0.01198486122792275,1.1361218568665357
2020-09-23,csi300_etf_buy_hold,0.002979357310066044,1.1395067698259167
2020-09-24,csi300_etf_buy_hold,-0.016337789093995303,1.120889748549321
2020-09-25,csi300_etf_buy_hold,0.000647109577221805,1.121615087040617
2020-09-28,csi300_etf_buy_hold,0.002155636990730736,1.1240328820116035
2020-09-29,csi300_etf_buy_hold,0.0023661002366099915,1.1266924564796885
2020-09-30,csi300_etf_buy_hold,-0.0030042918454936673,1.1233075435203073
2020-10-09,csi300_etf_buy_hold,0.020017219113215745,1.1457930367504814
2020-10-12,csi300_etf_buy_hold,0.03123021734543152,1.1815764023210809
2020-10-13,csi300_etf_buy_hold,0.003273992224268385,1.185444874274659
2020-10-14,csi300_etf_buy_hold,-0.004894962267999237,1.1796421663442915
2020-10-15,csi300_etf_buy_hold,-0.0024595203935231513,1.1767408123791079
2020-10-16,csi300_etf_buy_hold,-0.0028765153071708127,1.1733558994197268
2020-10-19,csi300_etf_buy_hold,-0.006387801359983403,1.165860735009669
2020-10-20,csi300_etf_buy_hold,0.006221484861053561,1.1731141199226285
2020-10-21,csi300_etf_buy_hold,0.0012366034624895494,1.1745647969052202
2020-10-22,csi300_etf_buy_hold,-0.0032935364347468354,1.1706963249516418
2020-10-23,csi300_etf_buy_hold,-0.011565468814539459,1.1571566731141176
2020-10-26,csi300_etf_buy_hold,-0.007521938988717003,1.1484526112185665
2020-10-27,csi300_etf_buy_hold,0.0029473684210525875,1.1518375241779475
2020-10-28,csi300_etf_buy_hold,0.008396305625524736,1.1615087040618932
2020-10-29,csi300_etf_buy_hold,0.00915903413821817,1.1721470019342337
2020-10-30,csi300_etf_buy_hold,-0.01877062706270627,1.150145067698257
2020-11-02,csi300_etf_buy_hold,0.005886062644523848,1.156914893617019
2020-11-03,csi300_etf_buy_hold,0.01065830721003147,1.16924564796905
2020-11-04,csi300_etf_buy_hold,0.0076509511993383406,1.1781914893617
2020-11-05,csi300_etf_buy_hold,0.015596142006977232,1.1965667311411972
2020-11-06,csi300_etf_buy_hold,0.00040412204485740233,1.1970502901353943
2020-11-09,csi300_etf_buy_hold,0.019592001615835297,1.220502901353963
2020-11-10,csi300_etf_buy_hold,-0.00534865293185427,1.2139748549322995
2020-11-11,csi300_etf_buy_hold,-0.009360685122485557,1.2026112185686633
2020-11-12,csi300_etf_buy_hold,-0.0006031363088058184,1.2018858800773673
2020-11-13,csi300_etf_buy_hold,-0.0102595051297526,1.1895551257253363
2020-11-16,csi300_etf_buy_hold,0.010772357723577208,1.2023694390715645
2020-11-17,csi300_etf_buy_hold,-0.0018097727729740054,1.2001934235976768
2020-11-18,csi300_etf_buy_hold,-0.0014101531023369418,1.198500967117986
2020-11-19,csi300_etf_buy_hold,0.00847286665321767,1.2086557059961291
2020-11-20,csi300_etf_buy_hold,0.0030006001200240107,1.2122823984526088
2020-11-23,csi300_etf_buy_hold,0.011567610690067731,1.22630560928433
2020-11-24,csi300_etf_buy_hold,-0.006309148264984188,1.2185686653771735
2020-11-25,csi300_etf_buy_hold,-0.012301587301587369,1.2035783365570574
2020-11-26,csi300_etf_buy_hold,0.0014061872237847162,1.205270793036748
2020-11-27,csi300_etf_buy_hold,0.014242728184553632,1.2224371373307517
2020-11-30,csi300_etf_buy_hold,-0.004944620253164667,1.2163926499032853
2020-12-01,csi300_etf_buy_hold,0.022063208109719845,1.243230174081235
2020-12-02,csi300_etf_buy_hold,-0.0021392454297938235,1.24057059961315
2020-12-03,csi300_etf_buy_hold,-0.0003897875657767891,1.2400870406189526
2020-12-04,csi300_etf_buy_hold,0.0021446675765257606,1.2427466150870379
2020-12-07,csi300_etf_buy_hold,-0.008560311284046662,1.2321083172146976
2020-12-08,csi300_etf_buy_hold,-0.0031397174254317317,1.2282398452611192
2020-12-09,csi300_etf_buy_hold,-0.011811023622047334,1.2137330754352003
2020-12-10,csi300_etf_buy_hold,-0.0019920318725099584,1.2113152804642138
2020-12-11,csi300_etf_buy_hold,-0.011177644710578805,1.1977756286266896
2020-12-14,csi300_etf_buy_hold,0.008881711748082388,1.2084139264990301
2020-12-15,csi300_etf_buy_hold,0.0030012004801920344,1.2120406189555097
2020-12-16,csi300_etf_buy_hold,0.0019948134849390176,1.214458413926496
2020-12-17,csi300_etf_buy_hold,0.014134979096157796,1.2316247582205
2020-12-18,csi300_etf_buy_hold,-0.005692972124067497,1.2246131528046393
2020-12-21,csi300_etf_buy_hold,0.008884501480750151,1.2354932301740782
2020-12-22,csi300_etf_buy_hold,-0.015068493150684925,1.2168762088974825
2020-12-23,csi300_etf_buy_hold,0.008146234849989886,1.2267891682785268
2020-12-24,csi300_etf_buy_hold,0.0,1.2267891682785268
2020-12-25,csi300_etf_buy_hold,0.008277493102089029,1.23694390715667
2020-12-28,csi300_etf_buy_hold,0.002736512900703758,1.240328820116051
2020-12-29,csi300_etf_buy_hold,-0.003118908382066299,1.2364603481624725
2020-12-30,csi300_etf_buy_hold,0.012514665623777788,1.2519342359767858
2020-12-31,csi300_etf_buy_hold,0.021050598686751743,1.2782882011605383
2021-01-04,csi300_etf_buy_hold,0.008889729525250578,1.2896518375241746
2021-01-05,csi300_etf_buy_hold,0.01856017997750281,1.3135880077369404
2021-01-06,csi300_etf_buy_hold,0.00901895821829557,1.325435203094774
2021-01-07,csi300_etf_buy_hold,0.021342575702298472,1.3537234042553157
2021-01-08,csi300_etf_buy_hold,-0.0050008930166102195,1.3469535783365534
2021-01-11,csi300_etf_buy_hold,-0.011308562197092087,1.3317214700193387
2021-01-12,csi300_etf_buy_hold,0.029048656499636838,1.3704061895551218
2021-01-13,csi300_etf_buy_hold,-0.003881439661256203,1.3650870406189517
2021-01-14,csi300_etf_buy_hold,-0.01824300389656386,1.3401837524177913
2021-01-15,csi300_etf_buy_hold,-0.0030669312646581792,1.3360735009671143
2021-01-18,csi300_etf_buy_hold,-0.002352515381831344,1.3329303675048318
2021-01-19,csi300_etf_buy_hold,-0.013604208235080795,1.3147969052224333
2021-01-20,csi300_etf_buy_hold,0.0055167340934167974,1.3220502901353928
2021-01-21,csi300_etf_buy_hold,0.017190929041697167,1.3447775628626655
2021-01-22,csi300_etf_buy_hold,0.0005393743257822159,1.3455029013539617
2021-01-25,csi300_etf_buy_hold,0.011859838274932644,1.3614603481624723
2021-01-26,csi300_etf_buy_hold,-0.021310602024507186,1.332446808510635
2021-01-27,csi300_etf_buy_hold,0.0018145527127562122,1.3348646034816212
2021-01-28,csi300_etf_buy_hold,-0.024633218619815267,1.3019825918762054
2021-01-29,csi300_etf_buy_hold,-0.006870937790157794,1.2930367504835556
2021-02-01,csi300_etf_buy_hold,0.011780104712041828,1.3082688588007703
2021-02-02,csi300_etf_buy_hold,0.014784697837737948,1.327611218568662
2021-02-03,csi300_etf_buy_hold,-0.0010926971407756447,1.3261605415860702
2021-02-04,csi300_etf_buy_hold,-0.002005469462169618,1.323500967117985
2021-02-05,csi300_etf_buy_hold,0.00146145414687604,1.325435203094774
2021-02-08,csi300_etf_buy_hold,0.013133892739875863,1.3428433268858764
2021-02-09,csi300_etf_buy_hold,0.024846957148001447,1.3762088974854894
2021-02-10,csi300_etf_buy_hold,0.0202037947997189,1.4040135396518336
2021-02-18,csi300_etf_buy_hold,-0.007404856208024779,1.393617021276592
2021-02-19,csi300_etf_buy_hold,0.005551700208188848,1.4013539651837488
2021-02-22,csi300_etf_buy_hold,-0.0357142857142857,1.3513056092843292
2021-02-23,csi300_etf_buy_hold,-0.0026838432635535314,1.3476789168278493
2021-02-24,csi300_etf_buy_hold,-0.026372443487621133,1.3121373307543485
2021-02-25,csi300_etf_buy_hold,0.009397457158651257,1.3244680851063795
2021-02-26,csi300_etf_buy_hold,-0.027199707922599514,1.2884429400386812
2021-03-01,csi300_etf_buy_hold,0.01670106961906548,1.3099613152804606
2021-03-02,csi300_etf_buy_hold,-0.012735326688815052,1.293278529980654
2021-03-03,csi300_etf_buy_hold,0.019629837352776125,1.3186653771760115
2021-03-04,csi300_etf_buy_hold,-0.030619728639530552,1.2782882011605379
2021-03-05,csi300_etf_buy_hold,-0.003972006809154549,1.2732108317214663
2021-03-08,csi300_etf_buy_hold,-0.0353209266995822,1.2282398452611183
2021-03-09,csi300_etf_buy_hold,-0.01988188976377947,1.2038201160541553
2021-03-10,csi300_etf_buy_hold,0.00421771440048202,1.2088974854932268
2021-03-11,csi300_etf_buy_hold,0.025799999999999823,1.240087040618952
2021-03-12,csi300_etf_buy_hold,0.0025346071358940403,1.2432301740812344
2021-03-15,csi300_etf_buy_hold,-0.019836639439906656,1.2185686653771726
2021-03-16,csi300_etf_buy_hold,0.006547619047619024,1.2265473887814278
2021-03-17,csi300_etf_buy_hold,0.004533806426177733,1.2321083172146965
2021-03-18,csi300_etf_buy_hold,0.007849293563579218,1.2417794970986422
2021-03-19,csi300_etf_buy_hold,-0.027063862928348947,1.2081721470019304
2021-03-22,csi300_etf_buy_hold,0.011406844106463865,1.2219535783365532
2021-03-23,csi300_etf_buy_hold,-0.008903838543727671,1.2110735009671143
2021-03-24,csi300_etf_buy_hold,-0.015172689159512975,1.1926982591876172
2021-03-25,csi300_etf_buy_hold,-0.0008108655990268776,1.1917311411992226
2021-03-26,csi300_etf_buy_hold,0.02109961452627318,1.2168762088974818
2021-03-29,csi300_etf_buy_hold,0.0019868865487779885,1.219294003868468
2021-03-30,csi300_etf_buy_hold,0.008724965298433363,1.2299323017408084
2021-03-31,csi300_etf_buy_hold,-0.007273442107332384,1.2209864603481586
2021-04-01,csi300_etf_buy_hold,0.012277227722772288,1.2359767891682747
2021-04-02,csi300_etf_buy_hold,0.009585289514866924,1.2478239845261083
2021-04-06,csi300_etf_buy_hold,-0.005425305173415884,1.2410541586073465
2021-04-07,csi300_etf_buy_hold,-0.006818624586012123,1.2325918762088939
2021-04-08,csi300_etf_buy_hold,0.002157708905453193,1.2352514506769792
2021-04-09,csi300_etf_buy_hold,-0.0138970444313955,1.2180851063829754
2021-04-12,csi300_etf_buy_hold,-0.01667328304882898,1.1977756286266892
2021-04-13,csi300_etf_buy_hold,-0.0014129995962857134,1.1960831721469989
2021-04-14,csi300_etf_buy_hold,0.005659995957145725,1.202852998065761
2021-04-15,csi300_etf_buy_hold,-0.00562814070351747,1.196083172146999
2021-04-16,csi300_etf_buy_hold,0.0032342834040832713,1.1999516441005775
2021-04-19,csi300_etf_buy_hold,0.02538787023977429,1.2304158607350069
2021-04-20,csi300_etf_buy_hold,-0.0015720180782079485,1.2284816247582175
2021-04-21,csi300_etf_buy_hold,0.002361739814996877,1.231382978723401
2021-04-22,csi300_etf_buy_hold,-0.0007853917141172895,1.2304158607350066
2021-04-23,csi300_etf_buy_hold,0.010021615248575255,1.2427466150870374
2021-04-26,csi300_etf_buy_hold,-0.012451361867704347,1.227272727272724
2021-04-27,csi300_etf_buy_hold,0.002561071710007967,1.2304158607350064
2021-04-28,csi300_etf_buy_hold,0.007467085871487367,1.2396034816247548
2021-04-29,csi300_etf_buy_hold,0.008972108445484794,1.2507253384912926
2021-04-30,csi300_etf_buy_hold,-0.008699014111734016,1.2398452611218536
2021-05-06,csi300_etf_buy_hold,-0.01306552262090488,1.2236460348162443
2021-05-07,csi300_etf_buy_hold,-0.012052953961667612,1.208897485493227
2021-05-10,csi300_etf_buy_hold,-0.000200000000000089,1.2086557059961283
2021-05-11,csi300_etf_buy_hold,0.005201040208041796,1.2149419729206932
2021-05-12,csi300_etf_buy_hold,0.006169154228855556,1.222437137330751
2021-05-13,csi300_etf_buy_hold,-0.010878164556962,1.2091392649903254
2021-05-14,csi300_etf_buy_hold,0.02519496100779839,1.2396034816247548
2021-05-17,csi300_etf_buy_hold,0.01189779598205587,1.2543520309477723
2021-05-18,csi300_etf_buy_hold,0.00038550501156531247,1.2548355899419696
2021-05-19,csi300_etf_buy_hold,-0.002697495183044407,1.2514506769825884
2021-05-20,csi300_etf_buy_hold,0.002704791344667834,1.2548355899419696
2021-05-21,csi300_etf_buy_hold,-0.010597302504817052,1.241537717601544
2021-05-24,csi300_etf_buy_hold,0.0054527750730284374,1.2483075435203064
2021-05-25,csi300_etf_buy_hold,0.03176447801665683,1.287959381044484
2021-05-26,csi300_etf_buy_hold,0.0001877229209688025,1.2882011605415828
2021-05-27,csi300_etf_buy_hold,0.0035660660660661314,1.2927949709864572
2021-05-28,csi300_etf_buy_hold,-0.0028053113895643023,1.2891682785299774
2021-05-31,csi300_etf_buy_hold,0.0011252813203301848,1.2906189555125693
2021-06-01,csi300_etf_buy_hold,0.0014986886474335215,1.2925531914893584
2021-06-02,csi300_etf_buy_hold,-0.00804339693228584,1.2821566731141167
2021-06-03,csi300_etf_buy_hold,-0.00773147275127295,1.2722437137330722
2021-06-04,csi300_etf_buy_hold,0.006271379703534752,1.2802224371373274
2021-06-07,csi300_etf_buy_hold,-0.001133144475920722,1.2787717601547355
2021-06-08,csi300_etf_buy_hold,-0.00794100964265454,1.2686170212765924
2021-06-09,csi300_etf_buy_hold,0.0015246807699638154,1.2705512572533815
2021-06-10,csi300_etf_buy_hold,0.006470028544243611,1.2787717601547355
2021-06-11,csi300_etf_buy_hold,-0.009264511249763574,1.266924564796902
2021-06-15,csi300_etf_buy_hold,-0.01125954198473289,1.252659574468082
2021-06-16,csi300_etf_buy_hold,-0.013703918162516815,1.2354932301740782
2021-06-17,csi300_etf_buy_hold,0.002152641878669259,1.2381528046421633
2021-06-18,csi300_etf_buy_hold,0.0009763718023823031,1.2393617021276564
2021-06-21,csi300_etf_buy_hold,-0.0013655872024971316,1.2376692456479659
2021-06-22,csi300_etf_buy_hold,0.005079117015041934,1.2439555125725306
2021-06-23,csi300_etf_buy_hold,0.00602526724975716,1.2514506769825886
2021-06-24,csi300_etf_buy_hold,0.002511591962905735,1.254593810444871
2021-06-25,csi300_etf_buy_hold,0.015609944112545682,1.2741779497098613
2021-06-28,csi300_etf_buy_hold,0.0017077798861480087,1.2763539651837492
2021-06-29,csi300_etf_buy_hold,-0.010229210077666306,1.2632978723404222
2021-06-30,csi300_etf_buy_hold,0.005933014354067012,1.2707930367504803
2021-07-01,csi300_etf_buy_hold,-0.0003805175038052999,1.270309477756283
2021-07-02,csi300_etf_buy_hold,-0.02683669585078019,1.2362185686653742
2021-07-05,csi300_etf_buy_hold,0.00136905926070785,1.2379110251450645
2021-07-06,csi300_etf_buy_hold,0.0013671874999998668,1.2396034816247548
2021-07-07,csi300_etf_buy_hold,0.010337429295884437,1.252417794970983
2021-07-08,csi300_etf_buy_hold,-0.008494208494208455,1.2417794970986427
2021-07-09,csi300_etf_buy_hold,-0.004672897196261738,1.2359767891682751
2021-07-12,csi300_etf_buy_hold,0.013302034428794851,1.252417794970983
2021-07-13,csi300_etf_buy_hold,0.003088803088802994,1.2562862669245611
2021-07-14,csi300_etf_buy_hold,-0.010969976905311651,1.2425048355899384
2021-07-15,csi300_etf_buy_hold,0.013232146331971117,1.2589458413926462
2021-07-16,csi300_etf_buy_hold,-0.00979450739389287,1.2466150870406152
2021-07-19,csi300_etf_buy_hold,0.004266873545384131,1.2519342359767855
2021-07-20,csi300_etf_buy_hold,-0.002510621861722684,1.248791102514503
2021-07-21,csi300_etf_buy_hold,0.007550822846079219,1.25822050290135
2021-07-22,csi300_etf_buy_hold,0.0009607993850884178,1.2594294003868434
2021-07-23,csi300_etf_buy_hold,-0.009982722211556827,1.246856866537714
2021-07-26,csi300_etf_buy_hold,-0.03393445801822759,1.204545454545451
2021-07-27,csi300_etf_buy_hold,-0.034725010036130044,1.1627176015473855
2021-07-28,csi300_etf_buy_hold,0.0020794343938448367,1.165135396518372
2021-07-29,csi300_etf_buy_hold,0.018053538078439457,1.1861702127659541
2021-07-30,csi300_etf_buy_hold,-0.006930289441500204,1.1779497098646001
2021-08-02,csi300_etf_buy_hold,0.024835796387520537,1.2072050290135363
2021-08-03,csi300_etf_buy_hold,0.0004005607850992021,1.2076885880077337
2021-08-04,csi300_etf_buy_hold,0.008808808808808744,1.218326885880074
2021-08-05,csi300_etf_buy_hold,-0.005953562214724983,1.2110735009671147
2021-08-06,csi300_etf_buy_hold,-0.0031942503493711527,1.2072050290135363
2021-08-09,csi300_etf_buy_hold,0.011015421590226282,1.2205029013539617
2021-08-10,csi300_etf_buy_hold,0.011291600633914545,1.2342843326885846
2021-08-11,csi300_etf_buy_hold,-0.005288932419196923,1.2277562862669211
2021-08-12,csi300_etf_buy_hold,-0.006301693580149648,1.2200193423597645
2021-08-13,csi300_etf_buy_hold,-0.005350772889417432,1.213491295938101
2021-08-16,csi300_etf_buy_hold,-0.000597728631201444,1.212765957446805
2021-08-17,csi300_etf_buy_hold,-0.022328548644338087,1.1856866537717567
2021-08-18,csi300_etf_buy_hold,0.010807504078303332,1.198500967117985
2021-08-19,csi300_etf_buy_hold,-0.006858987290700003,1.190280464216631
2021-08-20,csi300_etf_buy_hold,-0.018281535648994485,1.168520309477753
2021-08-23,csi300_etf_buy_hold,0.014897579143389184,1.1859284332688553
2021-08-24,csi300_etf_buy_hold,0.010601427115188411,1.1985009671179847
2021-08-25,csi300_etf_buy_hold,0.00282428888440589,1.2018858800773657
2021-08-26,csi300_etf_buy_hold,-0.01709917521625426,1.181334622823981
2021-08-27,csi300_etf_buy_hold,0.002660663119115725,1.1844777562862632
2021-08-30,csi300_etf_buy_hold,-0.003674219228413933,1.1801257253384876
2021-08-31,csi300_etf_buy_hold,-0.00040975209997962114,1.1796421663442902
2021-09-01,csi300_etf_buy_hold,0.01434720229555242,1.1965667311411954
2021-09-02,csi300_etf_buy_hold,-0.0008082440897150267,1.1955996131528008
2021-09-03,csi300_etf_buy_hold,-0.005460060667340727,1.1890715667311373
2021-09-06,csi300_etf_buy_hold,0.017080113867425695,1.2093810444874233
2021-09-07,csi300_etf_buy_hold,0.012594962015193945,1.224613152804638
2021-09-08,csi300_etf_buy_hold,-0.004146100691016952,1.2195357833655662
2021-09-09,csi300_etf_buy_hold,-0.0003965107057890549,1.2190522243713688
2021-09-10,csi300_etf_buy_hold,0.00971836572788587,1.2308994197292027
2021-09-13,csi300_etf_buy_hold,-0.005303476723629963,1.2243713733075392
2021-09-14,csi300_etf_buy_hold,-0.013033175355450233,1.2084139264990286
2021-09-15,csi300_etf_buy_hold,-0.010604241696678618,1.1955996131528004
2021-09-16,csi300_etf_buy_hold,-0.011324570273003043,1.1820599613152762
2021-09-17,csi300_etf_buy_hold,0.007977091429740124,1.1914893617021234
2021-09-22,csi300_etf_buy_hold,-0.006696428571428603,1.183510638297868
2021-09-23,csi300_etf_buy_hold,0.005924412665985868,1.1905222437137288
2021-09-24,csi300_etf_buy_hold,0.0014216084484157676,1.1922147001934191
2021-09-27,csi300_etf_buy_hold,0.00648955587102007,1.1999516441005758
2021-09-28,csi300_etf_buy_hold,-0.0018134193028410683,1.1977756286266878
2021-09-29,csi300_etf_buy_hold,-0.00666128381106168,1.1897969052224326
2021-09-30,csi300_etf_buy_hold,0.002844950213371167,1.1931818181818135
2021-10-08,csi300_etf_buy_hold,0.014387031408308104,1.2103481624758174
2021-10-11,csi300_etf_buy_hold,-0.00019976028765489318,1.2101063829787186
2021-10-12,csi300_etf_buy_hold,-0.010389610389610282,1.1975338491295893
2021-10-13,csi300_etf_buy_hold,0.011306279022814447,1.2110735009671134
2021-10-14,csi300_etf_buy_hold,-0.005390297464563765,1.20454545454545
2021-10-15,csi300_etf_buy_hold,0.004817342432757998,1.2103481624758174
2021-10-18,csi300_etf_buy_hold,-0.011586096683979141,1.1963249516440961
2021-10-19,csi300_etf_buy_hold,0.00949878738884391,1.2076885880077324
2021-10-20,csi300_etf_buy_hold,-0.002802802802802873,1.2043036750483513
2021-10-21,csi300_etf_buy_hold,0.004416783778357747,1.2096228239845215
2021-10-22,csi300_etf_buy_hold,0.006596042374575228,1.2176015473887767
2021-10-25,csi300_etf_buy_hold,0.003375694996028633,1.2217117988394537
2021-10-26,csi300_etf_buy_hold,-0.00336433801701963,1.2176015473887767
2021-10-27,csi300_etf_buy_hold,-0.013105639396346236,1.2016441005802663
2021-10-28,csi300_etf_buy_hold,-0.004225352112676051,1.1965667311411947
2021-10-29,csi300_etf_buy_hold,0.006465952717720658,1.2043036750483513
2021-11-01,csi300_etf_buy_hold,-0.00321220638426023,1.200435203094773
2021-11-02,csi300_etf_buy_hold,-0.010473313192346345,1.1878626692456435
2021-11-03,csi300_etf_buy_hold,-0.004070832485243314,1.1830270793036706
2021-11-04,csi300_etf_buy_hold,0.009605558961782279,1.194390715667307
2021-11-05,csi300_etf_buy_hold,-0.003441295546558809,1.19028046421663
2021-11-08,csi300_etf_buy_hold,-0.0008125126955109696,1.1893133462282353
2021-11-09,csi300_etf_buy_hold,-0.0004065867046146865,1.188829787234038
2021-11-10,csi300_etf_buy_hold,-0.0050844010575553655,1.182785299806572
2021-11-11,csi300_etf_buy_hold,0.01635322976287812,1.2021276595744634
2021-11-12,csi300_etf_buy_hold,-0.0004022526146421068,1.201644100580266
2021-11-15,csi300_etf_buy_hold,-0.0012072434607645066,1.2001934235976743
2021-11-16,csi300_etf_buy_hold,-0.0008058017727640143,1.1992263056092796
2021-11-17,csi300_etf_buy_hold,-0.00020161290322584513,1.198984526112181
2021-11-18,csi300_etf_buy_hold,-0.008872756604153986,1.1883462282398407
2021-11-19,csi300_etf_buy_hold,0.011190233977619535,1.2016441005802663
2021-11-22,csi300_etf_buy_hold,0.002615694164989968,1.2047872340425487
2021-11-23,csi300_etf_buy_hold,0.0006020469596628164,1.2055125725338447
2021-11-24,csi300_etf_buy_hold,0.002206177296430134,1.20817214700193
2021-11-25,csi300_etf_buy_hold,-0.0038022813688213253,1.2035783365570556
2021-11-26,csi300_etf_buy_hold,-0.008437123342707853,1.1934235976789125
2021-11-29,csi300_etf_buy_hold,-0.0014181523500810256,1.191731141199222
2021-11-30,csi300_etf_buy_hold,-0.0036518563603166188,1.1873791102514462
2021-12-01,csi300_etf_buy_hold,0.0026471187130931995,1.1905222437137286
2021-12-02,csi300_etf_buy_hold,0.002030869212022779,1.192940038684715
2021-12-03,csi300_etf_buy_hold,0.00912038913660318,1.2038201160541542
2021-12-06,csi300_etf_buy_hold,-0.0010042177144005127,1.2026112185686608
2021-12-07,csi300_etf_buy_hold,0.005629272215520675,1.209381044487423
2021-12-08,csi300_etf_buy_hold,0.01439424230307873,1.2267891682785252
2021-12-09,csi300_etf_buy_hold,0.01655498620417828,1.2470986460348115
2021-12-10,csi300_etf_buy_hold,-0.0029081039162467404,1.2434719535783316
2021-12-13,csi300_etf_buy_hold,0.002527707563678705,1.2466150870406139
2021-12-14,csi300_etf_buy_hold,-0.006012412723041094,1.2391199226305558
2021-12-15,csi300_etf_buy_hold,-0.008975609756097569,1.2279980657640182
2021-12-16,csi300_etf_buy_hold,0.005316007088009389,1.2345261121856814
2021-12-17,csi300_etf_buy_hold,-0.014296905601253296,1.2168762088974805
2021-12-20,csi300_etf_buy_hold,-0.01490164911583547,1.1987427466150822
2021-12-21,csi300_etf_buy_hold,0.004235578862444411,1.2038201160541535
2021-12-22,csi300_etf_buy_hold,0.000602530628640352,1.2045454545454495
2021-12-23,csi300_etf_buy_hold,0.007627458851866553,1.2137330754351978
2021-12-24,csi300_etf_buy_hold,-0.004581673306772838,1.208172147001929
2021-12-27,csi300_etf_buy_hold,0.0008004802881729223,1.2091392649903236
2021-12-28,csi300_etf_buy_hold,0.005198960207958292,1.2154255319148883
2021-12-29,csi300_etf_buy_hold,-0.013328028645315348,1.1992263056092791
2021-12-30,csi300_etf_buy_hold,0.007258064516129092,1.2079303675048305
2021-12-31,csi300_etf_buy_hold,0.0024019215372297342,1.2108317214700142
2022-01-04,csi300_etf_buy_hold,-0.0035942492012779326,1.2064796905222386
2022-01-05,csi300_etf_buy_hold,-0.009418837675350789,1.1951160541586021
2022-01-06,csi300_etf_buy_hold,-0.011329152336637671,1.181576402321078
2022-01-07,csi300_etf_buy_hold,0.0024554941682013443,1.1844777562862616
2022-01-10,csi300_etf_buy_hold,0.0026536027760766245,1.1876208897485439
2022-01-11,csi300_etf_buy_hold,-0.009161237785016318,1.1767408123791048
2022-01-12,csi300_etf_buy_hold,0.010684199712348352,1.1893133462282341
2022-01-13,csi300_etf_buy_hold,-0.016466761536897634,1.1697292069632441
2022-01-14,csi300_etf_buy_hold,-0.009094667217858676,1.1590909090909036
2022-01-17,csi300_etf_buy_hold,0.008552357113058129,1.1690038684719481
2022-01-18,csi300_etf_buy_hold,0.00951396070320576,1.1801257253384858
2022-01-19,csi300_etf_buy_hold,-0.020692481048965372,1.1557059961315226
2022-01-20,csi300_etf_buy_hold,0.00794979079497904,1.1648936170212711
2022-01-21,csi300_etf_buy_hold,-0.007056870070568655,1.1566731141199174
2022-01-24,csi300_etf_buy_hold,0.0004180602006689238,1.1571566731141147
2022-01-25,csi300_etf_buy_hold,-0.02214793146677807,1.1315280464216584
2022-01-26,csi300_etf_buy_hold,0.005555555555555758,1.1378143133462233
2022-01-27,csi300_etf_buy_hold,-0.017212069698257615,1.118230174081233
2022-01-28,csi300_etf_buy_hold,-0.015351351351351239,1.1010638297872293
2022-02-07,csi300_etf_buy_hold,0.015810276679841806,1.1184719535783316
2022-02-08,csi300_etf_buy_hold,-0.004755728491137146,1.1131528046421613
2022-02-09,csi300_etf_buy_hold,0.008470894874022417,1.1225822050290082
2022-02-10,csi300_etf_buy_hold,-0.002369157872065486,1.1199226305609231
2022-02-11,csi300_etf_buy_hold,-0.007772020725388518,1.111218568665372
2022-02-14,csi300_etf_buy_hold,-0.010661444734551884,1.0993713733075383
2022-02-15,csi300_etf_buy_hold,0.009236859467781189,1.1095261121856816
2022-02-16,csi300_etf_buy_hold,0.004576160383525707,1.114603481624753
2022-02-17,csi300_etf_buy_hold,0.002169197396963085,1.1170212765957395
2022-02-18,csi300_etf_buy_hold,0.0051948051948051965,1.122823984526107
2022-02-21,csi300_etf_buy_hold,-0.003660637381567744,1.11871373307543
2022-02-22,csi300_etf_buy_hold,-0.012967365463583236,1.1042069632495113
2022-02-23,csi300_etf_buy_hold,0.010510181738559332,1.1158123791102463
2022-02-24,csi300_etf_buy_hold,-0.018418201516793076,1.0952611218568615
2022-02-25,csi300_etf_buy_hold,0.007726269315673218,1.1037234042553141
2022-02-28,csi300_etf_buy_hold,0.001314348302299928,1.1051740812379058
2022-03-01,csi300_etf_buy_hold,0.008313279369940973,1.1143617021276544
2022-03-02,csi300_etf_buy_hold,-0.007593838142764153,1.1058994197292018
2022-03-03,csi300_etf_buy_hold,-0.006340183646698749,1.0988878143133411
2022-03-04,csi300_etf_buy_hold,-0.011221122112211268,1.0865570599613101
2022-03-07,csi300_etf_buy_hold,-0.03293279928793935,1.0507736943907109
2022-03-08,csi300_etf_buy_hold,-0.018867924528301883,1.030947775628622
2022-03-09,csi300_etf_buy_hold,-0.009380863039399667,1.021276595744676
2022-03-10,csi300_etf_buy_hold,0.014204545454545414,1.0357833655705948
2022-03-11,csi300_etf_buy_hold,0.0065359477124184995,1.042553191489357
2022-03-14,csi300_etf_buy_hold,-0.032467532467532645,1.0087040618955465
2022-03-15,csi300_etf_buy_hold,-0.047698945349952004,0.9605899419729163
2022-03-16,csi300_etf_buy_hold,0.04354392146992203,1.0024177949709818
2022-03-17,csi300_etf_buy_hold,0.02026049204052116,1.0227272727272683
2022-03-18,csi300_etf_buy_hold,0.006619385342789608,1.0294970986460303
2022-03-21,csi300_etf_buy_hold,-0.0014091122592767569,1.0280464216634384
2022-03-22,csi300_etf_buy_hold,-0.0009407337723422726,1.027079303675044
2022-03-23,csi300_etf_buy_hold,0.005885122410546062,1.0331237911025102
2022-03-24,csi300_etf_buy_hold,-0.006318745611982091,1.026595744680847
2022-03-25,csi300_etf_buy_hold,-0.01813471502590691,1.007978723404251
2022-03-28,csi300_etf_buy_hold,-0.005996641880546716,1.001934235976785
2022-03-29,csi300_etf_buy_hold,-0.004343629343629307,0.9975822050290095
2022-03-30,csi300_etf_buy_hold,0.029810954920019173,1.0273210831721427
2022-03-31,csi300_etf_buy_hold,-0.007295834313956195,1.0198259187620846
2022-04-01,csi300_etf_buy_hold,0.012091038406828014,1.0321566731141156
2022-04-06,csi300_etf_buy_hold,-0.0028109627547435734,1.0292553191489318
2022-04-07,csi300_etf_buy_hold,-0.012215175005872547,1.0166827852998024
2022-04-08,csi300_etf_buy_hold,0.006658739595719387,1.0234526112185645
2022-04-11,csi300_etf_buy_hold,-0.03118355776045345,0.9915377176015434
2022-04-12,csi300_etf_buy_hold,0.017069007559131988,1.0084622823984486
2022-04-13,csi300_etf_buy_hold,-0.0076720210980579795,1.000725338491292
2022-04-14,csi300_etf_buy_hold,0.010630587098332756,1.0113636363636322
2022-04-15,csi300_etf_buy_hold,-0.00047812574707140065,1.010880077369435
2022-04-18,csi300_etf_buy_hold,-0.004783544606553614,1.006044487427462
2022-04-19,csi300_etf_buy_hold,-0.006488824801730186,0.9995164410057988
2022-04-20,csi300_etf_buy_hold,-0.0169327527818095,0.9825918762088935
2022-04-21,csi300_etf_buy_hold,-0.0167322834645669,0.9661508704061857
2022-04-22,csi300_etf_buy_hold,0.0025025025025025016,0.9685686653771722
2022-04-25,csi300_etf_buy_hold,-0.04817773339990017,0.9219052224371337
2022-04-26,csi300_etf_buy_hold,-0.007867820613690069,0.9146518375241742
2022-04-27,csi300_etf_buy_hold,0.02802008987575988,0.9402804642166305
2022-04-28,csi300_etf_buy_hold,0.00668552327076366,0.9465667311411952
2022-04-29,csi300_etf_buy_hold,0.025542784163473664,0.9707446808510595
2022-05-05,csi300_etf_buy_hold,-0.0037359900373598043,0.9671179883945799
2022-05-06,csi300_etf_buy_hold,-0.024249999999999994,0.9436653771760113
2022-05-09,csi300_etf_buy_hold,-0.008198821419420965,0.9359284332688547
2022-05-10,csi300_etf_buy_hold,0.011624903125807329,0.9468085106382937
2022-05-11,csi300_etf_buy_hold,0.014044943820224809,0.9601063829787193
2022-05-12,csi300_etf_buy_hold,-0.0050365147318055525,0.9552707930367464
2022-05-13,csi300_etf_buy_hold,0.007846114907618329,0.9627659574468045
2022-05-16,csi300_etf_buy_hold,-0.007785032646911105,0.9552707930367464
2022-05-17,csi300_etf_buy_hold,0.012401923563654771,0.9671179883945801
2022-05-18,csi300_etf_buy_hold,-0.0034999999999999476,0.9637330754351991
2022-05-19,csi300_etf_buy_hold,0.002257902659307476,0.9659090909090868
2022-05-20,csi300_etf_buy_hold,0.02102628285356678,0.9862185686653728
2022-05-23,csi300_etf_buy_hold,-0.007845060063741083,0.9784816247582162
2022-05-24,csi300_etf_buy_hold,-0.020261922411662914,0.9586557059961274
2022-05-25,csi300_etf_buy_hold,0.004287515762925631,0.9627659574468044
2022-05-26,csi300_etf_buy_hold,0.0025113008538422132,0.9651837524177908
2022-05-27,csi300_etf_buy_hold,0.0025050100200401104,0.9676015473887772
2022-05-30,csi300_etf_buy_hold,0.005747126436781658,0.9731624758220461
2022-05-31,csi300_etf_buy_hold,0.01590062111801238,0.9886363636363593
2022-06-01,csi300_etf_buy_hold,-0.0014673514306676738,0.9871856866537674
2022-06-02,csi300_etf_buy_hold,0.0026940974773450588,0.9898452611218524
2022-06-06,csi300_etf_buy_hold,0.02002931118710305,1.0096711798839413
2022-06-07,csi300_etf_buy_hold,0.001436781609195359,1.0111218568665332
2022-06-08,csi300_etf_buy_hold,0.010043041606886627,1.0212765957446763
2022-06-09,csi300_etf_buy_hold,-0.008049242424242431,1.0130560928433223
2022-06-10,csi300_etf_buy_hold,0.013842482100238529,1.0270793036750436
2022-06-13,csi300_etf_buy_hold,-0.012241054613936098,1.014506769825914
2022-06-14,csi300_etf_buy_hold,0.009532888465205058,1.02417794970986
2022-06-15,csi300_etf_buy_hold,0.011567516525023747,1.0360251450676938
2022-06-16,csi300_etf_buy_hold,-0.006301050175029244,1.0294970986460303
2022-06-17,csi300_etf_buy_hold,0.014795678722404837,1.044729206963245
2022-06-20,csi300_etf_buy_hold,0.004859986114325476,1.0498065764023166
2022-06-21,csi300_etf_buy_hold,-0.0004606172270842368,1.0493230174081194
2022-06-22,csi300_etf_buy_hold,-0.011520737327188946,1.0372340425531872
2022-06-23,csi300_etf_buy_hold,0.0174825174825175,1.0553675048355855
2022-06-24,csi300_etf_buy_hold,0.010996563573883122,1.0669729206963203
2022-06-27,csi300_etf_buy_hold,0.010876954452753163,1.0785783365570552
2022-06-28,csi300_etf_buy_hold,0.011656579242322218,1.0911508704061845
2022-06-29,csi300_etf_buy_hold,-0.012187015289164549,1.0778529980657592
2022-06-30,csi300_etf_buy_hold,0.0112157918349034,1.0899419729206912
2022-07-01,csi300_etf_buy_hold,-0.0033274179236911783,1.0863152804642116
2022-07-04,csi300_etf_buy_hold,0.006231916314266561,1.0930851063829736
2022-07-05,csi300_etf_buy_hold,-0.0022119000221189067,1.0906673114119874
2022-07-06,csi300_etf_buy_hold,-0.013079139880292634,1.0764023210831672
2022-07-07,csi300_etf_buy_hold,0.003593890386343279,1.0802707930367457
2022-07-08,csi300_etf_buy_hold,-0.0008952551477170445,1.0793036750483511
2022-07-11,csi300_etf_buy_hold,-0.0170250896057349,1.060928433268854
2022-07-12,csi300_etf_buy_hold,-0.008204193254329861,1.0522243713733028
2022-07-13,csi300_etf_buy_hold,0.0016084558823528106,1.0539168278529931
2022-07-14,csi300_etf_buy_hold,0.0002294104152329446,1.054158607350092
2022-07-15,csi300_etf_buy_hold,-0.01490825688073405,1.0384429400386799
2022-07-18,csi300_etf_buy_hold,0.010710128055879009,1.0495647969052175
2022-07-19,csi300_etf_buy_hold,-0.005067956692006548,1.0442456479690472
2022-07-20,csi300_etf_buy_hold,0.002778420930771075,1.047147001934231
2022-07-21,csi300_etf_buy_hold,-0.01039021011313801,1.0362669245647917
2022-07-22,csi300_etf_buy_hold,0.0006999533364442367,1.0369922630560877
2022-07-25,csi300_etf_buy_hold,-0.004196782466775462,1.0326402321083121
2022-07-26,csi300_etf_buy_hold,0.006789978927651541,1.0396518375241728
2022-07-27,csi300_etf_buy_hold,-0.00558139534883717,1.0338491295938053
2022-07-28,csi300_etf_buy_hold,0.0007015902712816935,1.0345744680851012
2022-07-29,csi300_etf_buy_hold,-0.013788268286982985,1.0203094777562811
2022-08-01,csi300_etf_buy_hold,0.004265402843601995,1.024661508704057
2022-08-02,csi300_etf_buy_hold,-0.016753185464842058,1.007495164410053
2022-08-03,csi300_etf_buy_hold,-0.010799136069114423,0.996615087040614
2022-08-04,csi300_etf_buy_hold,0.007520621057738985,1.004110251450672
2022-08-05,csi300_etf_buy_hold,0.01565133638333749,1.019825918762084
2022-08-08,csi300_etf_buy_hold,-0.0033191085822665833,1.016441005802703
2022-08-09,csi300_etf_buy_hold,0.0016650808753568835,1.0181334622823934
2022-08-10,csi300_etf_buy_hold,-0.010686297791498434,1.0072533849129544
2022-08-11,csi300_etf_buy_hold,0.021123379740758397,1.028529980657635
2022-08-12,csi300_etf_buy_hold,0.0002350728725906137,1.0287717601547337
2022-08-15,csi300_etf_buy_hold,-0.00235017626321965,1.0263539651837474
2022-08-16,csi300_etf_buy_hold,-0.002355712603062332,1.0239361702127612
2022-08-17,csi300_etf_buy_hold,0.009681227863045816,1.0338491295938055
2022-08-18,csi300_etf_buy_hold,-0.008652946679139406,1.0249032882011555
2022-08-19,csi300_etf_buy_hold,-0.007077140835102691,1.017649903288196
2022-08-22,csi300_etf_buy_hold,0.006414825374198241,1.0241779497098595
2022-08-23,csi300_etf_buy_hold,-0.003305004721435134,1.0207930367504787
2022-08-24,csi300_etf_buy_hold,-0.018237801989578584,1.0021760154738828
2022-08-25,csi300_etf_buy_hold,0.00868516284680343,1.010880077369434
2022-08-26,csi300_etf_buy_hold,-0.001435063381966084,1.009429400386842
2022-08-29,csi300_etf_buy_hold,-0.0059880239520956335,1.0033849129593762
2022-08-30,csi300_etf_buy_hold,-0.0021686746987952255,1.0012088974854882
2022-08-31,csi300_etf_buy_hold,0.0,1.0012088974854882
2022-09-01,csi300_etf_buy_hold,-0.00821057715527651,0.9929883945841343
2022-09-02,csi300_etf_buy_hold,-0.005600194789384116,0.9874274661508654
2022-09-05,csi300_etf_buy_hold,-0.0004897159647403448,0.9869439071566682
2022-09-06,csi300_etf_buy_hold,0.007104360607545379,0.993955512572529
2022-09-07,csi300_etf_buy_hold,0.0019459985405010372,0.9958897485493181
2022-09-08,csi300_etf_buy_hold,-0.004369992716678706,0.9915377176015426
2022-09-09,csi300_etf_buy_hold,0.014142891977566352,1.0055609284332638
2022-09-13,csi300_etf_buy_hold,0.00336619379658587,1.008945841392645
2022-09-14,csi300_etf_buy_hold,-0.01102324466810456,0.9978239845261073
2022-09-15,csi300_etf_buy_hold,-0.008965350133268712,0.9888781431334575
2022-09-16,csi300_etf_buy_hold,-0.022004889975550057,0.9671179883945795
2022-09-19,csi300_etf_buy_hold,-0.00275000000000003,0.9644584139264945
2022-09-20,csi300_etf_buy_hold,0.0005013787916772205,0.9649419729206918
2022-09-21,csi300_etf_buy_hold,-0.007516913054372409,0.9576885880077324
2022-09-22,csi300_etf_buy_hold,-0.007321383489017896,0.9506769825918717
2022-09-23,csi300_etf_buy_hold,-0.0020345879959308144,0.9487427466150826
2022-09-26,csi300_etf_buy_hold,-0.006371049949031593,0.9426982591876165
2022-09-27,csi300_etf_buy_hold,0.01282380097460889,0.9547872340425487
2022-09-28,csi300_etf_buy_hold,-0.01418080526715626,0.9412475822050246
2022-09-29,csi300_etf_buy_hold,0.0002568713074750928,0.9414893617021234
2022-09-30,csi300_etf_buy_hold,-0.00667693888032872,0.9352030947775586
2022-10-10,csi300_etf_buy_hold,-0.02042399172699061,0.9161025145067657
2022-10-11,csi300_etf_buy_hold,-0.0007917656373713777,0.9153771760154698
2022-10-12,csi300_etf_buy_hold,0.01637612255678822,0.9303675048355858
2022-10-13,csi300_etf_buy_hold,-0.00857588357588357,0.9223887814313305
2022-10-14,csi300_etf_buy_hold,0.023066841415465333,0.9436653771760113
2022-10-17,csi300_etf_buy_hold,-0.000256213169356867,0.9434235976789127
2022-10-18,csi300_etf_buy_hold,-0.0017939518195797532,0.9417311411992222
2022-10-19,csi300_etf_buy_hold,-0.015147625160462197,0.9274661508704021
2022-10-20,csi300_etf_buy_hold,-0.0031282586027111536,0.9245647969052183
2022-10-21,csi300_etf_buy_hold,-0.005753138075313746,0.9192456479690482
2022-10-24,csi300_etf_buy_hold,-0.025775907417148858,0.895551257253381
2022-10-25,csi300_etf_buy_hold,-0.004319654427645814,0.8916827852998027
2022-10-26,csi300_etf_buy_hold,0.00759219088937102,0.8984526112185649
2022-10-27,csi300_etf_buy_hold,-0.006996770721205636,0.8921663442940001
2022-10-28,csi300_etf_buy_hold,-0.023306233062330595,0.8713733075435166
2022-10-31,csi300_etf_buy_hold,-0.01082130965593786,0.8619439071566695
2022-11-01,csi300_etf_buy_hold,0.038709677419354716,0.8953094777562823
2022-11-02,csi300_etf_buy_hold,0.009181744531461034,0.9035299806576363
2022-11-03,csi300_etf_buy_hold,-0.008027829810008047,0.896276595744677
2022-11-04,csi300_etf_buy_hold,0.03425950903695707,0.9269825918762049
2022-11-07,csi300_etf_buy_hold,0.0,0.9269825918762049
2022-11-08,csi300_etf_buy_hold,-0.005998956703182068,0.9214216634429361
2022-11-09,csi300_etf_buy_hold,-0.010495932826029897,0.9117504835589902
2022-11-10,csi300_etf_buy_hold,-0.005568814638027053,0.9066731141199187
2022-11-11,csi300_etf_buy_hold,0.026133333333333342,0.930367504835586
2022-11-14,csi300_etf_buy_hold,0.0005197505197505059,0.9308510638297832
2022-11-15,csi300_etf_buy_hold,0.01948051948051943,0.9489845261121815
2022-11-16,csi300_etf_buy_hold,-0.00738853503184711,0.9419729206963209
2022-11-17,csi300_etf_buy_hold,-0.004363449691991761,0.937862669245644
2022-11-18,csi300_etf_buy_hold,-0.0033513792214487914,0.9347195357833616
2022-11-21,csi300_etf_buy_hold,-0.008535954474909402,0.9267408123791064
2022-11-22,csi300_etf_buy_hold,-0.0005217845030003332,0.926257253384909
2022-11-23,csi300_etf_buy_hold,0.000783085356303781,0.9269825918762049
2022-11-24,csi300_etf_buy_hold,-0.0046948356807512415,0.9226305609284292
2022-11-25,csi300_etf_buy_hold,0.005503144654088077,0.9277079303675008
2022-11-28,csi300_etf_buy_hold,-0.011727912431587328,0.9168278529980616
2022-11-29,csi300_etf_buy_hold,0.030590717299578074,0.9448742746615044
2022-11-30,csi300_etf_buy_hold,0.0007676560900715668,0.9455996131528003
2022-12-01,csi300_etf_buy_hold,0.011506008693428882,0.9564796905222394
2022-12-02,csi300_etf_buy_hold,-0.005813953488372103,0.9509187620889705
2022-12-05,csi300_etf_buy_hold,0.01805237732011178,0.9680851063829742
2022-12-06,csi300_etf_buy_hold,0.005744255744255966,0.9736460348162432
2022-12-07,csi300_etf_buy_hold,-0.002979885771045576,0.9707446808510594
2022-12-08,csi300_etf_buy_hold,0.0022415940224160824,0.9729206963249473
2022-12-09,csi300_etf_buy_hold,0.008449304174950267,0.9811411992263012
2022-12-12,csi300_etf_buy_hold,-0.010349926071956617,0.970986460348158
2022-12-13,csi300_etf_buy_hold,-0.0027390438247012483,0.9683268858800729
2022-12-14,csi300_etf_buy_hold,0.0024968789013732895,0.9707446808510594
2022-12-15,csi300_etf_buy_hold,-0.0004981320049812776,0.9702611218568621
2022-12-16,csi300_etf_buy_hold,0.000996760528283236,0.9712282398452569
2022-12-19,csi300_etf_buy_hold,-0.0144386357978592,0.9572050290135353
2022-12-20,csi300_etf_buy_hold,-0.01591310937105339,0.9419729206963205
2022-12-21,csi300_etf_buy_hold,-0.0007700205338809774,0.9412475822050246
2022-12-22,csi300_etf_buy_hold,0.002054970459799632,0.9431818181818137
2022-12-23,csi300_etf_buy_hold,-0.0025634452704433874,0.9407640232108273
2022-12-26,csi300_etf_buy_hold,0.0023130300693907646,0.942940038684715
2022-12-27,csi300_etf_buy_hold,0.012051282051282142,0.9543036750483513
2022-12-28,csi300_etf_buy_hold,-0.003293640739802317,0.951160541586069
2022-12-29,csi300_etf_buy_hold,-0.0030503304524657215,0.9482591876208852
2022-12-30,csi300_etf_buy_hold,0.004079551249362545,0.9521276595744635
2023-01-03,csi300_etf_buy_hold,0.0027932960893854997,0.9547872340425486
2023-01-04,csi300_etf_buy_hold,0.0012661433274248068,0.955996131528042
2023-01-05,csi300_etf_buy_hold,0.01896813353565996,0.9741295938104402
2023-01-06,csi300_etf_buy_hold,0.0039712087366592375,0.9779980657640185
2023-01-09,csi300_etf_buy_hold,0.006180469715698411,0.9840425531914846
2023-01-10,csi300_etf_buy_hold,0.0014742014742012977,0.9854932301740763
2023-01-11,csi300_etf_buy_hold,0.0,0.9854932301740763
2023-01-12,csi300_etf_buy_hold,0.0014720314033367377,0.9869439071566684
2023-01-13,csi300_etf_buy_hold,0.015188633023027975,1.0019342359767844
2023-01-16,csi300_etf_buy_hold,-0.00024131274131278246,1.0016924564796859
2023-01-17,csi300_etf_buy_hold,-0.0009654839488292266,1.0007253384912913
2023-01-18,csi300_etf_buy_hold,-0.0021744382701136544,0.9985493230174034
2023-01-19,csi300_etf_buy_hold,0.006779661016949268,1.0053191489361655
2023-01-20,csi300_etf_buy_hold,0.005531505531505498,1.0108800773694342
2023-01-30,csi300_etf_buy_hold,0.005740253527864114,1.0166827852998017
2023-01-31,csi300_etf_buy_hold,-0.010939357907253311,1.005560928433264
2023-02-01,csi300_etf_buy_hold,0.007453714835297109,1.0130560928433223
2023-02-02,csi300_etf_buy_hold,-0.0023866348448688957,1.0106382978723356
2023-02-03,csi300_etf_buy_hold,-0.0102870813397129,1.000241779497094
2023-02-06,csi300_etf_buy_hold,-0.01377810007251623,0.9864603481624713
2023-02-07,csi300_etf_buy_hold,0.002450980392156854,0.9888781431334578
2023-02-08,csi300_etf_buy_hold,-0.004156479217603759,0.984767891682781
2023-02-09,csi300_etf_buy_hold,0.013258040756199296,0.9978239845261078
2023-02-10,csi300_etf_buy_hold,-0.005815362248606792,0.9920212765957402
2023-02-13,csi300_etf_buy_hold,0.007799171338045419,0.999758220502897
2023-02-14,csi300_etf_buy_hold,0.002176541717049618,1.0019342359767849
2023-02-15,csi300_etf_buy_hold,-0.00675675675675691,0.9951644100580227
2023-02-16,csi300_etf_buy_hold,-0.0070456754130223676,0.9881528046421619
2023-02-17,csi300_etf_buy_hold,-0.014191338390017072,0.9741295938104406
2023-02-20,csi300_etf_buy_hold,0.026061057334326287,0.9995164410057985
2023-02-21,csi300_etf_buy_hold,0.0012094823415578215,1.0007253384912917
2023-02-22,csi300_etf_buy_hold,-0.009664170089393576,0.9910541586073459
2023-02-23,csi300_etf_buy_hold,0.0,0.9910541586073459
2023-02-24,csi300_etf_buy_hold,-0.009514515735545404,0.9816247582204987
2023-02-27,csi300_etf_buy_hold,-0.003694581280788145,0.977998065764019
2023-02-28,csi300_etf_buy_hold,0.006427688504326179,0.9842843326885836
2023-03-01,csi300_etf_buy_hold,0.012036354704004104,0.9961315280464174
2023-03-02,csi300_etf_buy_hold,-0.0012135922330096527,0.9949226305609242
2023-03-03,csi300_etf_buy_hold,0.0021871202916159405,0.9970986460348119
2023-03-06,csi300_etf_buy_hold,-0.006062075654704069,0.9910541586073459
2023-03-07,csi300_etf_buy_hold,-0.013905830690412402,0.9772727272727231
2023-03-08,csi300_etf_buy_hold,-0.003958436417615063,0.9734042553191448
2023-03-09,csi300_etf_buy_hold,-0.0024838549428712886,0.9709864603481584
2023-03-10,csi300_etf_buy_hold,-0.01369521912350602,0.9576885880077328
2023-03-13,csi300_etf_buy_hold,0.011108305983337452,0.9683268858800731
2023-03-14,csi300_etf_buy_hold,-0.006242197253433224,0.962282398452607
2023-03-15,csi300_etf_buy_hold,-0.0002512562814069863,0.9620406189555084
2023-03-16,csi300_etf_buy_hold,-0.011560693641618602,0.9509187620889706
2023-03-17,csi300_etf_buy_hold,0.005339435545385296,0.9559961315280423
2023-03-20,csi300_etf_buy_hold,-0.005563985837127028,0.950676982591872
2023-03-21,csi300_etf_buy_hold,0.010935910478128141,0.9610735009671137
2023-03-22,csi300_etf_buy_hold,0.004528301886792319,0.9654255319148892
2023-03-23,csi300_etf_buy_hold,0.009516654144753334,0.9746131528046378
2023-03-24,csi300_etf_buy_hold,-0.0012403870007442475,0.9734042553191445
2023-03-27,csi300_etf_buy_hold,-0.005216095380029762,0.968326885880073
2023-03-28,csi300_etf_buy_hold,-0.001997503121098587,0.9663926499032839
2023-03-29,csi300_etf_buy_hold,0.0,0.9663926499032839
2023-03-30,csi300_etf_buy_hold,0.010758068551413702,0.9767891682785258
2023-03-31,csi300_etf_buy_hold,0.0024752475247524774,0.9792069632495123
2023-04-03,csi300_etf_buy_hold,0.007407407407407529,0.9864603481624717
2023-04-04,csi300_etf_buy_hold,0.004901960784313708,0.9912959381044446
2023-04-06,csi300_etf_buy_hold,-0.0029268292682925745,0.988394584139261
2023-04-07,csi300_etf_buy_hold,0.007093933463796498,0.9954061895551217
2023-04-10,csi300_etf_buy_hold,-0.0036434296818070866,0.9917794970986421
2023-04-11,csi300_etf_buy_hold,-0.0024378352023405325,0.9893617021276554
2023-04-12,csi300_etf_buy_hold,-0.0009775171065492527,0.988394584139261
2023-04-13,csi300_etf_buy_hold,-0.0061154598825832185,0.9823500967117947
2023-04-14,csi300_etf_buy_hold,0.005168594634506585,0.9874274661508663
2023-04-17,csi300_etf_buy_hold,0.014936336924583626,1.0021760154738835
2023-04-18,csi300_etf_buy_hold,0.001688781664656247,1.003868471953574
2023-04-19,csi300_etf_buy_hold,-0.007947976878612817,0.9958897485493186
2023-04-20,csi300_etf_buy_hold,-0.0038844379703811827,0.9920212765957402
2023-04-21,csi300_etf_buy_hold,-0.017791859614915806,0.9743713733075393
2023-04-24,csi300_etf_buy_hold,-0.012655086848635255,0.9620406189555084
2023-04-25,csi300_etf_buy_hold,-0.004775069112842423,0.9574468085106341
2023-04-26,csi300_etf_buy_hold,-0.002272727272727204,0.9552707930367463
2023-04-27,csi300_etf_buy_hold,0.008858516831182106,0.963733075435199
2023-04-28,csi300_etf_buy_hold,0.00978424485699958,0.9731624758220463
2023-05-04,csi300_etf_buy_hold,0.0,0.9731624758220463
2023-05-05,csi300_etf_buy_hold,-0.003975155279503095,0.969294003868468
2023-05-08,csi300_etf_buy_hold,0.01122474432526821,0.9801740812379071
2023-05-09,csi300_etf_buy_hold,-0.008633448445979353,0.9717117988394544
2023-05-10,csi300_etf_buy_hold,-0.00771336153271962,0.9642166344293963
2023-05-11,csi300_etf_buy_hold,-0.0012537612838515733,0.9630077369439031
2023-05-12,csi300_etf_buy_hold,-0.012804418779814197,0.9506769825918722
2023-05-15,csi300_etf_buy_hold,0.016022380467955344,0.9659090909090869
2023-05-16,csi300_etf_buy_hold,-0.004255319148936176,0.9617988394584099
2023-05-17,csi300_etf_buy_hold,-0.006787330316742168,0.9552707930367464
2023-05-18,csi300_etf_buy_hold,-0.00025310048089088877,0.9550290135396479
2023-05-19,csi300_etf_buy_hold,-0.0015189873417722488,0.9535783365570559
2023-05-22,csi300_etf_buy_hold,0.005070993914807254,0.9584139264990288
2023-05-23,csi300_etf_buy_hold,-0.014379414732593299,0.9446324951644061
2023-05-24,csi300_etf_buy_hold,-0.013565395444074757,0.9318181818181779
2023-05-25,csi300_etf_buy_hold,-0.002335236118318651,0.9296421663442901
2023-05-26,csi300_etf_buy_hold,0.0013003901170349774,0.9308510638297832
2023-05-29,csi300_etf_buy_hold,-0.004155844155844135,0.9269825918762049
2023-05-30,csi300_etf_buy_hold,0.0010432968179447943,0.9279497098645996
2023-05-31,csi300_etf_buy_hold,-0.009379885356956774,0.9192456479690483
2023-06-01,csi300_etf_buy_hold,0.002104155707522315,0.9211798839458374
2023-06-02,csi300_etf_buy_hold,0.013910761154855678,0.9339941972920656
2023-06-05,csi300_etf_buy_hold,-0.004659590991457407,0.92964216634429
2023-06-06,csi300_etf_buy_hold,-0.009622886866059943,0.92069632495164
2023-06-07,csi300_etf_buy_hold,-0.0031512605042016695,0.9177949709864562
2023-06-08,csi300_etf_buy_hold,0.008429926238145313,0.9255319148936128
2023-06-09,csi300_etf_buy_hold,0.004179728317659448,0.9294003868471912
2023-06-12,csi300_etf_buy_hold,0.0010405827263266776,0.9303675048355857
2023-06-13,csi300_etf_buy_hold,0.007536382536382558,0.9373791102514465
2023-06-14,csi300_etf_buy_hold,0.0,0.9373791102514465
2023-06-15,csi300_etf_buy_hold,0.016765540366262766,0.9530947775628585
2023-06-16,csi300_etf_buy_hold,0.00938609842719429,0.9620406189555084
2023-06-19,csi300_etf_buy_hold,-0.007539582809751311,0.954787234042549
2023-06-20,csi300_etf_buy_hold,-0.0017726006583944631,0.9530947775628585
2023-06-21,csi300_etf_buy_hold,-0.013952308472856445,0.9397969052224331
2023-06-26,csi300_etf_buy_hold,-0.01131978389503474,0.9291586073500927
2023-06-27,csi300_etf_buy_hold,0.006765547749154388,0.9354448742746575
2023-06-28,csi300_etf_buy_hold,0.002067717756526033,0.9373791102514465
2023-06-29,csi300_etf_buy_hold,-0.004642765024503448,0.9330270793036709
2023-06-30,csi300_etf_buy_hold,0.005960093288416735,0.9385880077369397
2023-07-03,csi300_etf_buy_hold,0.011591962905718622,0.9494680851063787
2023-07-04,csi300_etf_buy_hold,0.0017825311942958333,0.9511605415860691
2023-07-05,csi300_etf_buy_hold,-0.00686324351804779,0.9446324951644057
2023-07-06,csi300_etf_buy_hold,-0.007166624008190459,0.9378626692456437
2023-07-07,csi300_etf_buy_hold,-0.00283578241814908,0.9352030947775585
2023-07-10,csi300_etf_buy_hold,0.004136504653567741,0.9390715667311368
2023-07-11,csi300_etf_buy_hold,0.006694129763130885,0.9453578336557016
2023-07-12,csi300_etf_buy_hold,-0.004859335038363222,0.9407640232108273
2023-07-13,csi300_etf_buy_hold,0.016191210485736462,0.9559961315280421
2023-07-14,csi300_etf_buy_hold,-0.0005058168942843055,0.9555125725338448
2023-07-17,csi300_etf_buy_hold,-0.007085020242915019,0.9487427466150827
2023-07-18,csi300_etf_buy_hold,-0.001529051987767538,0.9472920696324909
2023-07-19,csi300_etf_buy_hold,-0.0005104645227157478,0.9468085106382935
2023-07-20,csi300_etf_buy_hold,-0.007150153217568955,0.9400386847195314
2023-07-21,csi300_etf_buy_hold,0.0005144032921811093,0.9405222437137287
2023-07-24,csi300_etf_buy_hold,-0.004370179948586128,0.9364119922630517
2023-07-25,csi300_etf_buy_hold,0.028918151303898743,0.9634912959380999
2023-07-26,csi300_etf_buy_hold,-0.0022584692597239497,0.9613152804642121
2023-07-27,csi300_etf_buy_hold,-0.001006036217303774,0.9603481624758176
2023-07-28,csi300_etf_buy_hold,0.024169184290030232,0.9835589941972875
2023-07-31,csi300_etf_buy_hold,0.003933136676499416,0.9874274661508657
2023-08-01,csi300_etf_buy_hold,-0.004407443682663992,0.9830754352030902
2023-08-02,csi300_etf_buy_hold,-0.007132316773241443,0.9760638297872295
2023-08-03,csi300_etf_buy_hold,0.008917513004706557,0.9847678916827808
2023-08-04,csi300_etf_buy_hold,0.005155904738521899,0.9898452611218522
2023-08-07,csi300_etf_buy_hold,-0.007572056668295191,0.9823500967117941
2023-08-08,csi300_etf_buy_hold,-0.0036918533103617035,0.9787234042553145
2023-08-09,csi300_etf_buy_hold,-0.0019762845849802257,0.9767891682785254
2023-08-10,csi300_etf_buy_hold,0.0012376237623761277,0.9779980657640185
2023-08-11,csi300_etf_buy_hold,-0.023485784919653807,0.9550290135396473
2023-08-14,csi300_etf_buy_hold,-0.0068354430379746756,0.9485009671179839
2023-08-15,csi300_etf_buy_hold,-0.0010196278358398647,0.9475338491295894
2023-08-16,csi300_etf_buy_hold,-0.007655014034192442,0.94028046421663
2023-08-17,csi300_etf_buy_hold,0.00334276163538183,0.9434235976789124
2023-08-18,csi300_etf_buy_hold,-0.012813941568426523,0.93133462282398
2023-08-21,csi300_etf_buy_hold,-0.01349948078920038,0.9187620889748506
2023-08-22,csi300_etf_buy_hold,0.0060526315789473095,0.9243230174081194
2023-08-23,csi300_etf_buy_hold,-0.014386607376405958,0.9110251450676939
2023-08-24,csi300_etf_buy_hold,0.006104033970276035,0.9165860735009628
2023-08-25,csi300_etf_buy_hold,-0.001846478501714599,0.9148936170212723
2023-08-28,csi300_etf_buy_hold,0.014006342494714774,0.9277079303675007
2023-08-29,csi300_etf_buy_hold,0.005733646077664689,0.9330270793036707
2023-08-30,csi300_etf_buy_hold,-0.0002591344908007276,0.932785299806572
2023-08-31,csi300_etf_buy_hold,-0.004924831518921757,0.9281914893616977
2023-09-01,csi300_etf_buy_hold,0.005991143526960174,0.9337524177949665
2023-09-04,csi300_etf_buy_hold,0.015018125323666531,0.947775628626688
2023-09-05,csi300_etf_buy_hold,-0.006887755102040871,0.9412475822050245
2023-09-06,csi300_etf_buy_hold,-0.0025687130747494846,0.9388297872340381
2023-09-07,csi300_etf_buy_hold,-0.01364924027813541,0.9260154738878099
2023-09-08,csi300_etf_buy_hold,-0.005483028720626559,0.9209381044487385
2023-09-11,csi300_etf_buy_hold,0.007351010763980037,0.9277079303675005
2023-09-12,csi300_etf_buy_hold,-0.0013031013812875303,0.9264990328820073
2023-09-13,csi300_etf_buy_hold,-0.006524008350730637,0.9204545454545412
2023-09-14,csi300_etf_buy_hold,-0.0007880220646178104,0.9197292069632452
2023-09-15,csi300_etf_buy_hold,-0.004468980021030466,0.9156189555125683
2023-09-18,csi300_etf_buy_hold,0.003432796408766814,0.9187620889748507
2023-09-19,csi300_etf_buy_hold,-0.001315789473684159,0.9175531914893575
2023-09-20,csi300_etf_buy_hold,-0.004743083003952542,0.913201160541582
2023-09-21,csi300_etf_buy_hold,-0.009266613714588368,0.9047388781431294
2023-09-22,csi300_etf_buy_hold,0.020042757883484752,0.9228723404255277
2023-09-25,csi300_etf_buy_hold,-0.0073356038773906285,0.9161025145067656
2023-09-26,csi300_etf_buy_hold,-0.005542359461599422,0.911025145067694
2023-09-27,csi300_etf_buy_hold,0.002653927813163648,0.9134429400386807
2023-09-28,csi300_etf_buy_hold,-0.0037056643726840477,0.9100580270792995
2023-10-09,csi300_etf_buy_hold,-0.002656748140276277,0.9076402321083131
2023-10-10,csi300_etf_buy_hold,-0.007192328183271202,0.9011121856866497
2023-10-11,csi300_etf_buy_hold,0.002146498524282281,0.903046421663439
2023-10-12,csi300_etf_buy_hold,0.009638554216867545,0.9117504835589902
2023-10-13,csi300_etf_buy_hold,-0.009281357730045015,0.9032882011605378
2023-10-16,csi300_etf_buy_hold,-0.0115096359743041,0.892891682785296
2023-10-17,csi300_etf_buy_hold,0.0032493907392363575,0.8957930367504797
2023-10-18,csi300_etf_buy_hold,-0.0075573549257760275,0.8890232108317176
2023-10-19,csi300_etf_buy_hold,-0.02094098449823223,0.8704061895551221
2023-10-20,csi300_etf_buy_hold,-0.0050000000000001155,0.8660541586073464
2023-10-23,csi300_etf_buy_hold,-0.010608598548296988,0.8568665377175979
2023-10-24,csi300_etf_buy_hold,0.0014108352144468483,0.858075435203091
2023-10-25,csi300_etf_buy_hold,0.005635390250774863,0.8629110251450639
2023-10-26,csi300_etf_buy_hold,0.0036424768842813204,0.8660541586073462
2023-10-27,csi300_etf_buy_hold,0.015075376884422287,0.8791102514506732
2023-10-30,csi300_etf_buy_hold,0.004400440044004306,0.8829787234042514
2023-10-31,csi300_etf_buy_hold,-0.0021905805038334725,0.8810444874274623
2023-11-01,csi300_etf_buy_hold,-0.0005488474204171645,0.880560928433265
2023-11-02,csi300_etf_buy_hold,-0.004667764964305321,0.876450676982588
2023-11-03,csi300_etf_buy_hold,0.007724137931034436,0.8832205029013501
2023-11-06,csi300_etf_buy_hold,0.013139885026006048,0.8948259187620851
2023-11-07,csi300_etf_buy_hold,-0.0029721696838692635,0.8921663442939999
2023-11-08,csi300_etf_buy_hold,-0.0029810298102981303,0.8895067698259148
2023-11-09,csi300_etf_buy_hold,0.0008154389779830851,0.8902321083172107
2023-11-10,csi300_etf_buy_hold,-0.007332971211298278,0.8837040618955472
2023-11-13,csi300_etf_buy_hold,-0.001367989056087482,0.882495164410054
2023-11-14,csi300_etf_buy_hold,0.0,0.882495164410054
2023-11-15,csi300_etf_buy_hold,0.006849315068493178,0.8885396518375202
2023-11-16,csi300_etf_buy_hold,-0.009795918367346945,0.879835589941969
2023-11-17,csi300_etf_buy_hold,-0.0013740038472107585,0.8786266924564757
2023-11-20,csi300_etf_buy_hold,0.0030269675288938647,0.8812862669245609
2023-11-21,csi300_etf_buy_hold,0.00137174211248281,0.882495164410054
2023-11-22,csi300_etf_buy_hold,-0.010684931506849238,0.873065764023207
2023-11-23,csi300_etf_buy_hold,0.005261700360011057,0.8776595744680813
2023-11-24,csi300_etf_buy_hold,-0.00688705234159781,0.8716150870406152
2023-11-27,csi300_etf_buy_hold,-0.006657420249653212,0.8658123791102478
2023-11-28,csi300_etf_buy_hold,0.0011170064227870036,0.8667794970986424
2023-11-29,csi300_etf_buy_hold,-0.007531380753138084,0.8602514506769791
2023-11-30,csi300_etf_buy_hold,0.0011242270938729426,0.8612185686653736
2023-12-01,csi300_etf_buy_hold,-0.003930376193149843,0.8578336557059927
2023-12-04,csi300_etf_buy_hold,-0.006764374295377684,0.8520309477756252
2023-12-05,csi300_etf_buy_hold,-0.018728717366628733,0.8360735009671146
2023-12-06,csi300_etf_buy_hold,0.0014459224985541308,0.8372823984526079
2023-12-07,csi300_etf_buy_hold,-0.0025989026855327557,0.8351063829787201
2023-12-08,csi300_etf_buy_hold,0.002026635784597497,0.8367988394584105
2023-12-11,csi300_etf_buy_hold,0.006934412019647507,0.842601547388778
2023-12-12,csi300_etf_buy_hold,0.0022955523672882894,0.8445357833655671
2023-12-13,csi300_etf_buy_hold,-0.01660463784712274,0.8305125725338458
2023-12-14,csi300_etf_buy_hold,-0.004657933042212514,0.8266441005802675
2023-12-15,csi300_etf_buy_hold,-0.0020473822755191495,0.824951644100577
2023-12-18,csi300_etf_buy_hold,-0.004103165298944833,0.821566731141196
2023-12-19,csi300_etf_buy_hold,0.0005885815185402432,0.8220502901353933
2023-12-20,csi300_etf_buy_hold,-0.009117647058823453,0.8145551257253354
2023-12-21,csi300_etf_buy_hold,0.00920154348471347,0.8220502901353933
2023-12-22,csi300_etf_buy_hold,0.0017647058823531125,0.8235009671179854
2023-12-25,csi300_etf_buy_hold,0.002642395772166628,0.825676982591873
2023-12-26,csi300_etf_buy_hold,-0.005856515373352855,0.8208413926499002
2023-12-27,csi300_etf_buy_hold,0.002945508100147265,0.8232591876208867
2023-12-28,csi300_etf_buy_hold,0.02466960352422909,0.8435686653771729
2023-12-29,csi300_etf_buy_hold,0.002866150759530006,0.8459864603481594
2024-01-02,csi300_etf_buy_hold,-0.013146613318090972,0.8348646034816216
2024-01-03,csi300_etf_buy_hold,-0.002896032435563245,0.8324468085106352
2024-01-04,csi300_etf_buy_hold,-0.00871333139703756,0.8251934235976758
2024-01-05,csi300_etf_buy_hold,-0.004980955171403401,0.8210831721469989
2024-01-08,csi300_etf_buy_hold,-0.013839811542991631,0.8097195357833626
2024-01-09,csi300_etf_buy_hold,0.0023887727679905435,0.8116537717601519
2024-01-10,csi300_etf_buy_hold,-0.00476616026213883,0.8077852998065735
2024-01-11,csi300_etf_buy_hold,0.005686920083807223,0.8123791102514478
2024-01-12,csi300_etf_buy_hold,-0.003273809523809401,0.8097195357833629
2024-01-15,csi300_etf_buy_hold,-0.0011943863839952717,0.8087524177949682
2024-01-16,csi300_etf_buy_hold,0.006576980568011814,0.8140715667311382
2024-01-17,csi300_etf_buy_hold,-0.022275022275022316,0.7959381044487398
2024-01-18,csi300_etf_buy_hold,-0.007290400972053468,0.7901353965183723
2024-01-19,csi300_etf_buy_hold,0.0021419828641371375,0.7918278529980628
2024-01-22,csi300_etf_buy_hold,-0.02106870229007629,0.7751450676982563
2024-01-23,csi300_etf_buy_hold,0.006862133499688117,0.7804642166344266
2024-01-24,csi300_etf_buy_hold,0.01579925650557601,0.7927949709864573
2024-01-25,csi300_etf_buy_hold,0.01707837755413233,0.8063346228239815
2024-01-26,csi300_etf_buy_hold,-0.0017991004497750485,0.8048839458413897
2024-01-29,csi300_etf_buy_hold,-0.009011715229798822,0.7976305609284302
2024-01-30,csi300_etf_buy_hold,-0.01697484086086698,0.7840909090909061
2024-01-31,csi300_etf_buy_hold,-0.006475485661424529,0.7790135396518346
2024-02-01,csi300_etf_buy_hold,-0.0012414649286157653,0.7780464216634401
2024-02-02,csi300_etf_buy_hold,-0.009322560596643825,0.7707930367504807
2024-02-05,csi300_etf_buy_hold,0.006273525721455453,0.7756286266924536
2024-02-06,csi300_etf_buy_hold,0.032107231920199375,0.800531914893614
2024-02-07,csi300_etf_buy_hold,0.008758683177287896,0.8075435203094747
2024-02-08,csi300_etf_buy_hold,0.006586826347305452,0.812862669245645
2024-02-19,csi300_etf_buy_hold,0.00803093396787613,0.8193907156673083
2024-02-20,csi300_etf_buy_hold,0.0035408675125405686,0.822292069632492
2024-02-21,csi300_etf_buy_hold,0.01411349603057932,0.8338974854932271
2024-02-22,csi300_etf_buy_hold,0.00753841693244417,0.8401837524177919
2024-02-23,csi300_etf_buy_hold,0.0008633093525181046,0.8409090909090879
2024-02-26,csi300_etf_buy_hold,-0.010063254744105854,0.8324468085106353
2024-02-27,csi300_etf_buy_hold,0.011908219575951229,0.8423597678916798
2024-02-28,csi300_etf_buy_hold,-0.010332950631458115,0.8336557059961285
2024-02-29,csi300_etf_buy_hold,0.01595127610208813,0.8469535783365539
2024-03-01,csi300_etf_buy_hold,0.007707679132172407,0.8534816247582173
2024-03-04,csi300_etf_buy_hold,-0.0008498583569404028,0.8527562862669215
2024-03-05,csi300_etf_buy_hold,0.008222285228239201,0.8597678916827821
2024-03-06,csi300_etf_buy_hold,-0.003937007874015852,0.856382978723401
2024-03-07,csi300_etf_buy_hold,-0.005364201016374803,0.8517891682785268
2024-03-08,csi300_etf_buy_hold,0.0028384899233606653,0.8542069632495132
2024-03-11,csi300_etf_buy_hold,0.013586187376167569,0.8658123791102481
2024-03-12,csi300_etf_buy_hold,0.0013962580284836434,0.8670212765957414
2024-03-13,csi300_etf_buy_hold,-0.005856107083100914,0.8619439071566698
2024-03-14,csi300_etf_buy_hold,-0.003646563814866721,0.8588007736943875
2024-03-15,csi300_etf_buy_hold,0.0025337837837837718,0.8609767891682752
2024-03-18,csi300_etf_buy_hold,0.00870541982589157,0.8684719535783332
2024-03-19,csi300_etf_buy_hold,-0.006403118040089084,0.8629110251450643
2024-03-20,csi300_etf_buy_hold,0.0008405715886803389,0.8636363636363603
2024-03-21,csi300_etf_buy_hold,-0.0005599104143337863,0.8631528046421629
2024-03-22,csi300_etf_buy_hold,-0.008683473389355711,0.855657640232105
2024-03-25,csi300_etf_buy_hold,-0.005368748233964382,0.8510638297872307
2024-03-26,csi300_etf_buy_hold,0.0031250000000000444,0.8537234042553159
2024-03-27,csi300_etf_buy_hold,-0.010761823845936047,0.8445357833655673
2024-03-28,csi300_etf_buy_hold,0.004866876610363446,0.8486460348162442
2024-03-29,csi300_etf_buy_hold,0.004558404558404616,0.8525145067698227
2024-04-01,csi300_etf_buy_hold,0.016449234259784618,0.8665377176015442
2024-04-02,csi300_etf_buy_hold,-0.0033482142857143016,0.8636363636363604
2024-04-03,csi300_etf_buy_hold,-0.00391937290033606,0.8602514506769793
2024-04-08,csi300_etf_buy_hold,-0.008150646430578945,0.8532398452611186
2024-04-09,csi300_etf_buy_hold,-0.0017001983564748357,0.8517891682785268
2024-04-10,csi300_etf_buy_hold,-0.0073800738007381295,0.8455029013539619
2024-04-11,csi300_etf_buy_hold,-0.0008578781812981218,0.844777562862666
2024-04-12,csi300_etf_buy_hold,-0.00801373783629078,0.838007736943904
2024-04-15,csi300_etf_buy_hold,0.021061742642815906,0.855657640232105
2024-04-16,csi300_etf_buy_hold,-0.009042102288782106,0.8479206963249484
2024-04-17,csi300_etf_buy_hold,0.013116623895066848,0.8590425531914859
2024-04-18,csi300_etf_buy_hold,0.0016887137630172688,0.8604932301740779
2024-04-19,csi300_etf_buy_hold,-0.007867378477100284,0.8537234042553158
2024-04-22,csi300_etf_buy_hold,-0.0019824412347777542,0.8520309477756252
2024-04-23,csi300_etf_buy_hold,-0.007094211123722993,0.845986460348159
2024-04-24,csi300_etf_buy_hold,0.004001143183766764,0.8493713733075401
2024-04-25,csi300_etf_buy_hold,0.002846569883290684,0.8517891682785266
2024-04-26,csi300_etf_buy_hold,0.01419244961680377,0.8638781431334588
2024-04-29,csi300_etf_buy_hold,0.012034704729918966,0.8742746615087006
2024-04-30,csi300_etf_buy_hold,-0.004977876106194712,0.869922630560925
2024-05-06,csi300_etf_buy_hold,0.0138966092273487,0.8820116054158574
2024-05-07,csi300_etf_buy_hold,0.0005482456140351033,0.8824951644100547
2024-05-08,csi300_etf_buy_hold,-0.007945205479451989,0.875483558994194
2024-05-09,csi300_etf_buy_hold,0.009665838166252438,0.8839458413926466
2024-05-10,csi300_etf_buy_hold,0.000547045951859948,0.8844294003868439
2024-05-13,csi300_etf_buy_hold,-0.0008201202843084454,0.883704061895548
2024-05-14,csi300_etf_buy_hold,-0.0016415868673049783,0.8822533849129561
2024-05-15,csi300_etf_buy_hold,-0.0071252397917237476,0.8759671179883913
2024-05-16,csi300_etf_buy_hold,0.003312172232956101,0.8788684719535751
2024-05-17,csi300_etf_buy_hold,0.011279229711141703,0.8887814313346195
2024-05-20,csi300_etf_buy_hold,0.0021762785636560977,0.8907156673114086
2024-05-21,csi300_etf_buy_hold,-0.0032573289902280145,0.8878143133462248
2024-05-22,csi300_etf_buy_hold,0.002178649237472685,0.889748549323014
2024-05-23,csi300_etf_buy_hold,-0.010054347826087051,0.880802707930364
2024-05-24,csi300_etf_buy_hold,-0.01125446060938784,0.8708897485493196
2024-05-27,csi300_etf_buy_hold,0.008328706274292053,0.8781431334622789
2024-05-28,csi300_etf_buy_hold,-0.006332599118942794,0.87258220502901
2024-05-29,csi300_etf_buy_hold,0.0002770850651150347,0.8728239845261087
2024-05-30,csi300_etf_buy_hold,-0.0038781163434902233,0.8694390715667277
2024-05-31,csi300_etf_buy_hold,-0.0038932146829812053,0.8660541586073466
2024-06-03,csi300_etf_buy_hold,0.0013958682300392322,0.8672630560928399
2024-06-04,csi300_etf_buy_hold,0.006969612489545529,0.873307543520306
2024-06-05,csi300_etf_buy_hold,-0.003599114064230302,0.8701644100580237
2024-06-06,csi300_etf_buy_hold,0.0,0.8701644100580237
2024-06-07,csi300_etf_buy_hold,-0.006390664073353758,0.8646034816247549
2024-06-11,csi300_etf_buy_hold,-0.006991051454138697,0.8585589941972888
2024-06-12,csi300_etf_buy_hold,-0.0011264432554209947,0.8575918762088942
2024-06-13,csi300_etf_buy_hold,-0.0036650690724556734,0.8544487427466118
2024-06-14,csi300_etf_buy_hold,0.005659309564233217,0.8592843326885847
2024-06-17,csi300_etf_buy_hold,-0.002813731007315634,0.8568665377175984
2024-06-18,csi300_etf_buy_hold,0.003103837471783333,0.8595261121856835
2024-06-19,csi300_etf_buy_hold,-0.002812939521800395,0.8571083172146969
2024-06-20,csi300_etf_buy_hold,-0.006488011283497963,0.851547388781428
2024-06-21,csi300_etf_buy_hold,-0.0017035775127767216,0.8500967117988362
2024-06-24,csi300_etf_buy_hold,-0.004835039817974951,0.8459864603481593
2024-06-25,csi300_etf_buy_hold,-0.0060017147756501465,0.8409090909090877
2024-06-26,csi300_etf_buy_hold,0.006037952846463357,0.8459864603481592
2024-06-27,csi300_etf_buy_hold,-0.005430122892254974,0.8413926499032849
2024-06-28,csi300_etf_buy_hold,0.0020114942528735025,0.8430851063829754
2024-07-01,csi300_etf_buy_hold,0.0040149125322626045,0.8464700193423563
2024-07-02,csi300_etf_buy_hold,-0.00142816338189089,0.8452611218568631
2024-07-03,csi300_etf_buy_hold,-0.0017162471395880674,0.8438104448742713
2024-07-04,csi300_etf_buy_hold,-0.004297994269340966,0.8401837524177916
2024-07-05,csi300_etf_buy_hold,-0.004892086330935186,0.8360735009671147
2024-07-08,csi300_etf_buy_hold,-0.006940427993059606,0.8302707930367472
2024-07-09,csi300_etf_buy_hold,0.010774606872451908,0.8392166344293971
2024-07-10,csi300_etf_buy_hold,-0.002304811293575293,0.837282398452608
2024-07-11,csi300_etf_buy_hold,0.013283280392722974,0.8484042553191455
2024-07-12,csi300_etf_buy_hold,0.0028498147620406034,0.8508220502901321
2024-07-15,csi300_etf_buy_hold,0.001989201477692326,0.8525145067698224
2024-07-16,csi300_etf_buy_hold,0.007090187180941676,0.8585589941972886
2024-07-17,csi300_etf_buy_hold,0.0014080540692762433,0.8597678916827819
2024-07-18,csi300_etf_buy_hold,0.0059055118110236116,0.8648452611218534
2024-07-19,csi300_etf_buy_hold,0.006429969247973233,0.8704061895551224
2024-07-22,csi300_etf_buy_hold,-0.008055555555555483,0.8633945841392617
2024-07-23,csi300_etf_buy_hold,-0.019602352282273916,0.8464700193423565
2024-07-24,csi300_etf_buy_hold,-0.006283918880319872,0.8411508704061864
2024-07-25,csi300_etf_buy_hold,-0.005748778384593312,0.8363152804642134
2024-07-26,csi300_etf_buy_hold,0.004336513443191636,0.8399419729206931
2024-07-29,csi300_etf_buy_hold,-0.005757052389176787,0.8351063829787201
2024-07-30,csi300_etf_buy_hold,-0.006658946149391998,0.8295454545454513
2024-07-31,csi300_etf_buy_hold,0.02244243660740297,0.8481624758220468
2024-08-01,csi300_etf_buy_hold,-0.007126567844925824,0.8421179883945807
2024-08-02,csi300_etf_buy_hold,-0.01033591731266148,0.8334139264990296
2024-08-05,csi300_etf_buy_hold,-0.011314186248912117,0.8239845261121824
2024-08-06,csi300_etf_buy_hold,0.0,0.8239845261121824
2024-08-07,csi300_etf_buy_hold,-0.0020539906103286265,0.8222920696324919
2024-08-08,csi300_etf_buy_hold,0.0011761246692150173,0.8232591876208866
2024-08-09,csi300_etf_buy_hold,-0.0035242290748899174,0.8203578336557028
2024-08-12,csi300_etf_buy_hold,-0.0011788977306218529,0.8193907156673083
2024-08-13,csi300_etf_buy_hold,0.0014753614635587553,0.8205996131528016
2024-08-14,csi300_etf_buy_hold,-0.00707130229817321,0.8147969052224342
2024-08-15,csi300_etf_buy_hold,0.011275964391691318,0.8239845261121826
2024-08-16,csi300_etf_buy_hold,0.0005868544600939885,0.82446808510638
2024-08-19,csi300_etf_buy_hold,0.0026392961876833265,0.8266441005802678
2024-08-20,csi300_etf_buy_hold,-0.004679730915472358,0.8227756286266895
2024-08-21,csi300_etf_buy_hold,-0.004407875404055295,0.8191489361702098
2024-08-22,csi300_etf_buy_hold,-0.002656434474616276,0.816972920696322
2024-08-23,csi300_etf_buy_hold,0.004143237644273379,0.8203578336557029
2024-08-26,csi300_etf_buy_hold,0.0002947244326556575,0.8205996131528017
2024-08-27,csi300_etf_buy_hold,-0.005008839127872866,0.8164893617021246
2024-08-28,csi300_etf_buy_hold,-0.005922416345868986,0.8116537717601519
2024-08-29,csi300_etf_buy_hold,-0.0029788501638368103,0.8092359767891654
2024-08-30,csi300_etf_buy_hold,0.013444876008365636,0.8201160541586043
2024-09-02,csi300_etf_buy_hold,-0.017688679245283057,0.8056092843326856
2024-09-03,csi300_etf_buy_hold,0.0036014405762305746,0.8085106382978694
2024-09-04,csi300_etf_buy_hold,-0.006279904306220052,0.8034332688587978
2024-09-05,csi300_etf_buy_hold,0.002106530243755733,0.8051257253384885
2024-09-06,csi300_etf_buy_hold,-0.008408408408408397,0.7983558994197264
2024-09-09,csi300_etf_buy_hold,-0.012416717141126576,0.788442940038682
2024-09-10,csi300_etf_buy_hold,0.0,0.788442940038682
2024-09-11,csi300_etf_buy_hold,-0.00214658080343455,0.7867504835589915
2024-09-12,csi300_etf_buy_hold,-0.0033804548248310695,0.7840909090909063
2024-09-13,csi300_etf_buy_hold,-0.0046253469010174575,0.7804642166344267
2024-09-18,csi300_etf_buy_hold,0.0030978934324659146,0.7828820116054132
2024-09-19,csi300_etf_buy_hold,0.008338480543545357,0.7894100580270765
2024-09-20,csi300_etf_buy_hold,0.0027565084226646164,0.7915860735009643
2024-09-23,csi300_etf_buy_hold,0.002748930971288921,0.7937620889748521
2024-09-24,csi300_etf_buy_hold,0.04386232104782217,0.828578336557057
2024-09-25,csi300_etf_buy_hold,0.013714619200466904,0.8399419729206934
2024-09-26,csi300_etf_buy_hold,0.04778353483016695,0.8800773694390684
2024-09-27,csi300_etf_buy_hold,0.06291208791208791,0.9354448742746582
2024-09-30,csi300_etf_buy_hold,0.0940811579219436,1.023452611218565
2024-10-08,csi300_etf_buy_hold,0.042286794235766756,1.0667311411992226
2024-10-09,csi300_etf_buy_hold,-0.08839528558476872,0.9724371373307511
2024-10-10,csi300_etf_buy_hold,0.015912481352560848,0.9879110251450643
2024-10-11,csi300_etf_buy_hold,-0.026676456191874753,0.9615570599613119
2024-10-14,csi300_etf_buy_hold,0.01584108624591396,0.9767891682785265
2024-10-15,csi300_etf_buy_hold,-0.026980198019802004,0.9504352030947741
2024-10-16,csi300_etf_buy_hold,-0.0063597049096921765,0.944390715667308
2024-10-17,csi300_etf_buy_hold,-0.011008704557091686,0.9339941972920662
2024-10-18,csi300_etf_buy_hold,0.03960652342738813,0.970986460348159
2024-10-21,csi300_etf_buy_hold,0.0,0.970986460348159
2024-10-22,csi300_etf_buy_hold,0.005976095617529875,0.9767891682785266
2024-10-23,csi300_etf_buy_hold,0.003712871287128605,0.9804158607350062
2024-10-24,csi300_etf_buy_hold,-0.01085080147965467,0.9697775628626659
2024-10-25,csi300_etf_buy_hold,0.0072301171777611195,0.9767891682785266
2024-10-28,csi300_etf_buy_hold,0.0014851485148514865,0.9782398452611184
2024-10-29,csi300_etf_buy_hold,-0.008156203657933903,0.970261121856863
2024-10-30,csi300_etf_buy_hold,-0.010465985546972312,0.9601063829787199
2024-10-31,csi300_etf_buy_hold,0.0,0.9601063829787199
2024-11-01,csi300_etf_buy_hold,0.0020146058927221766,0.962040618955509
2024-11-04,csi300_etf_buy_hold,0.01331992963056039,0.9748549323017371
2024-11-05,csi300_etf_buy_hold,0.02604166666666652,1.0002417794970948
2024-11-06,csi300_etf_buy_hold,-0.006284747401498647,0.99395551257253
2024-11-07,csi300_etf_buy_hold,0.03332522500608137,1.0270793036750445
2024-11-08,csi300_etf_buy_hold,-0.012711864406779738,1.0140232108317175
2024-11-11,csi300_etf_buy_hold,0.005007153075822668,1.019100580270789
2024-11-12,csi300_etf_buy_hold,-0.010913404507710611,1.0079787234042514
2024-11-13,csi300_etf_buy_hold,0.006236507555768878,1.0142649903288163
2024-11-14,csi300_etf_buy_hold,-0.016924910607866606,0.9970986460348125
2024-11-15,csi300_etf_buy_hold,-0.01673132880698347,0.980415860735006
2024-11-18,csi300_etf_buy_hold,-0.004192355117139224,0.9763056092843291
2024-11-19,csi300_etf_buy_hold,0.004952947003467045,0.9811411992263019
2024-11-20,csi300_etf_buy_hold,0.002464268112370549,0.9835589941972883
2024-11-21,csi300_etf_buy_hold,0.0012291052114061785,0.9847678916827817
2024-11-22,csi300_etf_buy_hold,-0.029462312791554313,0.955754352030944
2024-11-25,csi300_etf_buy_hold,-0.0055653933721223625,0.9504352030947739
2024-11-26,csi300_etf_buy_hold,-0.0020351055711015364,0.9485009671179847
2024-11-27,csi300_etf_buy_hold,0.016314045373438724,0.9639748549322981
2024-11-28,csi300_etf_buy_hold,-0.007273639327815329,0.9569632495164374
2024-11-29,csi300_etf_buy_hold,0.010864072764022348,0.9673597678916792
2024-12-02,csi300_etf_buy_hold,0.007498125468632599,0.9746131528046383
2024-12-03,csi300_etf_buy_hold,0.0009923096005954868,0.975580270793033
2024-12-04,csi300_etf_buy_hold,-0.005204460966542701,0.9705029013539616
2024-12-05,csi300_etf_buy_hold,-0.0017438963627305348,0.9688104448742709
2024-12-06,csi300_etf_buy_hold,0.012478163214375115,0.9808994197292035
2024-12-09,csi300_etf_buy_hold,-0.0007394626571358698,0.9801740812379075
2024-12-10,csi300_etf_buy_hold,0.00764676862358149,0.9876692456479653
2024-12-11,csi300_etf_buy_hold,-0.00244798041615657,0.985251450676979
2024-12-12,csi300_etf_buy_hold,0.010306748466257565,0.995406189555122
2024-12-13,csi300_etf_buy_hold,-0.02356084527568625,0.9719535783365533
2024-12-16,csi300_etf_buy_hold,-0.005970149253731294,0.9661508704061859
2024-12-17,csi300_etf_buy_hold,0.002752752752752663,0.9688104448742708
2024-12-18,csi300_etf_buy_hold,0.004242575492887424,0.9729206963249477
2024-12-19,csi300_etf_buy_hold,0.0014910536779324524,0.9743713733075396
2024-12-20,csi300_etf_buy_hold,-0.0029776674937966874,0.9714700193423558
2024-12-23,csi300_etf_buy_hold,0.0009955201592832807,0.9724371373307504
2024-12-24,csi300_etf_buy_hold,0.011685728493286751,0.9838007736943866
2024-12-25,csi300_etf_buy_hold,0.0007372818874415987,0.9845261121856824
2024-12-26,csi300_etf_buy_hold,0.000245579567780041,0.9847678916827811
2024-12-27,csi300_etf_buy_hold,-0.001473115639577749,0.9833172147001892
2024-12-30,csi300_etf_buy_hold,0.004671748217359273,0.9879110251450635
2024-12-31,csi300_etf_buy_hold,-0.01566324033284383,0.9724371373307502
2025-01-02,csi300_etf_buy_hold,-0.02809547488811548,0.9451160541586032
2025-01-03,csi300_etf_buy_hold,-0.010232796111537379,0.9354448742746575
2025-01-06,csi300_etf_buy_hold,-0.00413543551305251,0.9315764023210792
2025-01-07,csi300_etf_buy_hold,0.007007526602647252,0.9381044487427426
2025-01-08,csi300_etf_buy_hold,-0.001546391752577314,0.9366537717601507
2025-01-09,csi300_etf_buy_hold,-0.0020650490449147796,0.9347195357833616
2025-01-10,csi300_etf_buy_hold,-0.01112260734609416,0.92432301740812
2025-01-13,csi300_etf_buy_hold,-0.0039236201935652915,0.9206963249516402
2025-01-14,csi300_etf_buy_hold,0.02573529411764719,0.9443907156673076
2025-01-15,csi300_etf_buy_hold,-0.005888376856118871,0.9388297872340386
2025-01-16,csi300_etf_buy_hold,0.000515065670873005,0.9393133462282359
2025-01-17,csi300_etf_buy_hold,0.0033462033462035023,0.9424564796905185
2025-01-20,csi300_etf_buy_hold,0.004874294510005095,0.9470502901353927
2025-01-21,csi300_etf_buy_hold,0.0012764871074804063,0.948259187620886
2025-01-22,csi300_etf_buy_hold,-0.009178990311065838,0.9395551257253347
2025-01-23,csi300_etf_buy_hold,0.002830674215131168,0.9422147001934198
2025-01-24,csi300_etf_buy_hold,0.008211444701052173,0.9499516441005765
2025-01-27,csi300_etf_buy_hold,-0.0055993891575464305,0.9446324951644064
2025-02-05,csi300_etf_buy_hold,-0.005119017148707439,0.9397969052224335
2025-02-06,csi300_etf_buy_hold,0.011577051710830899,0.9506769825918725
2025-02-07,csi300_etf_buy_hold,0.014242115971515812,0.9642166344293966
2025-02-10,csi300_etf_buy_hold,0.0010030090270811698,0.9651837524177912
2025-02-11,csi300_etf_buy_hold,-0.004008016032064132,0.9613152804642129
2025-02-12,csi300_etf_buy_hold,0.009557344064386353,0.9705029013539614
2025-02-13,csi300_etf_buy_hold,-0.0024912805181864783,0.9680851063829748
2025-02-14,csi300_etf_buy_hold,0.007492507492507627,0.9753384912959343
2025-02-17,csi300_etf_buy_hold,0.0017352503718395251,0.9770309477756249
2025-02-18,csi300_etf_buy_hold,-0.007176441474882611,0.9700193423597641
2025-02-19,csi300_etf_buy_hold,0.005234297108674069,0.9750967117988357
2025-02-20,csi300_etf_buy_hold,-0.0029754525167370316,0.9721953578336519
2025-02-21,csi300_etf_buy_hold,0.013429495150460102,0.9852514506769787
2025-02-24,csi300_etf_buy_hold,-0.0031901840490797806,0.9821083172146963
2025-02-25,csi300_etf_buy_hold,-0.0100935499753817,0.9721953578336517
2025-02-26,csi300_etf_buy_hold,0.008206913703058927,0.9801740812379071
2025-02-27,csi300_etf_buy_hold,0.003206709422792331,0.9833172147001895
2025-02-28,csi300_etf_buy_hold,-0.01794934841406437,0.9656673114119885
2025-03-03,csi300_etf_buy_hold,-0.003254882323485364,0.9625241779497059
2025-03-04,csi300_etf_buy_hold,-0.0010047726701833959,0.9615570599613114
2025-03-05,csi300_etf_buy_hold,0.004274578828262543,0.9656673114119884
2025-03-06,csi300_etf_buy_hold,0.013770655983976088,0.9789651837524139
2025-03-07,csi300_etf_buy_hold,-0.002469745616201724,0.9765473887814273
2025-03-10,csi300_etf_buy_hold,-0.003961376578360931,0.972678916827849
2025-03-11,csi300_etf_buy_hold,0.002982848620432632,0.9755802707930329
2025-03-12,csi300_etf_buy_hold,-0.0024783147459727095,0.9731624758220465
2025-03-13,csi300_etf_buy_hold,-0.00496894409937898,0.9683268858800735
2025-03-14,csi300_etf_buy_hold,0.025218476903870135,0.9927466150870367
2025-03-17,csi300_etf_buy_hold,-0.002922552362396358,0.989845261121853
2025-03-18,csi300_etf_buy_hold,0.0021983390327307006,0.9920212765957407
2025-03-19,csi300_etf_buy_hold,0.0014623446258834605,0.9934719535783325
2025-03-20,csi300_etf_buy_hold,-0.008031151131662306,0.9854932301740771
2025-03-21,csi300_etf_buy_hold,-0.01619234543670256,0.9695357833655666
2025-03-24,csi300_etf_buy_hold,0.004239401496259454,0.9736460348162437
2025-03-25,csi300_etf_buy_hold,0.0004966476285075405,0.974129593810441
2025-03-26,csi300_etf_buy_hold,-0.0039712087366592375,0.9702611218568626
2025-03-27,csi300_etf_buy_hold,0.0034886618489908816,0.9736460348162438
2025-03-28,csi300_etf_buy_hold,-0.004718152470821968,0.9690522243713695
2025-03-31,csi300_etf_buy_hold,-0.005988023952095856,0.963249516441002
2025-04-01,csi300_etf_buy_hold,-0.0005020080321284093,0.9627659574468048
2025-04-02,csi300_etf_buy_hold,-0.0007533902561527306,0.9620406189555089
2025-04-03,csi300_etf_buy_hold,-0.00502638853983417,0.9572050290135359
2025-04-07,csi300_etf_buy_hold,-0.06668350593584249,0.8933752417794935
2025-04-08,csi300_etf_buy_hold,0.009472259810554773,0.901837524177946
2025-04-09,csi300_etf_buy_hold,0.00965147453083115,0.9105415860734973
2025-04-10,csi300_etf_buy_hold,0.016728624535315983,0.925773694390712
2025-04-11,csi300_etf_buy_hold,0.0028728127448418572,0.928433268858797
2025-04-14,csi300_etf_buy_hold,0.002083333333333437,0.9303675048355862
2025-04-15,csi300_etf_buy_hold,0.0007796257796257589,0.9310928433268821
2025-04-16,csi300_etf_buy_hold,0.002337055310309033,0.9332688588007699
2025-04-17,csi300_etf_buy_hold,0.0007772020725389517,0.9339941972920659
2025-04-18,csi300_etf_buy_hold,0.0025886616619208436,0.9364119922630524
2025-04-21,csi300_etf_buy_hold,0.0005163955589981839,0.9368955512572497
2025-04-22,csi300_etf_buy_hold,0.0007741935483871476,0.9376208897485456
2025-04-23,csi300_etf_buy_hold,0.001031459515214106,0.9385880077369403
2025-04-24,csi300_etf_buy_hold,0.0,0.9385880077369403
2025-04-25,csi300_etf_buy_hold,0.0,0.9385880077369403
2025-04-28,csi300_etf_buy_hold,-0.0015455950540959051,0.9371373307543484
2025-04-29,csi300_etf_buy_hold,-0.00180598555211553,0.9354448742746578
2025-04-30,csi300_etf_buy_hold,-0.0007753941586973179,0.9347195357833619
2025-05-06,csi300_etf_buy_hold,0.009570615623383238,0.9436653771760116
2025-05-07,csi300_etf_buy_hold,0.006149116064565696,0.949468085106379
2025-05-08,csi300_etf_buy_hold,0.005856888209829325,0.9550290135396479
2025-05-09,csi300_etf_buy_hold,-0.0012658227848102444,0.9538201160541545
2025-05-12,csi300_etf_buy_hold,0.011406844106463865,0.9647001934235935
2025-05-13,csi300_etf_buy_hold,0.001002506265664227,0.9656673114119881
2025-05-14,csi300_etf_buy_hold,0.01276915373059584,0.9779980657640189
2025-05-15,csi300_etf_buy_hold,-0.008405438813349764,0.969777562862665
2025-05-16,csi300_etf_buy_hold,-0.005484916479680968,0.9644584139264948
2025-05-19,csi300_etf_buy_hold,-0.0015041363750313286,0.963007736943903
2025-05-20,csi300_etf_buy_hold,0.005021340697966448,0.9678433268858759
2025-05-21,csi300_etf_buy_hold,0.003997002248313786,0.9717117988394542
2025-05-22,csi300_etf_buy_hold,-0.0004976362279173197,0.9712282398452571
2025-05-23,csi300_etf_buy_hold,-0.0072193178989296,0.9642166344293963
2025-05-26,csi300_etf_buy_hold,-0.0052657973921764745,0.9591392649903249
2025-05-27,csi300_etf_buy_hold,-0.005293672800604998,0.9540618955512533
2025-05-28,csi300_etf_buy_hold,-0.0010136847440446184,0.9530947775628588
2025-05-29,csi300_etf_buy_hold,0.0060882800608828,0.9588974854932263
2025-05-30,csi300_etf_buy_hold,-0.0017650025214321907,0.9572050290135358
2025-06-03,csi300_etf_buy_hold,-0.0005051780752716173,0.9567214700193384
2025-06-04,csi300_etf_buy_hold,0.004296183977761103,0.9608317214700155
2025-06-05,csi300_etf_buy_hold,0.0025163563160544022,0.963249516441002
2025-06-06,csi300_etf_buy_hold,0.0005020080321285203,0.9637330754351993
2025-06-09,csi300_etf_buy_hold,0.002257902659307476,0.9659090909090869
2025-06-10,csi300_etf_buy_hold,-0.005757196495619565,0.9603481624758181
2025-06-11,csi300_etf_buy_hold,0.008056394763343189,0.9680851063829745
2025-06-12,csi300_etf_buy_hold,0.0004995004995007601,0.968568665377172
2025-06-13,csi300_etf_buy_hold,-0.00649026460309543,0.9622823984526072
2025-06-16,csi300_etf_buy_hold,0.002512562814070307,0.9647001934235936
2025-06-17,csi300_etf_buy_hold,-0.00025062656641616776,0.9644584139264948
2025-06-18,csi300_etf_buy_hold,-0.02130859864627721,0.94390715667311
2025-06-19,csi300_etf_buy_hold,-0.007940573770491732,0.936411992263052
2025-06-20,csi300_etf_buy_hold,0.0012909888974954598,0.9376208897485453
2025-06-23,csi300_etf_buy_hold,0.0033522434244455113,0.9407640232108276
2025-06-24,csi300_etf_buy_hold,0.01156515034695449,0.9516441005802666
2025-06-25,csi300_etf_buy_hold,0.016514227642276502,0.9673597678916787
2025-06-26,csi300_etf_buy_hold,-0.0037490627343164107,0.963733075435199
2025-06-27,csi300_etf_buy_hold,-0.005770195684897228,0.9581721470019301
2025-06-30,csi300_etf_buy_hold,0.004794347716376546,0.9627659574468044
2025-07-01,csi300_etf_buy_hold,0.0015067805123052391,0.9642166344293961
2025-07-02,csi300_etf_buy_hold,0.0010030090270811698,0.9651837524177906
2025-07-03,csi300_etf_buy_hold,0.005761523046092121,0.9707446808510594
2025-07-04,csi300_etf_buy_hold,0.004234122042341415,0.9748549323017365
2025-07-07,csi300_etf_buy_hold,-0.004464285714285698,0.9705029013539609
2025-07-08,csi300_etf_buy_hold,0.008470353761833582,0.9787234042553148
2025-07-09,csi300_etf_buy_hold,-0.0007411067193676679,0.9779980657640188
2025-07-10,csi300_etf_buy_hold,0.004944375772558907,0.9828336557059919
2025-07-11,csi300_etf_buy_hold,0.0034440344403441348,0.9862185686653727
2025-07-14,csi300_etf_buy_hold,-0.00024515812699177353,0.9859767891682742
2025-07-15,csi300_etf_buy_hold,0.0,0.9859767891682742
2025-07-16,csi300_etf_buy_hold,-0.002206964198136374,0.9838007736943865
2025-07-17,csi300_etf_buy_hold,0.00811010076185803,0.9917794970986418
2025-07-18,csi300_etf_buy_hold,0.00731350560702082,0.999032882011601
2025-07-21,csi300_etf_buy_hold,0.006050338818973877,1.0050773694390671
2025-07-22,csi300_etf_buy_hold,0.010584556170315063,1.0157156673114074
2025-07-23,csi300_etf_buy_hold,-0.0004760771244941564,1.01523210831721
2025-07-24,csi300_etf_buy_hold,0.006191950464396134,1.0215183752417747
2025-07-25,csi300_etf_buy_hold,-0.0052071005917158075,1.0161992263056048
2025-07-28,csi300_etf_buy_hold,0.002617178206043347,1.0188588007736898
2025-07-29,csi300_etf_buy_hold,0.004983388704318914,1.0239361702127614
2025-07-30,csi300_etf_buy_hold,-0.0007083825265643551,1.0232108317214654
2025-07-31,csi300_etf_buy_hold,-0.018194706994328902,1.0045938104448697
2025-08-01,csi300_etf_buy_hold,-0.005294825511432122,0.9992746615086995
2025-08-04,csi300_etf_buy_hold,0.004597144931042907,1.0038684719535738
2025-08-05,csi300_etf_buy_hold,0.007466281310211764,1.0113636363636316
2025-08-06,csi300_etf_buy_hold,0.0026296916088932587,1.0140232108317169
2025-08-07,csi300_etf_buy_hold,-0.00023843586075356082,1.013781431334618
2025-08-08,csi300_etf_buy_hold,-0.0023849272597185056,1.0113636363636318
2025-08-11,csi300_etf_buy_hold,0.004542194597179083,1.015957446808506
2025-08-12,csi300_etf_buy_hold,0.006187529747739173,1.0222437137330707
2025-08-13,csi300_etf_buy_hold,0.008278145695364225,1.0307059961315232
2025-08-14,csi300_etf_buy_hold,-0.0016420361247946325,1.029013539651833
2025-08-15,csi300_etf_buy_hold,0.009163533834586346,1.0384429400386799
2025-08-18,csi300_etf_buy_hold,0.007450523864959369,1.0461798839458367
2025-08-19,csi300_etf_buy_hold,-0.005084354055927998,1.0408607350096664
2025-08-20,csi300_etf_buy_hold,0.013704994192799136,1.0551257253384865
2025-08-21,csi300_etf_buy_hold,0.0032080659945004086,1.0585106382978675
2025-08-22,csi300_etf_buy_hold,0.023069894929191426,1.0829303675048307
2025-08-25,csi300_etf_buy_hold,0.01920071444518867,1.1037234042553141
2025-08-26,csi300_etf_buy_hold,-0.005257393209200489,1.0979206963249466
2025-08-27,csi300_etf_buy_hold,-0.01453424355868771,1.0819632495164357
2025-08-28,csi300_etf_buy_hold,0.018770949720670504,1.102272727272722
2025-08-29,csi300_etf_buy_hold,0.009212546611098826,1.1124274661508649
2025-09-01,csi300_etf_buy_hold,0.0032601608346010114,1.1160541586073442
2025-09-02,csi300_etf_buy_hold,-0.0056325823223569715,1.1097678916827796
2025-09-03,csi300_etf_buy_hold,-0.008932461873638275,1.0998549323017353
2025-09-04,csi300_etf_buy_hold,-0.020444053638162263,1.0773694390715614
2025-09-05,csi300_etf_buy_hold,0.021992818671454195,1.1010638297872286
2025-09-08,csi300_etf_buy_hold,0.00021958717610881529,1.1013056092843272
2025-09-09,csi300_etf_buy_hold,-0.005927552140504999,1.0947775628626637
2025-09-10,csi300_etf_buy_hold,0.0022084805653712625,1.0971953578336504
2025-09-11,csi300_etf_buy_hold,0.026884089907448283,1.1266924564796852
2025-09-12,csi300_etf_buy_hold,-0.008369098712446288,1.117263056092838
2025-09-15,csi300_etf_buy_hold,0.0017312270071410119,1.119197292069627
2025-09-16,csi300_etf_buy_hold,-0.0019442644199609838,1.1170212765957392
2025-09-17,csi300_etf_buy_hold,0.0071428571428571175,1.1249999999999944
2025-09-18,csi300_etf_buy_hold,-0.012679991403395485,1.1107350096711746
2025-09-19,csi300_etf_buy_hold,0.002176752285589778,1.1131528046421608
2025-09-22,csi300_etf_buy_hold,0.0032580364900085534,1.1167794970986404
2025-09-23,csi300_etf_buy_hold,0.0006494912318684154,1.1175048355899364
2025-09-24,csi300_etf_buy_hold,0.008870618779749151,1.127417794970981
2025-09-25,csi300_etf_buy_hold,0.0068625348488098314,1.1351547388781376
2025-09-26,csi300_etf_buy_hold,-0.009371671991480368,1.124516441005797
2025-09-29,csi300_etf_buy_hold,0.01655557944528052,1.1431334622823925
2025-09-30,csi300_etf_buy_hold,0.0027495769881555887,1.1462765957446748
2025-10-09,csi300_etf_buy_hold,0.015819447373971673,1.164410058027073
2025-10-10,csi300_etf_buy_hold,-0.020141196013288898,1.1409574468085046
2025-10-13,csi300_etf_buy_hold,-0.005721551176096629,1.1344294003868411
2025-10-14,csi300_etf_buy_hold,-0.010017050298380403,1.1230657640232047
2025-10-15,csi300_etf_buy_hold,0.013132400430570623,1.1378143133462222
2025-10-16,csi300_etf_buy_hold,0.003187420314492151,1.1414410058027018
2025-10-17,csi300_etf_buy_hold,-0.020546494386782577,1.1179883945841331
2025-10-20,csi300_etf_buy_hold,0.0034602076124568004,1.1218568665377116
2025-10-21,csi300_etf_buy_hold,0.015086206896551824,1.1387814313346167
2025-10-22,csi300_etf_buy_hold,-0.0031847133757960666,1.1351547388781371
2025-10-23,csi300_etf_buy_hold,0.003833865814696358,1.1395067698259125
2025-10-24,csi300_etf_buy_hold,0.01209420751113921,1.153288201160535
2025-10-27,csi300_etf_buy_hold,0.011740041928721245,1.1668278529980591
2025-10-28,csi300_etf_buy_hold,-0.004973062577704135,1.1610251450676916
2025-10-29,csi300_etf_buy_hold,0.012494793835901907,1.1755319148936105
2025-10-30,csi300_etf_buy_hold,-0.008021390374331472,1.1661025145067634
2025-10-31,csi300_etf_buy_hold,-0.013891768608749744,1.1499032882011542
2025-11-03,csi300_etf_buy_hold,0.0014718250630780805,1.1515957446808445
2025-11-04,csi300_etf_buy_hold,-0.007138358177619097,1.1433752417794907
2025-11-05,csi300_etf_buy_hold,0.0012687671812223744,1.1448259187620826
2025-11-06,csi300_etf_buy_hold,0.014783526927138135,1.1617504835589876
2025-11-07,csi300_etf_buy_hold,-0.002081165452653466,1.159332688588001
2025-11-10,csi300_etf_buy_hold,0.0025026068821689673,1.162234042553185
2025-11-11,csi300_etf_buy_hold,-0.009153318077803285,1.1515957446808445
2025-11-12,csi300_etf_buy_hold,0.000419903422212764,1.1520793036750416
2025-11-13,csi300_etf_buy_hold,0.009863588667366363,1.163442940038678
2025-11-14,csi300_etf_buy_hold,-0.014754779717373379,1.146276595744674
2025-11-17,csi300_etf_buy_hold,-0.006538704914574867,1.1387814313346163
2025-11-18,csi300_etf_buy_hold,-0.00573248407643312,1.1322533849129528
2025-11-19,csi300_etf_buy_hold,0.002989536621823774,1.135638297872334
2025-11-20,csi300_etf_buy_hold,-0.0044709388971684305,1.1305609284332625
2025-11-21,csi300_etf_buy_hold,-0.0239520958083832,1.1034816247582144
2025-11-24,csi300_etf_buy_hold,-0.0015337423312882237,1.1017891682785241
2025-11-25,csi300_etf_buy_hold,0.008777704630239302,1.11146034816247
2025-11-26,csi300_etf_buy_hold,0.006308462040461205,1.1184719535783307
2025-11-27,csi300_etf_buy_hold,-0.0008646779074795719,1.117504835589936
2025-11-28,csi300_etf_buy_hold,0.0028126352228472484,1.1206479690522184
2025-12-01,csi300_etf_buy_hold,0.011218985976267692,1.1332205029013482
2025-12-02,csi300_etf_buy_hold,-0.004480477917644499,1.1281431334622767
2025-12-03,csi300_etf_buy_hold,-0.004500642948992883,1.123065764023205
2025-12-04,csi300_etf_buy_hold,0.00258342303552217,1.1259671179883888
2025-12-05,csi300_etf_buy_hold,0.008803951041443048,1.1358800773694333
2025-12-08,csi300_etf_buy_hold,0.007237122179650779,1.144100580270787
2025-12-09,csi300_etf_buy_hold,-0.005071851225697421,1.1382978723404196
2025-12-10,csi300_etf_buy_hold,-0.0012744265080714134,1.1368471953578276
2025-12-11,csi300_etf_buy_hold,-0.007230965546575874,1.1286266924564738
2025-12-12,csi300_etf_buy_hold,0.005569837189374427,1.1349129593810385
2025-12-15,csi300_etf_buy_hold,-0.005752023860247202,1.128384912959375
2025-12-16,csi300_etf_buy_hold,-0.010070709235054598,1.1170212765957388
2025-12-17,csi300_etf_buy_hold,0.01709956709956706,1.1361218568665317
2025-12-18,csi300_etf_buy_hold,-0.006597148329431701,1.1286266924564738
2025-12-19,csi300_etf_buy_hold,0.00428449014567267,1.1334622823984468
2025-12-22,csi300_etf_buy_hold,0.008959044368600733,1.14361702127659
2025-12-23,csi300_etf_buy_hold,0.0021141649048626032,1.1460348162475764
2025-12-24,csi300_etf_buy_hold,0.0035864978902953037,1.1501450676982534
2025-12-25,csi300_etf_buy_hold,0.001891948707168467,1.1523210831721413
2025-12-26,csi300_etf_buy_hold,0.003776751993285643,1.1566731141199167
2025-12-29,csi300_etf_buy_hold,-0.004389632107023367,1.1515957446808451
2025-12-30,csi300_etf_buy_hold,0.002099517111064486,1.1540135396518316
2025-12-31,csi300_etf_buy_hold,-0.004190236748376153,1.1491779497098589
2026-01-05,csi300_etf_buy_hold,0.019145802650957222,1.1711798839458354
2026-01-06,csi300_etf_buy_hold,0.015483071841453144,1.1893133462282335
2026-01-07,csi300_etf_buy_hold,-0.0036592803415328445,1.184961315280458
2026-01-08,csi300_etf_buy_hold,-0.007753519689859045,1.1757736943907096
2026-01-09,csi300_etf_buy_hold,0.004523956405510843,1.1810928433268795
2026-01-12,csi300_etf_buy_hold,0.005731832139201698,1.1878626692456415
2026-01-13,csi300_etf_buy_hold,-0.0034602076124568004,1.1837524177949645
2026-01-14,csi300_etf_buy_hold,-0.006127450980392246,1.176499032882005
2026-01-15,csi300_etf_buy_hold,0.0018495684340320562,1.178675048355893
2026-01-16,csi300_etf_buy_hold,-0.0032820512820512793,1.1748065764023146
2026-01-19,csi300_etf_buy_hold,-0.024902243259929957,1.1455512572533786
2026-01-20,csi300_etf_buy_hold,-0.0029548332629801832,1.1421663442939975
2026-01-21,csi300_etf_buy_hold,0.0012701100762066986,1.1436170212765895
2026-01-22,csi300_etf_buy_hold,-0.0006342494714588476,1.1428916827852935
2026-01-23,csi300_etf_buy_hold,-0.004865665326845847,1.1373307543520246
2026-01-26,csi300_etf_buy_hold,0.001700680272108901,1.139264990328814
2026-01-27,csi300_etf_buy_hold,-0.0004244482173174635,1.1387814313346167
2026-01-28,csi300_etf_buy_hold,0.0031847133757960666,1.1424081237910964
2026-01-29,csi300_etf_buy_hold,0.009100529100529053,1.152804642166338
2026-01-30,csi300_etf_buy_hold,-0.011954697986577112,1.1390232108317153
2026-02-02,csi300_etf_buy_hold,-0.023561876459350595,1.1121856866537656
2026-02-03,csi300_etf_buy_hold,0.013913043478260834,1.1276595744680789
2026-02-04,csi300_etf_buy_hold,0.009219554030874821,1.1380560928433205
2026-02-05,csi300_etf_buy_hold,-0.0059485872105373705,1.1312862669245587
2026-02-06,csi300_etf_buy_hold,-0.006411626415900873,1.1240328820115992
2026-02-09,csi300_etf_buy_hold,0.016777801677780202,1.1428916827852935
2026-02-10,csi300_etf_buy_hold,0.0012693039983073806,1.1443423597678852
2026-02-11,csi300_etf_buy_hold,-0.0021128248468201827,1.1419245647968987
2026-02-12,csi300_etf_buy_hold,0.0008469193309337264,1.1428916827852933
2026-02-13,csi300_etf_buy_hold,-0.01184683731753755,1.1293520309477691
2026-02-24,csi300_etf_buy_hold,0.009633911368015502,1.1402321083172082
2026-02-25,csi300_etf_buy_hold,0.007209499575911771,1.148452611218562
2026-02-26,csi300_etf_buy_hold,-0.0031578947368420263,1.1448259187620824
2026-02-27,csi300_etf_buy_hold,-0.0021119324181627652,1.1424081237910957
2026-03-02,csi300_etf_buy_hold,0.002962962962963056,1.1457930367504767
2026-03-03,csi300_etf_buy_hold,-0.012871913905887267,1.1310444874274594
2026-03-04,csi300_etf_buy_hold,-0.014536126549807515,1.1146034816247516
2026-03-05,csi300_etf_buy_hold,0.009544468546637708,1.125241779497092
2026-03-06,csi300_etf_buy_hold,0.0027932960893854997,1.1283849129593744
2026-03-09,csi300_etf_buy_hold,-0.008142275551746403,1.1191972920696258
2026-03-10,csi300_etf_buy_hold,0.01166558651976679,1.1322533849129528
2026-03-11,csi300_etf_buy_hold,0.005979073243647326,1.1390232108317149
2026-03-12,csi300_etf_buy_hold,-0.0036085756739546726,1.1349129593810379
2026-03-13,csi300_etf_buy_hold,-0.0036216446527482793,1.1308027079303609
2026-03-16,csi300_etf_buy_hold,0.0006414368184735064,1.1315280464216568
2026-03-17,csi300_etf_buy_hold,-0.007264957264957239,1.123307543520303
2026-03-18,csi300_etf_buy_hold,0.0034438226431339203,1.1271760154738815
2026-03-19,csi300_etf_buy_hold,-0.013513513513513487,1.1119439071566668
2026-03-20,csi300_etf_buy_hold,-0.005001087192868181,1.1063829787233979
2026-03-23,csi300_etf_buy_hold,-0.03190559440559437,1.0710831721469958
2026-03-24,csi300_etf_buy_hold,0.011060948081264232,1.0829303675048294
2026-03-25,csi300_etf_buy_hold,0.014512167894619177,1.0986460348162412
2026-03-26,csi300_etf_buy_hold,-0.012323943661971648,1.0851063829787173
2026-03-27,csi300_etf_buy_hold,0.004456327985739694,1.08994197292069
2026-03-30,csi300_etf_buy_hold,-0.0017746228926353025,1.088007736943901
2026-03-31,csi300_etf_buy_hold,-0.008222222222222242,1.079061895551251
2026-04-01,csi300_etf_buy_hold,0.015908581671521427,1.0962282398452547
2026-04-02,csi300_etf_buy_hold,-0.009925011027789976,1.085348162475816
2026-04-03,csi300_etf_buy_hold,-0.007796836711962629,1.0768858800773633
2026-04-07,csi300_etf_buy_hold,-0.0017961383026493527,1.0749516441005742
2026-04-08,csi300_etf_buy_hold,0.03508771929824572,1.112669245647963
2026-04-09,csi300_etf_buy_hold,-0.006518904823989646,1.1054158607350035
2026-04-10,csi300_etf_buy_hold,0.01531058617672798,1.1223404255319087
2026-04-13,csi300_etf_buy_hold,0.0021542438604049696,1.1247582205028952
2026-04-14,csi300_etf_buy_hold,0.012897678417884695,1.1392649903288137
2026-04-15,csi300_etf_buy_hold,-0.0038200339558573937,1.134912959381038
2026-04-16,csi300_etf_buy_hold,0.011077971878994619,1.1474854932301677
2026-04-17,csi300_etf_buy_hold,-0.001474926253687392,1.1457930367504772
2026-04-20,csi300_etf_buy_hold,0.005486389533656766,1.1520793036750419
2026-04-21,csi300_etf_buy_hold,0.0023084994753410637,1.154738878143127
2026-04-22,csi300_etf_buy_hold,0.0073283082077051365,1.1632011605415795
2026-04-23,csi300_etf_buy_hold,-0.002078569943878561,1.160783365570593
2026-04-24,csi300_etf_buy_hold,-0.003957508852322489,1.1561895551257186
2026-04-27,csi300_etf_buy_hold,0.0,1.1561895551257186
2026-04-28,csi300_etf_buy_hold,-0.0025094102885823144,1.1532882011605348
2026-04-29,csi300_etf_buy_hold,0.010691823899371178,1.1656189555125658
2026-04-30,csi300_etf_buy_hold,0.000622277535780924,1.1663442940038617
2026-05-06,csi300_etf_buy_hold,0.013266998341625147,1.181818181818175
2026-05-07,csi300_etf_buy_hold,0.004909983633387904,1.1876208897485425
2026-05-08,csi300_etf_buy_hold,-0.005293159609120468,1.1813346228239778
2026-05-11,csi300_etf_buy_hold,0.016373311502251298,1.2006769825918693
2026-05-12,csi300_etf_buy_hold,-0.000604107933950937,1.1999516441005733
2026-05-13,csi300_etf_buy_hold,0.010880515817046188,1.2130077369439
2026-05-14,csi300_etf_buy_hold,-0.015148495116603655,1.194632495164403
2026-05-15,csi300_etf_buy_hold,-0.012750455373406133,1.1794003868471885
2026-05-18,csi300_etf_buy_hold,-0.005330053300532933,1.1731141199226238
2026-05-19,csi300_etf_buy_hold,0.00350370981038739,1.1772243713733006
2026-05-20,csi300_etf_buy_hold,0.00041076196344236315,1.1777079303674982
2026-05-21,csi300_etf_buy_hold,-0.012933689180866459,1.1624758220502835
2026-05-22,csi300_etf_buy_hold,0.011231281198003318,1.1755319148936103
2026-05-25,csi300_etf_buy_hold,0.015425750719868514,1.1936653771760088
2026-05-26,csi300_etf_buy_hold,0.00708932550131669,1.2021276595744614
2026-05-27,csi300_etf_buy_hold,-0.008045052292839916,1.1924564796905157
2026-05-28,csi300_etf_buy_hold,0.0,1.1924564796905157
2026-05-29,csi300_etf_buy_hold,-0.0018248175182482562,1.1902804642166278
2026-06-01,csi300_etf_buy_hold,-0.011172049563274333,1.1769825918762025
2026-06-02,csi300_etf_buy_hold,0.013968775677896339,1.1934235976789103
2026-06-03,csi300_etf_buy_hold,0.005875202593192741,1.2004352030947707
2026-06-04,csi300_etf_buy_hold,-0.007854984894259731,1.1910058027079236
2026-06-05,csi300_etf_buy_hold,-0.016849370686155107,1.1709381044487361
2026-06-08,csi300_etf_buy_hold,-0.021474292793722927,1.1457930367504772
2026-06-09,csi300_etf_buy_hold,0.018358303439544255,1.1668278529980594
2026-06-10,csi300_etf_buy_hold,-0.008702859510982153,1.1566731141199162
2026-06-11,csi300_etf_buy_hold,-0.0068979933110366876,1.148694390715661
2026-06-12,csi300_etf_buy_hold,0.01410229425384113,1.16489361702127
2026-06-15,csi300_etf_buy_hold,0.020963055209630488,1.189313346228233
2026-06-16,csi300_etf_buy_hold,-0.0018296401707662557,1.1871373307543454
2026-06-17,csi300_etf_buy_hold,0.009775967413441888,1.1987427466150802
2026-06-18,csi300_etf_buy_hold,0.005244050020169366,1.2050290135396449
2026-06-22,csi300_etf_buy_hold,0.021468699839486405,1.2308994197291998
2026-06-23,csi300_etf_buy_hold,-0.02926733451188368,1.1948742746615018
2026-06-24,csi300_etf_buy_hold,0.005058680696074402,1.2009187620889679
2026-06-25,csi300_etf_buy_hold,0.016307630360378633,1.2205029013539583
2026-06-26,csi300_etf_buy_hold,-0.027931854199683026,1.1864119922630494
2026-06-29,csi300_etf_buy_hold,0.010597106174852211,1.1989845261121788
2026-06-30,csi300_etf_buy_hold,0.012099213551119314,1.2134912959380977
2026-07-01,csi300_etf_buy_hold,-0.004184100418409997,1.2084139264990261
2026-07-02,csi300_etf_buy_hold,-0.029611844737895243,1.1726305609284267
2026-07-03,csi300_etf_buy_hold,0.005360824742268289,1.1789168278529918
2026-07-06,csi300_etf_buy_hold,0.0002050861361770906,1.1791586073500904
2026-07-07,csi300_etf_buy_hold,-0.010457248308386347,1.1668278529980594
2026-07-08,csi300_etf_buy_hold,-0.0058019063406546945,1.1600580270792975
2026-07-09,csi300_etf_buy_hold,0.024593580658607728,1.1885880077369375
2026-07-10,csi300_etf_buy_hold,-0.01769731489015469,1.1675531914893553
2026-07-13,csi300_etf_buy_hold,-0.017601987989231738,1.1470019342359705
2026-07-14,csi300_etf_buy_hold,0.019603709949409742,1.1694874274661444
2026-07-15,csi300_etf_buy_hold,0.00020673971469920005,1.169729206963243
2026-07-16,csi300_etf_buy_hold,-0.017569243489045094,1.1491779497098582
2026-07-17,csi300_etf_buy_hold,-0.03450452345886801,1.1095261121856805
2026-07-20,csi300_etf_buy_hold,0.013292656352146492,1.1242746615086978
2026-07-21,csi300_etf_buy_hold,0.0294623655913977,1.157398452611212
2026-07-22,csi300_etf_buy_hold,-0.0045957802381449975,1.1520793036750419
2026-07-23,csi300_etf_buy_hold,0.004616998950682127,1.1573984526112122
2026-07-24,csi300_etf_buy_hold,-0.017965322749112222,1.1366054158607288
2026-07-27,csi300_etf_buy_hold,0.011061476281642335,1.1491779497098584
2026-07-28,csi300_etf_buy_hold,-0.026509572901325495,1.118713733075429
2026-07-29,csi300_etf_buy_hold,0.0064836827317917844,1.1259671179883886
2026-07-30,csi300_etf_buy_hold,-0.011165986686708096,1.1133945841392592
2026-07-31,csi300_etf_buy_hold,0.010423452768729469,1.124999999999994
2026-08-03,csi300_etf_buy_hold,-0.011605415860734825,1.1119439071566675
2026-08-04,csi300_etf_buy_hold,0.011306805827353772,1.124516441005797
2026-08-05,csi300_etf_buy_hold,0.013545474091593235,1.1397485493230117
2026-08-06,csi300_etf_buy_hold,-0.0010606703436573106,1.1385396518375184
2026-08-07,csi300_etf_buy_hold,0.00891909110214506,1.1486943907156617
2026-08-10,csi300_etf_buy_hold,0.0016838560303094052,1.1506286266924508
2026-08-11,csi300_etf_buy_hold,-0.006513973523849637,1.1431334622823928
2026-08-12,csi300_etf_buy_hold,0.004230118443316444,1.1479690522243657
2026-08-13,csi300_etf_buy_hold,-0.004001684919966331,1.1433752417794913
2026-08-14,csi300_etf_buy_hold,-0.0006343835906111872,1.1426499032881954
2026-08-17,csi300_etf_buy_hold,0.01586965721540423,1.160783365570594
2026-08-18,csi300_etf_buy_hold,-0.002916059154342898,1.1573984526112129
2026-08-19,csi300_etf_buy_hold,-0.027783580530603702,1.125241779497093
2026-08-20,csi300_etf_buy_hold,-0.00021486892995281615,1.1249999999999942
2026-08-21,csi300_etf_buy_hold,0.005802707930367523,1.1315280464216577
2018-01-02,all_index_equal_weight,0.0,1.0
2018-01-03,all_index_equal_weight,0.003578574161948711,1.0035785741619487
2018-01-04,all_index_equal_weight,0.0018010658303492615,1.0053860852399426
2018-01-05,all_index_equal_weight,0.0005723664508600364,1.0059615345052955
2018-01-08,all_index_equal_weight,0.0025822221210277108,1.008559150632598
2018-01-09,all_index_equal_weight,0.0015289680350388099,1.010101205335361
2018-01-10,all_index_equal_weight,-3.78393808402507e-05,1.0100629837311652
2018-01-11,all_index_equal_weight,-0.00022542339974707855,1.0098352918994138
2018-01-12,all_index_equal_weight,0.0012235131455114864,1.011070838653854
2018-01-15,all_index_equal_weight,-0.0038155872152454418,1.0072130096881788
2018-01-16,all_index_equal_weight,0.0021281165431625134,1.0093564763565848
2018-01-17,all_index_equal_weight,-0.00010407903928273398,1.0092514235042318
2018-01-18,all_index_equal_weight,0.0012502952364673026,1.010513285751437
2018-01-19,all_index_equal_weight,-0.0009482306200033949,1.0095550861119673
2018-01-22,all_index_equal_weight,0.004293014671759891,1.0138891209085958
2018-01-23,all_index_equal_weight,0.002110378999718221,1.0160288112174043
2018-01-24,all_index_equal_weight,0.0034043517618792393,1.0194877306909922
2018-01-25,all_index_equal_weight,-0.001591179583642351,1.0178655426281429
2018-01-26,all_index_equal_weight,0.0001249300999763799,1.017992704672146
2018-01-29,all_index_equal_weight,-0.004216762939935489,1.01370007076196
2018-01-30,all_index_equal_weight,-0.004361645771795101,1.0092786701344525
2018-01-31,all_index_equal_weight,-0.005627402303378145,1.0035990530213874
2018-02-01,all_index_equal_weight,-0.0057448143412432056,0.997833562788732
2018-02-02,all_index_equal_weight,-0.0002543973200764567,0.9975797166044762
2018-02-05,all_index_equal_weight,-0.006356439145543983,0.9912386618430509
2018-02-06,all_index_equal_weight,-0.019612262663053562,0.9717982288452112
2018-02-07,all_index_equal_weight,-0.0010860614125805597,0.9707427962880482
2018-02-08,all_index_equal_weight,0.0005392806545327811,0.9712662990986134
2018-02-09,all_index_equal_weight,-0.016425800504866837,0.9553124726325192
2018-02-12,all_index_equal_weight,0.008212769419930425,0.9631582336942336
2018-02-13,all_index_equal_weight,0.004923262445318955,0.9679001144550803
2018-02-14,all_index_equal_weight,0.0016983125575218009,0.9695439113738862
2018-02-22,all_index_equal_weight,0.006524572566975669,0.9758697709805144
2018-02-23,all_index_equal_weight,0.0027961955486719833,0.9785984936902137
2018-02-26,all_index_equal_weight,0.008245268834796093,0.986667301352016
2018-02-27,all_index_equal_weight,-0.0002837247329523581,0.9863873594354271
2018-02-28,all_index_equal_weight,-0.00353443285018676,0.9829010395492296
2018-03-01,all_index_equal_weight,0.0012283145135743468,0.9841083511615152
2018-03-02,all_index_equal_weight,-0.0026694597662595817,0.9814813135124495
2018-03-05,all_index_equal_weight,0.0005551022711042611,0.9820261360186268
2018-03-06,all_index_equal_weight,0.004540284423654365,0.9864848139876137
2018-03-07,all_index_equal_weight,-0.003211554456427464,0.9833166642870537
2018-03-08,all_index_equal_weight,0.0029487537906257946,0.9862162230282557
2018-03-09,all_index_equal_weight,0.004947539812021454,0.9910955670549496
2018-03-12,all_index_equal_weight,0.004938751139381929,0.9959903414159786
2018-03-13,all_index_equal_weight,-0.002947143313945311,0.9930550151405204
2018-03-14,all_index_equal_weight,-0.0036517520033599797,0.9894286244995343
2018-03-15,all_index_equal_weight,0.001021640450234814,0.9904394648049432
2018-03-16,all_index_equal_weight,-0.0028644722242067897,0.9876023784682512
2018-03-19,all_index_equal_weight,0.0010002248173413997,0.9885902028768604
2018-03-20,all_index_equal_weight,-0.0012150445398235177,0.9873890217487318
2018-03-21,all_index_equal_weight,-0.0007143464129226433,0.9866836839428863
2018-03-22,all_index_equal_weight,-0.0008057506771208348,0.9858886628964453
2018-03-23,all_index_equal_weight,-0.014337120091876328,0.9717538587392796
2018-03-26,all_index_equal_weight,0.0026941658414074404,0.9743719247917508
2018-03-27,all_index_equal_weight,0.006549205155251902,0.9807532864247296
2018-03-28,all_index_equal_weight,-0.006794423528333911,0.9740896332199546
2018-03-29,all_index_equal_weight,0.002068330028299259,0.9761043720585985
2018-03-30,all_index_equal_weight,0.003990393205581285,0.9799994123127993
2018-04-02,all_index_equal_weight,0.0006934848950439461,0.9806790271023902
2018-04-03,all_index_equal_weight,-0.002885771712969979,0.9778490113064752
2018-04-04,all_index_equal_weight,-0.0006251486941768951,0.9772377102739548
2018-04-09,all_index_equal_weight,0.002363365254511126,0.9795472799238143
2018-04-10,all_index_equal_weight,0.003315581858351846,0.9827950491145276
2018-04-11,all_index_equal_weight,0.0013922145206498482,0.9841633106527276
2018-04-12,all_index_equal_weight,-0.0015518904153053717,0.9826359970438304
2018-04-13,all_index_equal_weight,-0.0006271647821445551,0.9820197223528171
2018-04-16,all_index_equal_weight,-0.0018540856869664593,0.9801989736412839
2018-04-17,all_index_equal_weight,-0.0031290059403353905,0.9771319252300498
2018-04-18,all_index_equal_weight,0.0050493322545711265,0.982065788977085
2018-04-19,all_index_equal_weight,0.004195932567243976,0.9861864708042302
2018-04-20,all_index_equal_weight,-0.005254089770818415,0.9810049585558581
2018-04-23,all_index_equal_weight,-0.0036692410010865984,0.9774054149396557
2018-04-24,all_index_equal_weight,0.00743976563501123,0.9846770821571976
2018-04-25,all_index_equal_weight,-0.002938372775553118,0.9817837338262758
2018-04-26,all_index_equal_weight,-0.004724110408114165,0.97714567907079
2018-04-27,all_index_equal_weight,0.0020530579413025976,0.9791518157670157
2018-05-02,all_index_equal_weight,0.0001735084939260075,0.9793217069238944
2018-05-03,all_index_equal_weight,0.003242531132159669,0.982497188046995
2018-05-04,all_index_equal_weight,-0.0015498775822465468,0.9809744376806208
2018-05-07,all_index_equal_weight,0.006761485021625546,0.9876072816475958
2018-05-08,all_index_equal_weight,0.002633815700158041,0.9902084572115896
2018-05-09,all_index_equal_weight,-0.00015054260411627348,0.990059388651823
2018-05-10,all_index_equal_weight,0.002984976195063475,0.9930146923586478
2018-05-11,all_index_equal_weight,-0.0011369371030701754,0.9918856971110115
2018-05-14,all_index_equal_weight,0.00014474799541676445,0.9920292705773509
2018-05-15,all_index_equal_weight,0.0016880312448195951,0.993703846981861
2018-05-16,all_index_equal_weight,-0.0021888929973762276,0.9915287355897365
2018-05-17,all_index_equal_weight,-0.0012926638246614477,0.9902470222621274
2018-05-18,all_index_equal_weight,0.003212965623246559,0.9934286519031778
2018-05-21,all_index_equal_weight,0.0035624460392477573,0.9969676878694256
2018-05-22,all_index_equal_weight,0.0006941710002675443,0.9976597539265483
2018-05-23,all_index_equal_weight,-0.005326004744677371,0.9923462133435618
2018-05-24,all_index_equal_weight,-0.002097377496067961,0.9902648887273867
2018-05-25,all_index_equal_weight,-0.0024163200008602208,0.9878720918706051
2018-05-28,all_index_equal_weight,-0.0008537020929949531,0.9870287433981638
2018-05-29,all_index_equal_weight,-0.0033328009766210383,0.9837391730382133
2018-05-30,all_index_equal_weight,-0.006530739758638504,0.9773146285087225
2018-05-31,all_index_equal_weight,0.006809579798821256,0.983969730460108
2018-06-01,all_index_equal_weight,-0.0024176069709031522,0.9815908783805899
2018-06-04,all_index_equal_weight,0.0022777278801286585,0.9838266752911574
2018-06-05,all_index_equal_weight,0.0033038602760811202,0.9870771011622008
2018-06-06,all_index_equal_weight,-0.00020658590953254914,0.9868731849414785
2018-06-07,all_index_equal_weight,-0.0007270880975422167,0.9861556411949239
2018-06-08,all_index_equal_weight,-0.0042875352903199255,0.9819274640815526
2018-06-11,all_index_equal_weight,-0.0001785673364184448,0.9817521239097355
2018-06-12,all_index_equal_weight,0.0037154487269632033,0.9853997735887094
2018-06-13,all_index_equal_weight,-0.0041506750426392475,0.9813096993414524
2018-06-14,all_index_equal_weight,-0.000993785437458905,0.9803344880526097
2018-06-15,all_index_equal_weight,-0.0019345288173749883,0.9784380027348054
2018-06-19,all_index_equal_weight,-0.02011556989261878,0.9587561647051991
2018-06-20,all_index_equal_weight,0.005201919096268115,0.9637435367070439
2018-06-21,all_index_equal_weight,-0.004201682604617419,0.9596941922535495
2018-06-22,all_index_equal_weight,0.0009414212833436686,0.9605976687916382
2018-06-25,all_index_equal_weight,-0.0014170499952107804,0.9592364538696776
2018-06-26,all_index_equal_weight,-0.00044954914043023134,0.9588052299463711
2018-06-27,all_index_equal_weight,-0.003555407171163316,0.9553962869560708
2018-06-28,all_index_equal_weight,-0.0022829581572253307,0.9532151572093817
2018-06-29,all_index_equal_weight,0.010833029887976912,0.9635413654971035
2018-07-02,all_index_equal_weight,-0.0062898060418731545,0.9574808771948051
2018-07-03,all_index_equal_weight,0.004125817491791602,0.9614312685459914
2018-07-04,all_index_equal_weight,-0.00437214566452168,0.9572277509934825
2018-07-05,all_index_equal_weight,-0.0038108182559128067,0.9535799300049301
2018-07-06,all_index_equal_weight,0.003954793603376657,0.9573511418124219
2018-07-09,all_index_equal_weight,0.008667697017764564,0.9656491714492629
2018-07-10,all_index_equal_weight,0.002039937060130185,0.9676190349811863
2018-07-11,all_index_equal_weight,-0.00610529384206856,0.9617114364454473
2018-07-12,all_index_equal_weight,0.007442486957853778,0.9688689612684114
2018-07-13,all_index_equal_weight,0.000548937533712468,0.9694008098065006
2018-07-16,all_index_equal_weight,0.0011960793779299335,0.9705602901240588
2018-07-17,all_index_equal_weight,-0.003145176034341002,0.9675077071596775
2018-07-18,all_index_equal_weight,-0.0008343203437773801,0.9667004957968327
2018-07-19,all_index_equal_weight,-0.0011081932688800902,0.9656292048143675
2018-07-20,all_index_equal_weight,0.0051358770864996075,0.9705885577214284
2018-07-23,all_index_equal_weight,0.002492884494418457,0.9730081228874322
2018-07-24,all_index_equal_weight,0.0057014718856594595,0.9785557013445931
2018-07-25,all_index_equal_weight,0.0004670944424058206,0.9790127792742758
2018-07-26,all_index_equal_weight,-0.001495567747436947,0.9775485993372646
2018-07-27,all_index_equal_weight,0.00027076707692936055,0.9778132873140635
2018-07-30,all_index_equal_weight,-0.0050251027088648965,0.9728996751152175
2018-07-31,all_index_equal_weight,-0.0002765421873245133,0.9726306273110138
2018-08-01,all_index_equal_weight,-0.004226578021686041,0.9685197280784024
2018-08-02,all_index_equal_weight,-0.008875591200813045,0.9599235429020558
2018-08-03,all_index_equal_weight,-0.0005499671028717957,0.9593956165321875
2018-08-06,all_index_equal_weight,-0.005327082184544237,0.954284837235429
2018-08-07,all_index_equal_weight,0.007985643379759847,0.9619054156283033
2018-08-08,all_index_equal_weight,-0.005600313824112883,0.9565184434316711
2018-08-09,all_index_equal_weight,0.006258639919632688,0.9625049479455975
2018-08-10,all_index_equal_weight,0.0003310315037325373,0.9628235674058659
2018-08-13,all_index_equal_weight,-0.0005030453196714543,0.962339223516613
2018-08-14,all_index_equal_weight,-0.002023104232905241,0.9603923109600259
2018-08-15,all_index_equal_weight,-0.005983225420127743,0.9546460672717946
2018-08-16,all_index_equal_weight,-0.005318496998353339,0.9495687850285197
2018-08-17,all_index_equal_weight,-0.003727408714494629,0.9460293540641923
2018-08-20,all_index_equal_weight,0.0023450530388575436,0.948247843075789
2018-08-21,all_index_equal_weight,0.004624997115040715,0.9526334866143581
2018-08-22,all_index_equal_weight,-0.00099871552493798,0.9516820767617005
2018-08-23,all_index_equal_weight,0.0024044751963464748,0.9539703727100816
2018-08-24,all_index_equal_weight,-0.00030929614526368593,0.9536753133511066
2018-08-27,all_index_equal_weight,0.007714218305894468,0.9610321729112393
2018-08-28,all_index_equal_weight,0.0010466725604214504,0.9620380589163078
2018-08-29,all_index_equal_weight,-0.0012921724037351441,0.9607949398852332
2018-08-30,all_index_equal_weight,-0.002046701677976844,0.9588284792695785
2018-08-31,all_index_equal_weight,-0.002856664217072132,0.9560894282625394
2018-09-03,all_index_equal_weight,-0.0006255032936968163,0.9554913911760925
2018-09-04,all_index_equal_weight,0.0036015852984967642,0.9589326749233925
2018-09-05,all_index_equal_weight,-0.0061114171435395805,0.9530722373343654
2018-09-06,all_index_equal_weight,-0.003509799400909312,0.9497271449667459
2018-09-07,all_index_equal_weight,-0.00076421335287525,0.9490013508009743
2018-09-10,all_index_equal_weight,-0.005322841659822427,0.9439499668757031
2018-09-11,all_index_equal_weight,0.0011363469886410866,0.9450226215779902
2018-09-12,all_index_equal_weight,0.00017451237826742553,0.9451875397231984
2018-09-13,all_index_equal_weight,0.0031069266409120776,0.9481241680710225
2018-09-14,all_index_equal_weight,-0.0010668238555943787,0.9471126865904588
2018-09-17,all_index_equal_weight,-0.0029806141437952126,0.9442897091210394
2018-09-18,all_index_equal_weight,0.004536957178037085,0.9485739110949827
2018-09-19,all_index_equal_weight,0.004506986380908414,0.9528491207935728
2018-09-20,all_index_equal_weight,1.7549398607045555e-05,0.9528658427226059
2018-09-21,all_index_equal_weight,0.0077363202179084175,0.960237518006615
2018-09-25,all_index_equal_weight,-0.0009029572934664776,0.9593704645362708
2018-09-26,all_index_equal_weight,0.0034394371571945396,0.962670158959512
2018-09-27,all_index_equal_weight,-0.0029436944734585655,0.9598363521328195
2018-09-28,all_index_equal_weight,0.0027847612993628073,0.9625092672599606
2018-10-08,all_index_equal_weight,-0.013248117716832685,0.9497578311837582
2018-10-09,all_index_equal_weight,-0.0014517617362390322,0.9483790091057522
2018-10-10,all_index_equal_weight,0.00040415923040506565,0.9487623052362049
2018-10-11,all_index_equal_weight,-0.0250770008872194,0.9249701920660363
2018-10-12,all_index_equal_weight,0.00486850213705466,0.9294734114228217
2018-10-15,all_index_equal_weight,-0.004067879169422946,0.9256924258939623
2018-10-16,all_index_equal_weight,-0.004084531423240623,0.9219114060921425
2018-10-17,all_index_equal_weight,0.005438479059289847,0.9269252019686951
2018-10-18,all_index_equal_weight,-0.007960858288226628,0.9195460817920365
2018-10-19,all_index_equal_weight,0.006416886893422224,0.9254467049921855
2018-10-22,all_index_equal_weight,0.015856121989493745,0.9401207008413166
2018-10-23,all_index_equal_weight,-0.008509230307039203,0.9321209972814427
2018-10-24,all_index_equal_weight,-0.000587747027003338,0.9315731459364831
2018-10-25,all_index_equal_weight,-0.004528901509406783,0.9273541429097285
2018-10-26,all_index_equal_weight,-0.0029078083210115437,0.9246575748164511
2018-10-29,all_index_equal_weight,-0.007569590271214355,0.9176582958339158
2018-10-30,all_index_equal_weight,0.002068786153596103,0.9195567346100697
2018-10-31,all_index_equal_weight,0.0038417461665114063,0.9230894381701478
2018-11-01,all_index_equal_weight,0.004126563128268087,0.9268986250097944
2018-11-02,all_index_equal_weight,0.012971341179596719,0.9389217433136954
2018-11-05,all_index_equal_weight,-0.003261923075218298,0.9358590528133562
2018-11-06,all_index_equal_weight,0.0007576256468652194,0.9365680836336188
2018-11-07,all_index_equal_weight,-0.0014878630992231116,0.9351745985420702
2018-11-08,all_index_equal_weight,2.2701067684505195e-05,0.9351958280039285
2018-11-09,all_index_equal_weight,-0.003372507578582743,0.9320418729865263
2018-11-12,all_index_equal_weight,0.005025078659247295,0.9367254567119958
2018-11-13,all_index_equal_weight,0.0013733757445355025,0.938011932733533
2018-11-14,all_index_equal_weight,-0.0033851373702600495,0.9348366334862869
2018-11-15,all_index_equal_weight,0.004727631661321078,0.9392561967529195
2018-11-16,all_index_equal_weight,0.002175882277500559,0.9412999076654668
2018-11-19,all_index_equal_weight,0.0024959469128254825,0.9436493422640473
2018-11-20,all_index_equal_weight,-0.009299957741842939,0.9348734432578738
2018-11-21,all_index_equal_weight,-0.00092155052094904,0.9340119101492181
2018-11-22,all_index_equal_weight,-0.0003757371129031332,0.9336609672106815
2018-11-23,all_index_equal_weight,-0.009595859470506547,0.9247016877762305
2018-11-26,all_index_equal_weight,6.704390773719649e-05,0.9247636833908702
2018-11-27,all_index_equal_weight,0.001872818702408008,0.9264955981124323
2018-11-28,all_index_equal_weight,0.0054301858533011395,0.9315266414024483
2018-11-29,all_index_equal_weight,-0.003614103131879794,0.9281600080503263
2018-11-30,all_index_equal_weight,0.004471617196245407,0.9323103843031914
2018-12-03,all_index_equal_weight,0.011300126155836891,0.9428456092622143
2018-12-04,all_index_equal_weight,-0.001189510228187814,0.9417240847663949
2018-12-05,all_index_equal_weight,-0.003698201645971359,0.938241399206061
2018-12-06,all_index_equal_weight,-0.007367457465289977,0.9313289456052362
2018-12-07,all_index_equal_weight,-0.00031238153766246504,0.9310380156371385
2018-12-10,all_index_equal_weight,-0.005032974927343178,0.9263521246480334
2018-12-11,all_index_equal_weight,0.0012198936477518351,0.927482175720473
2018-12-12,all_index_equal_weight,0.0011393366347910957,0.9285388901413871
2018-12-13,all_index_equal_weight,0.003752125830812188,0.9320228848960003
2018-12-14,all_index_equal_weight,-0.007532431150014182,0.9250024866852835
2018-12-17,all_index_equal_weight,-0.002391421566197823,0.9227904157898377
2018-12-18,all_index_equal_weight,-0.005475015380229146,0.9177381240706604
2018-12-19,all_index_equal_weight,-0.003890547236782186,0.9141676205479676
2018-12-20,all_index_equal_weight,-0.0017242162210903392,0.9125913979078233
2018-12-21,all_index_equal_weight,-0.0033923381542980764,0.9094955792894164
2018-12-24,all_index_equal_weight,-0.000423159874099858,0.9091107172545898
2018-12-25,all_index_equal_weight,-0.007187368817470104,0.9025766032337663
2018-12-26,all_index_equal_weight,-0.001453121334077952,0.9012650499159678
2018-12-27,all_index_equal_weight,0.0035628254676469276,0.9044760999889085
2018-12-28,all_index_equal_weight,0.0016827132730958298,0.9059980739275578
2019-01-02,all_index_equal_weight,-0.0034518958029563875,0.9028706629786808
2019-01-03,all_index_equal_weight,0.0017994036081379209,0.9044952917073265
2019-01-04,all_index_equal_weight,0.008877405137830348,0.9125248628570725
2019-01-07,all_index_equal_weight,0.007599164047675407,0.9194592889875058
2019-01-08,all_index_equal_weight,0.0006336168716073639,0.9200418739057645
2019-01-09,all_index_equal_weight,0.00325201846444404,0.9230338670677677
2019-01-10,all_index_equal_weight,-0.0023895003280585804,0.9208282773396
2019-01-11,all_index_equal_weight,0.0030872549373043585,0.9236711089852263
2019-01-14,all_index_equal_weight,-0.00423564380392842,0.9197587671755854
2019-01-15,all_index_equal_weight,0.006802218862208424,0.9260151676103486
2019-01-16,all_index_equal_weight,-0.0018633242041269963,0.9242897011351515
2019-01-17,all_index_equal_weight,-0.002829903518656244,0.9216740504576515
2019-01-18,all_index_equal_weight,0.006198848073360279,0.9273873678695972
2019-01-21,all_index_equal_weight,0.0024163128817009326,0.9296282259129073
2019-01-22,all_index_equal_weight,-0.0051633398301443685,0.9248282394668247
2019-01-23,all_index_equal_weight,-0.001256046760195114,0.9236666119529054
2019-01-24,all_index_equal_weight,0.0018513138402227716,0.9253766087353655
2019-01-25,all_index_equal_weight,0.0012458062664924218,0.9265294487133935
2019-01-28,all_index_equal_weight,-0.00010502153110637883,0.9264321431720745
2019-01-29,all_index_equal_weight,-0.002634422455554534,0.9239915295305544
2019-01-30,all_index_equal_weight,-0.0017765977211997427,0.9223499682847826
2019-01-31,all_index_equal_weight,0.0021256915675533115,0.9243105998346987
2019-02-01,all_index_equal_weight,0.007754465323431959,0.9314781343291975
2019-02-11,all_index_equal_weight,0.0042358557782034385,0.9354237413667659
2019-02-12,all_index_equal_weight,0.002832515603331261,0.9380733437099138
2019-02-13,all_index_equal_weight,0.006836231598469829,0.9444862303438657
2019-02-14,all_index_equal_weight,0.0009284256509250725,0.9453631155870624
2019-02-15,all_index_equal_weight,-0.0038469938118348645,0.9417263095314621
2019-02-18,all_index_equal_weight,0.013733713023200781,0.9546597084129651
2019-02-19,all_index_equal_weight,4.647374460222675e-05,0.9547040750244359
2019-02-20,all_index_equal_weight,-0.0002504040088934234,0.9544650132967428
2019-02-21,all_index_equal_weight,3.171326831202803e-05,0.954495282501804
2019-02-22,all_index_equal_weight,0.007554587673938092,0.9617061007978241
2019-02-25,all_index_equal_weight,0.017875105396117374,0.9788966987096744
2019-02-26,all_index_equal_weight,-0.005446819129471858,0.9735648254453657
2019-02-27,all_index_equal_weight,-0.00018613650535045378,0.9733836094910252
2019-02-28,all_index_equal_weight,-0.0016100563728530636,0.9718164070073335
2019-03-01,all_index_equal_weight,0.005258873188542497,0.9769270662543301
2019-03-04,all_index_equal_weight,0.0036147453865212303,0.9804584088600407
2019-03-05,all_index_equal_weight,0.0037477006442133737,0.98413287347055
2019-03-06,all_index_equal_weight,0.004941088512237994,0.9889955611061712
2019-03-07,all_index_equal_weight,-0.0010632434264522094,0.9879440180770346
2019-03-08,all_index_equal_weight,-0.012272826280180678,0.9758191527686315
2019-03-11,all_index_equal_weight,0.008207299032329595,0.9838279923568782
2019-03-12,all_index_equal_weight,0.006680283718548571,0.9904002424760723
2019-03-13,all_index_equal_weight,-0.005398891803961274,0.985053178724327
2019-03-14,all_index_equal_weight,-0.004146014767825294,0.9809691336982427
2019-03-15,all_index_equal_weight,0.003582485087345459,0.9844834409908627
2019-03-18,all_index_equal_weight,0.009051722751511207,0.9933947121521658
2019-03-19,all_index_equal_weight,0.0005065751617098768,0.9938979412391161
2019-03-20,all_index_equal_weight,-0.0006423802317800968,0.9932594808492572
2019-03-21,all_index_equal_weight,0.002002910439242363,0.9952488906323266
2019-03-22,all_index_equal_weight,0.0020201009484155487,0.9972593938602025
2019-03-25,all_index_equal_weight,-0.007493372464183379,0.9897865577786022
2019-03-26,all_index_equal_weight,-0.0058303722546378094,0.9840157336941164
2019-03-27,all_index_equal_weight,0.003599425029754181,0.987557624555647
2019-03-28,all_index_equal_weight,-0.001698452409774672,0.9858803049284292
2019-03-29,all_index_equal_weight,0.01140570548725562,0.9971249653321286
2019-04-01,all_index_equal_weight,0.010977847198227465,1.0080712508390823
2019-04-02,all_index_equal_weight,-0.00011497228254397178,1.0079553505864065
2019-04-03,all_index_equal_weight,0.004980008437890268,1.0129749767373435
2019-04-04,all_index_equal_weight,0.002850181661442049,1.01586213943954
2019-04-08,all_index_equal_weight,-0.0006990198939005432,1.0151520315946114
2019-04-09,all_index_equal_weight,-0.00025904474444584286,1.0148890617960133
2019-04-10,all_index_equal_weight,-0.002123482251551049,1.0127339628859962
2019-04-11,all_index_equal_weight,-0.00483734390966332,1.0078350204185205
2019-04-12,all_index_equal_weight,-0.001081928870766043,1.0067446146129606
2019-04-15,all_index_equal_weight,-0.0015651830009457874,1.0051688750558747
2019-04-16,all_index_equal_weight,0.006026123569141039,1.0112261469048158
2019-04-17,all_index_equal_weight,0.0009666948134278079,1.0122036939762311
2019-04-18,all_index_equal_weight,-0.001994245215326233,1.0101851116025835
2019-04-19,all_index_equal_weight,0.002690165691708398,1.0129026769320915
2019-04-22,all_index_equal_weight,-0.003986454848253518,1.0088647861448266
2019-04-23,all_index_equal_weight,-0.0014904467341913788,1.0073611269190763
2019-04-24,all_index_equal_weight,0.0026912445726346435,1.0100721820845804
2019-04-25,all_index_equal_weight,-0.007736871345565718,1.0022573835620572
2019-04-26,all_index_equal_weight,-0.0018770619596009748,1.0003760843536436
2019-04-29,all_index_equal_weight,-0.005463193998991711,0.9949108357328679
2019-04-30,all_index_equal_weight,0.002554802160949458,0.9974526360859501
2019-05-06,all_index_equal_weight,-0.02313402133494499,0.9743775455221406
2019-05-07,all_index_equal_weight,0.005878784158751415,0.9801057008013991
2019-05-08,all_index_equal_weight,-0.004214900975162098,0.9759746523273294
2019-05-09,all_index_equal_weight,-0.004091753810844227,0.9719812043243816
2019-05-10,all_index_equal_weight,0.010997264430641885,0.9826703386499507
2019-05-13,all_index_equal_weight,-0.003510261104979854,0.9792209091811703
2019-05-14,all_index_equal_weight,-0.0031747713542304547,0.9761121066892384
2019-05-15,all_index_equal_weight,0.007748521246780715,0.9836755320871599
2019-05-16,all_index_equal_weight,0.00349242662243107,0.987110946703255
2019-05-17,all_index_equal_weight,-0.006575507698690708,0.9806201910737459
2019-05-20,all_index_equal_weight,-0.002063423591723464,0.9785967562369638
2019-05-21,all_index_equal_weight,0.0022918132500411416,0.980839517249355
2019-05-22,all_index_equal_weight,-0.001552952805628786,0.979316319769171
2019-05-23,all_index_equal_weight,-0.00661929056729805,0.9728339404913219
2019-05-24,all_index_equal_weight,-0.002392076447534952,0.97050684733491
2019-05-27,all_index_equal_weight,0.006727168667029241,0.9770356105894387
2019-05-28,all_index_equal_weight,0.00014206588189435247,0.9771744140150992
2019-05-29,all_index_equal_weight,-0.001723283395223485,0.9754904655731897
2019-05-30,all_index_equal_weight,-0.002265642294189189,0.9732803531168088
2019-05-31,all_index_equal_weight,-0.0019038841165120262,0.9714273401115966
2019-06-03,all_index_equal_weight,-0.0026194409622624796,0.9688827435450466
2019-06-04,all_index_equal_weight,-0.003153898615735366,0.9658269856013699
2019-06-05,all_index_equal_weight,0.00294493375175664,0.9686712820896247
2019-06-06,all_index_equal_weight,-0.004566293558511651,0.9642480446539036
2019-06-10,all_index_equal_weight,0.006000806011684071,0.9700343101170174
2019-06-11,all_index_equal_weight,0.010396116048979538,0.9801188993764858
2019-06-12,all_index_equal_weight,-0.0033831045347895864,0.9768030546833721
2019-06-13,all_index_equal_weight,0.00020847006089177815,0.9770066888756612
2019-06-14,all_index_equal_weight,-0.0033069640078621566,0.9737757629201088
2019-06-17,all_index_equal_weight,-0.0019386606054399569,0.9718879422100034
2019-06-18,all_index_equal_weight,0.0008285389483432863,0.9726931892235496
2019-06-19,all_index_equal_weight,0.006623925760948823,0.979136236697147
2019-06-20,all_index_equal_weight,0.010384496598638679,0.9893040736167323
2019-06-21,all_index_equal_weight,0.004024899872655811,0.9932859234566501
2019-06-24,all_index_equal_weight,0.00047841235964408334,0.9937611237190924
2019-06-25,all_index_equal_weight,-0.003210465855549564,0.9905706875628197
2019-06-26,all_index_equal_weight,-0.00093052256483143,0.989648939185982
2019-06-27,all_index_equal_weight,0.004944357871775588,0.9945421177087406
2019-06-28,all_index_equal_weight,-0.0030544231181147945,0.9915043652724722
2019-07-01,all_index_equal_weight,0.012922953177832597,1.004317529760505
2019-07-02,all_index_equal_weight,-0.001120237058569488,1.0031924560450962
2019-07-03,all_index_equal_weight,-0.0021680218913040913,1.0010175128391994
2019-07-04,all_index_equal_weight,-0.001064942484330252,0.9999514867622183
2019-07-05,all_index_equal_weight,0.002094764006383687,1.0020461491448178
2019-07-08,all_index_equal_weight,-0.010697047922684754,0.991327213466674
2019-07-09,all_index_equal_weight,-0.0005009569828383298,0.9908306011768101
2019-07-10,all_index_equal_weight,-0.00025928697695880206,0.9905736917055528
2019-07-11,all_index_equal_weight,0.002291252066495201,0.9928433457236889
2019-07-12,all_index_equal_weight,0.0003861896300679679,0.9932267715280894
2019-07-15,all_index_equal_weight,0.004405641143033534,0.9976025722570959
2019-07-16,all_index_equal_weight,-0.0004858591874117672,0.9971178778819793
2019-07-17,all_index_equal_weight,-9.484068655899828e-07,0.997116932208538
2019-07-18,all_index_equal_weight,-0.004715992208967726,0.9924145365248128
2019-07-19,all_index_equal_weight,0.005514673035960546,0.9978873782098815
2019-07-22,all_index_equal_weight,-0.0061780784441718565,0.9917223517088519
2019-07-23,all_index_equal_weight,0.0025150556565545286,0.9942165886192488
2019-07-24,all_index_equal_weight,0.004718361933487484,0.9989076623246316
2019-07-25,all_index_equal_weight,0.0029521531694340687,1.0018565907459351
2019-07-26,all_index_equal_weight,-0.001375032154588011,1.0004790057193735
2019-07-29,all_index_equal_weight,8.20272348722321e-05,1.0005610722457605
2019-07-30,all_index_equal_weight,0.0012276379286684902,1.0017893989679985
2019-07-31,all_index_equal_weight,-0.0016287035670454455,1.000157781000471
2019-08-01,all_index_equal_weight,-0.005101238016355991,0.995055738105677
2019-08-02,all_index_equal_weight,-0.0050358045780868775,0.990044831864273
2019-08-05,all_index_equal_weight,-0.0032767848432770806,0.9868006679650553
2019-08-06,all_index_equal_weight,-0.008151144762655523,0.9787571128685869
2019-08-07,all_index_equal_weight,-0.0010619420364593956,0.9777177295469481
2019-08-08,all_index_equal_weight,0.006776110207118695,0.984342852633812
2019-08-09,all_index_equal_weight,-0.0018856669229503872,0.9824867098757579
2019-08-12,all_index_equal_weight,0.00624897478073018,0.988626244548174
2019-08-13,all_index_equal_weight,-0.0033592542072544956,0.9853051976767734
2019-08-14,all_index_equal_weight,0.0009061064557278546,0.9861979890772505
2019-08-15,all_index_equal_weight,-0.00010217984492193096,0.9860972195196643
2019-08-16,all_index_equal_weight,0.0021609204506859918,0.988228097167689
2019-08-19,all_index_equal_weight,0.012225194838446323,1.0003093782003911
2019-08-20,all_index_equal_weight,-0.00032343768515487775,0.9999858404506673
2019-08-21,all_index_equal_weight,-0.0003107797484194282,0.9996750651027491
2019-08-22,all_index_equal_weight,0.001964676788801049,1.0016391034994996
2019-08-23,all_index_equal_weight,-4.972397251057359e-06,1.0016341229519747
2019-08-26,all_index_equal_weight,-0.003147115755170471,0.9984818644227162
2019-08-27,all_index_equal_weight,0.007630807965846342,1.006101087787506
2019-08-28,all_index_equal_weight,-6.769223187144494e-05,1.0060329825593854
2019-08-29,all_index_equal_weight,0.0013913442460570173,1.007432720761013
2019-08-30,all_index_equal_weight,0.0010545729818043248,1.0084951320893132
2019-09-02,all_index_equal_weight,0.006670021710600789,1.0152218165153841
2019-09-03,all_index_equal_weight,0.0019502137723493667,1.017201716083942
2019-09-04,all_index_equal_weight,0.006264890638424532,1.0235743735924256
2019-09-05,all_index_equal_weight,0.004360622616680062,1.0280377951557669
2019-09-06,all_index_equal_weight,-0.0006893434854503777,1.0273291239988795
2019-09-09,all_index_equal_weight,0.0064510462891196555,1.0339564717319571
2019-09-10,all_index_equal_weight,-0.0023594895363016548,1.0315168622559143
2019-09-11,all_index_equal_weight,-0.00037348305486525717,1.0311316081870538
2019-09-12,all_index_equal_weight,0.0021237872911218443,1.0333215123919957
2019-09-16,all_index_equal_weight,0.0005500397283311457,1.0338898802759504
2019-09-17,all_index_equal_weight,-0.00614008460547573,1.0275417089383108
2019-09-18,all_index_equal_weight,-0.00034505313404302,1.0271871524512817
2019-09-19,all_index_equal_weight,0.0020720947344132507,1.029315581541133
2019-09-20,all_index_equal_weight,0.0008707637546629213,1.030211872241649
2019-09-23,all_index_equal_weight,-0.0004643466338888199,1.0297334968265812
2019-09-24,all_index_equal_weight,0.001009847880643681,1.0307733710159794
2019-09-25,all_index_equal_weight,-0.007653076331449501,1.0228847837271686
2019-09-26,all_index_equal_weight,-0.008118085220493558,1.0145809178821255
2019-09-27,all_index_equal_weight,0.0005226788329155907,1.0151112178521824
2019-09-30,all_index_equal_weight,-0.0042313702060318885,1.010815906489154
2019-10-08,all_index_equal_weight,-0.0027963192824179326,1.0079893424788635
2019-10-09,all_index_equal_weight,0.0016879480155337653,1.00969077608918
2019-10-10,all_index_equal_weight,0.0035469119754483968,1.0132720603943903
2019-10-11,all_index_equal_weight,0.0028329800339120434,1.0161426399104085
2019-10-14,all_index_equal_weight,0.004222688445845498,1.020433493695289
2019-10-15,all_index_equal_weight,-0.0028743000262667186,1.0175004616775571
2019-10-16,all_index_equal_weight,-0.001429515460071366,1.0160459290369592
2019-10-17,all_index_equal_weight,2.940280702189805e-05,1.016075803639336
2019-10-18,all_index_equal_weight,-0.004322272993370939,1.011684046634048
2019-10-21,all_index_equal_weight,-0.00014226328800747516,1.0115401211351491
2019-10-22,all_index_equal_weight,0.0032129107369540852,1.0147901092512042
2019-10-23,all_index_equal_weight,-0.0027192987034411974,1.0120305918228525
2019-10-24,all_index_equal_weight,0.0006801959186252815,1.0127189709009343
2019-10-25,all_index_equal_weight,0.004509192925862926,1.017285516120408
2019-10-28,all_index_equal_weight,0.005764544211814671,1.0231497034541226
2019-10-29,all_index_equal_weight,-0.003864945464462362,1.0191952856482915
2019-10-30,all_index_equal_weight,-0.0014799400447811362,1.0176869377316085
2019-10-31,all_index_equal_weight,-0.0008731345043102985,1.0167983601516892
2019-11-01,all_index_equal_weight,0.0039449533919968935,1.0208095822915464
2019-11-04,all_index_equal_weight,0.002612047808320665,1.0234759857236837
2019-11-05,all_index_equal_weight,0.0037752338279332777,1.0273398468870651
2019-11-06,all_index_equal_weight,-0.005114261465191961,1.0220857622964743
2019-11-07,all_index_equal_weight,0.0010080538845569846,1.0231160798195076
2019-11-08,all_index_equal_weight,-0.002948917646882872,1.0200989947569181
2019-11-11,all_index_equal_weight,-0.007445488893075895,1.0125038590216175
2019-11-12,all_index_equal_weight,0.0004763953558034865,1.0129862111577885
2019-11-13,all_index_equal_weight,0.0010766798136633356,1.0140768729628615
2019-11-14,all_index_equal_weight,0.0015448037267021893,1.0156434226953772
2019-11-15,all_index_equal_weight,-0.002793249496058825,1.0128064772167578
2019-11-18,all_index_equal_weight,0.003083712635463498,1.0159296813478302
2019-11-19,all_index_equal_weight,0.005779095777166532,1.0218008362792057
2019-11-20,all_index_equal_weight,-0.0037884788141401577,1.0179297654586912
2019-11-21,all_index_equal_weight,-0.001413799425771667,1.0164906169408097
2019-11-22,all_index_equal_weight,-0.002939630928347022,1.013502509684876
2019-11-25,all_index_equal_weight,-0.0006728666712216946,1.0128205576249094
2019-11-26,all_index_equal_weight,0.001259671001724135,1.0140963783112995
2019-11-27,all_index_equal_weight,0.0014873904726034892,1.0156047356027016
2019-11-28,all_index_equal_weight,8.167214730099292e-05,1.0156876822222674
2019-11-29,all_index_equal_weight,-0.00165825305917493,1.014003415016056
2019-12-02,all_index_equal_weight,0.0029712554717358304,1.0170162782112813
2019-12-03,all_index_equal_weight,-0.001215330116884361,1.0157802676990095
2019-12-04,all_index_equal_weight,0.0006323683520549757,1.0164226149929443
2019-12-05,all_index_equal_weight,0.004173483626643837,1.0206646381343678
2019-12-06,all_index_equal_weight,0.0016750397717514482,1.0223742919968632
2019-12-09,all_index_equal_weight,0.0007218918855204759,1.0231123357022205
2019-12-10,all_index_equal_weight,0.0010611961325360576,1.0241980585560175
2019-12-11,all_index_equal_weight,-0.001492430770246959,1.0226695138586013
2019-12-12,all_index_equal_weight,0.002267854558109861,1.0249887795770456
2019-12-13,all_index_equal_weight,0.00630283579396668,1.031449115545378
2019-12-16,all_index_equal_weight,0.004608273420961547,1.03620231508962
2019-12-17,all_index_equal_weight,0.004947221302010226,1.0413286372560238
2019-12-18,all_index_equal_weight,-0.0009918480512603948,1.0402957974764397
2019-12-19,all_index_equal_weight,-0.001264340805315171,1.0389805090500925
2019-12-20,all_index_equal_weight,-0.000836796722525912,1.038111093565351
2019-12-23,all_index_equal_weight,-0.004863626160639948,1.033062109293036
2019-12-24,all_index_equal_weight,0.005755649120856902,1.0390080523141791
2019-12-25,all_index_equal_weight,0.00249280997147265,1.0415981019474283
2019-12-26,all_index_equal_weight,0.003110734706679778,1.044838237313568
2019-12-27,all_index_equal_weight,-0.0017215928430212837,1.043039451282094
2019-12-30,all_index_equal_weight,0.005009398788662893,1.048264451845874
2019-12-31,all_index_equal_weight,-0.0006602627235914205,1.0475723219038542
2020-01-02,all_index_equal_weight,0.005755541256804564,1.0536016676220585
2020-01-03,all_index_equal_weight,0.002222359804701546,1.0559431496183482
2020-01-06,all_index_equal_weight,0.001268702024080115,1.0572828268295824
2020-01-07,all_index_equal_weight,0.002770323413250549,1.0602118421991762
2020-01-08,all_index_equal_weight,-0.0044131298905348655,1.0555329896280679
2020-01-09,all_index_equal_weight,0.003051517479162924,1.058753966995751
2020-01-10,all_index_equal_weight,0.0013179562903592457,1.0601493584464958
2020-01-13,all_index_equal_weight,0.004374040335626169,1.064786494502129
2020-01-14,all_index_equal_weight,-0.003479372198371659,1.0610817059759567
2020-01-15,all_index_equal_weight,0.0004833936842144726,1.0615946261710612
2020-01-16,all_index_equal_weight,0.00034219737005021603,1.0619579010601963
2020-01-17,all_index_equal_weight,-0.0017486024479328602,1.0601009588748007
2020-01-20,all_index_equal_weight,0.004929590070732892,1.0653268220356444
2020-01-21,all_index_equal_weight,-0.005006764008850899,1.0599929820454128
2020-01-22,all_index_equal_weight,0.0028554523000993703,1.0630197414440836
2020-01-23,all_index_equal_weight,-0.010821608918158032,1.0515161575298941
2020-02-03,all_index_equal_weight,-0.034969518589249224,1.0147451437122565
2020-02-04,all_index_equal_weight,0.011589046553923784,1.026505072423106
2020-02-05,all_index_equal_weight,0.007136466055821925,1.0338306910285826
2020-02-06,all_index_equal_weight,0.0117646255327388,1.0459933219727864
2020-02-07,all_index_equal_weight,0.0030186667799287246,1.049150827265853
2020-02-10,all_index_equal_weight,0.002289167148553513,1.0515525088735076
2020-02-11,all_index_equal_weight,0.001961814391267569,1.0536154597185892
2020-02-12,all_index_equal_weight,0.006280379481099563,1.060232564632775
2020-02-13,all_index_equal_weight,0.003233390986443574,1.0636607110507925
2020-02-14,all_index_equal_weight,-0.0017450707939419127,1.0618045478092744
2020-02-17,all_index_equal_weight,0.012063832993144685,1.074613980545407
2020-02-18,all_index_equal_weight,0.0009798474789484701,1.075666938345087
2020-02-19,all_index_equal_weight,0.0003447326704719367,1.076037755881281
2020-02-20,all_index_equal_weight,0.008423176726245178,1.0851014120631814
2020-02-21,all_index_equal_weight,0.0027228443447898988,1.0880559743065412
2020-02-24,all_index_equal_weight,-0.0004384296158048103,1.087578938343752
2020-02-25,all_index_equal_weight,-0.00144894313592732,1.0860030983062596
2020-02-26,all_index_equal_weight,-0.01182275732854302,1.073163547216939
2020-02-27,all_index_equal_weight,-0.0015706869110114837,1.0714779432799506
2020-02-28,all_index_equal_weight,-0.02453393850793031,1.0451903693069167
2020-03-02,all_index_equal_weight,0.01507535474632864,1.0609469849016648
2020-03-03,all_index_equal_weight,0.0012984670924584662,1.0623245896484028
2020-03-04,all_index_equal_weight,1.2916752408372497e-05,1.0623383114321046
2020-03-05,all_index_equal_weight,0.008123161141627937,1.0709678567227925
2020-03-06,all_index_equal_weight,-0.008266944097533572,1.0621142253210099
2020-03-09,all_index_equal_weight,-0.02681392704979475,1.033634771964703
2020-03-10,all_index_equal_weight,0.013417261433310072,1.0475033199267134
2020-03-11,all_index_equal_weight,-0.010898098582131284,1.0360875254810422
2020-03-12,all_index_equal_weight,-0.01671020583793448,1.0187742896641379
2020-03-13,all_index_equal_weight,-0.010043349228298578,1.0085423836882292
2020-03-16,all_index_equal_weight,-0.025837198681888673,0.9824844737417708
2020-03-17,all_index_equal_weight,-0.0036511194706499773,0.9788973055500809
2020-03-18,all_index_equal_weight,-0.014821256265088867,0.9643888177273181
2020-03-19,all_index_equal_weight,-0.004171472086100881,0.9603658966940207
2020-03-20,all_index_equal_weight,0.013587830646993456,0.973415185857447
2020-03-23,all_index_equal_weight,-0.021981279284434257,0.952018274797405
2020-03-24,all_index_equal_weight,0.02050210127380253,0.9715366498818121
2020-03-25,all_index_equal_weight,0.019629443451555928,0.9906073736117813
2020-03-26,all_index_equal_weight,-0.008950726772538926,0.9817407176717199
2020-03-27,all_index_equal_weight,0.002727309628944108,0.9844182285841525
2020-03-30,all_index_equal_weight,-0.0081564764491545,0.9763888444865875
2020-03-31,all_index_equal_weight,0.003895213484060267,0.9801920874793175
2020-04-01,all_index_equal_weight,-0.005853579232126286,0.974454455432554
2020-04-02,all_index_equal_weight,0.012795913973085075,0.9869234908149584
2020-04-03,all_index_equal_weight,-0.004397529896533351,0.9825834652585087
2020-04-07,all_index_equal_weight,0.0205531400771154,1.0027786408574244
2020-04-08,all_index_equal_weight,-0.0015934317797158186,1.001180781503062
2020-04-09,all_index_equal_weight,0.005101908544991762,1.006288714287294
2020-04-10,all_index_equal_weight,-0.005512459369048839,1.000741588636253
2020-04-13,all_index_equal_weight,-0.005359604749504117,0.9953780092647718
2020-04-14,all_index_equal_weight,0.012283158437974144,1.0076043950582463
2020-04-15,all_index_equal_weight,-0.0014749344057222243,1.0061182446686179
2020-04-16,all_index_equal_weight,0.0015877731787644993,1.0077157322321684
2020-04-17,all_index_equal_weight,0.004876337682237704,1.0126296944302358
2020-04-20,all_index_equal_weight,0.0014355844256258576,1.014083409848486
2020-04-21,all_index_equal_weight,-0.007765520886977391,1.0062085239481704
2020-04-22,all_index_equal_weight,-0.00041607382574623635,1.0057898669181127
2020-04-23,all_index_equal_weight,0.004364301135058427,1.0101794367759338
2020-04-24,all_index_equal_weight,-0.004748240283706558,1.0053828620804623
2020-04-27,all_index_equal_weight,0.0029995829624674766,1.0083985913843156
2020-04-28,all_index_equal_weight,0.0012228261391673324,1.00963168754056
2020-04-29,all_index_equal_weight,0.004604973041363225,1.0142810142433905
2020-04-30,all_index_equal_weight,0.015987843170839396,1.0304971800302736
2020-05-06,all_index_equal_weight,0.0012215583392510018,1.0317559924541142
2020-05-07,all_index_equal_weight,-0.003945260774195588,1.0276854460085438
2020-05-08,all_index_equal_weight,0.0073998541188315765,1.0352901683890534
2020-05-11,all_index_equal_weight,-0.00012999144524200219,1.0351555895238198
2020-05-12,all_index_equal_weight,-0.0021493721364813645,1.0329306549427744
2020-05-13,all_index_equal_weight,-0.00019127708406248002,1.032733078979058
2020-05-14,all_index_equal_weight,-0.007365164463423057,1.02512683000556
2020-05-15,all_index_equal_weight,0.0047358976351394855,1.0299817257355015
2020-05-18,all_index_equal_weight,0.005451518973120106,1.0355966906553156
2020-05-19,all_index_equal_weight,0.008650639506949458,1.0445552643007645
2020-05-20,all_index_equal_weight,-0.0039746077521647235,1.0404035668497102
2020-05-21,all_index_equal_weight,-0.00435877947804549,1.0358686771336403
2020-05-22,all_index_equal_weight,-0.0113224016491484,1.0241401559153611
2020-05-25,all_index_equal_weight,0.0035906888078615752,1.027817524510888
2020-05-26,all_index_equal_weight,0.010518397811612065,1.0386285181114399
2020-05-27,all_index_equal_weight,-0.003230859906246564,1.0352728548747894
2020-05-28,all_index_equal_weight,0.0016797859302748945,1.0370118916504034
2020-05-29,all_index_equal_weight,9.322046294811445e-05,1.0371085623790257
2020-06-01,all_index_equal_weight,0.01491339898073062,1.052575376156116
2020-06-02,all_index_equal_weight,0.0007002534333780175,1.0533124456771585
2020-06-03,all_index_equal_weight,0.001773021634070071,1.0551799914307793
2020-06-04,all_index_equal_weight,4.516749334565843e-05,1.0552276512660208
2020-06-05,all_index_equal_weight,0.004087533346831026,1.059540929479069
2020-06-08,all_index_equal_weight,0.003747616341158222,1.0635116823805109
2020-06-09,all_index_equal_weight,0.00716673523728643,1.071133589029893
2020-06-10,all_index_equal_weight,-0.0014016649092792285,1.0696322186649996
2020-06-11,all_index_equal_weight,-0.007944819981915015,1.0611341832408498
2020-06-12,all_index_equal_weight,-0.005302269509794966,1.0555077638152508
2020-06-15,all_index_equal_weight,-0.008737703910447111,1.046285049499855
2020-06-16,all_index_equal_weight,0.015117976703983715,1.0621027625039203
2020-06-17,all_index_equal_weight,0.0023405266235305183,1.064588642296486
2020-06-18,all_index_equal_weight,0.001075394407941029,1.0657334949691695
2020-06-19,all_index_equal_weight,0.006017757460279046,1.0721468206591895
2020-06-22,all_index_equal_weight,0.0017662301140425108,1.0740404786605127
2020-06-23,all_index_equal_weight,0.00214366486414224,1.0763428614972836
2020-06-24,all_index_equal_weight,0.002502241582133894,1.0790361313619552
2020-06-29,all_index_equal_weight,-0.009591339630189799,1.0686867293528166
2020-06-30,all_index_equal_weight,0.006960804129367951,1.0761256483514965
2020-07-01,all_index_equal_weight,0.0077714337186950795,1.084488687500648
2020-07-02,all_index_equal_weight,0.010216094701580358,1.0955679266349474
2020-07-03,all_index_equal_weight,0.010643245716453024,1.107228325277188
2020-07-06,all_index_equal_weight,0.02567573779394544,1.1356572294350342
2020-07-07,all_index_equal_weight,-0.002621085373887226,1.1326805748812128
2020-07-08,all_index_equal_weight,0.009541082256953045,1.1434875734170074
2020-07-09,all_index_equal_weight,0.009840664126449402,1.1547402505597728
2020-07-10,all_index_equal_weight,-0.007404838907730989,1.1461895850241046
2020-07-13,all_index_equal_weight,0.01572414975589885,1.1642124417076751
2020-07-14,all_index_equal_weight,-0.00427956385924643,1.1592301202176578
2020-07-15,all_index_equal_weight,-0.006545209639038914,1.151642716060945
2020-07-16,all_index_equal_weight,-0.02264809173247555,1.1255602061845595
2020-07-17,all_index_equal_weight,0.004328528317498774,1.1304322254100792
2020-07-20,all_index_equal_weight,0.013753474134645822,1.1459795957832268
2020-07-21,all_index_equal_weight,0.0048349067520260134,1.151520300268563
2020-07-22,all_index_equal_weight,0.008038840959965892,1.1607771888245941
2020-07-23,all_index_equal_weight,0.001149618363388453,1.1621116395966695
2020-07-24,all_index_equal_weight,-0.018960743809165428,1.1400771385206279
2020-07-27,all_index_equal_weight,0.004488979661090401,1.145194921607521
2020-07-28,all_index_equal_weight,0.004299112232616887,1.1501182431037345
2020-07-29,all_index_equal_weight,0.009521702736312995,1.1610693271261787
2020-07-30,all_index_equal_weight,-0.0033344408268452417,1.1571978101590115
2020-07-31,all_index_equal_weight,0.004785829032710987,1.16273596103546
2020-08-03,all_index_equal_weight,0.00926211823691309,1.1735053589848812
2020-08-04,all_index_equal_weight,-0.0009441898241072037,1.1723973471663924
2020-08-05,all_index_equal_weight,0.006471534467265017,1.1799845570079097
2020-08-06,all_index_equal_weight,0.0035384678729937077,1.184159894453511
2020-08-07,all_index_equal_weight,-0.004134736233753311,1.1792637056313566
2020-08-10,all_index_equal_weight,0.00018504746393878483,1.1794819253893989
2020-08-11,all_index_equal_weight,-0.00478973696766114,1.1738325172086732
2020-08-12,all_index_equal_weight,-0.009741017259340816,1.162398194398968
2020-08-13,all_index_equal_weight,0.004456619981308237,1.1675785614183631
2020-08-14,all_index_equal_weight,0.006846453558156059,1.1755723338146127
2020-08-17,all_index_equal_weight,0.010780865645766505,1.188246021202348
2020-08-18,all_index_equal_weight,0.002206006325660851,1.1908672994415617
2020-08-19,all_index_equal_weight,-0.007492021862466687,1.1819452955988488
2020-08-20,all_index_equal_weight,-0.009466709225177913,1.1707561631653476
2020-08-21,all_index_equal_weight,0.0029071903807992997,1.1741597742211634
2020-08-24,all_index_equal_weight,0.0019220682775354602,1.176416589475952
2020-08-25,all_index_equal_weight,0.0019047043783874747,1.1786573153047346
2020-08-26,all_index_equal_weight,-0.008582316223995986,1.1685417055050633
2020-08-27,all_index_equal_weight,0.007278883840464815,1.1770473848421732
2020-08-28,all_index_equal_weight,0.007945946312907104,1.1864001401698767
2020-08-31,all_index_equal_weight,0.0014238977162042957,1.188089452619969
2020-09-01,all_index_equal_weight,0.0024912747707979467,1.1910493098987323
2020-09-02,all_index_equal_weight,8.014444775102935e-05,1.1911447658879182
2020-09-03,all_index_equal_weight,0.0004926372021243759,1.1917315681127103
2020-09-04,all_index_equal_weight,-0.009302722678167034,1.1806452198277406
2020-09-07,all_index_equal_weight,-0.012908368111798133,1.1654050167207692
2020-09-08,all_index_equal_weight,0.005547412870913345,1.1718699995103532
2020-09-09,all_index_equal_weight,-0.015173461995938452,1.1540886746086023
2020-09-10,all_index_equal_weight,-0.0020218911080537084,1.1517552329795058
2020-09-11,all_index_equal_weight,0.0017947534667376863,1.153822349676729
2020-09-14,all_index_equal_weight,0.0038800006656521022,1.158299181161519
2020-09-15,all_index_equal_weight,0.00221101688961598,1.1608602002142954
2020-09-16,all_index_equal_weight,-0.0032129177928426475,1.157130451822024
2020-09-17,all_index_equal_weight,-0.004324807364199949,1.152126085522644
2020-09-18,all_index_equal_weight,0.011607523270760348,1.1654994158711982
2020-09-21,all_index_equal_weight,-0.004518441116043267,1.1602331753898014
2020-09-22,all_index_equal_weight,-0.011911148874455069,1.1464134653086517
2020-09-23,all_index_equal_weight,-0.0005155103932299343,1.1458224772523464
2020-09-24,all_index_equal_weight,-0.013831156706703329,1.1299744270114063
2020-09-25,all_index_equal_weight,0.001300785627893808,1.1314442815059502
2020-09-28,all_index_equal_weight,0.00022523450739398617,1.131699121801339
2020-09-29,all_index_equal_weight,0.006201072980305525,1.1387168706473767
2020-09-30,all_index_equal_weight,-0.0019616084081465275,1.1364831540594165
2020-10-09,all_index_equal_weight,0.015786409258666385,1.1544241422449784
2020-10-12,all_index_equal_weight,0.016621543871518638,1.1736124537716437
2020-10-13,all_index_equal_weight,6.147600582484906e-05,1.173684602777688
2020-10-14,all_index_equal_weight,-0.005967296833332832,1.166680878364201
2020-10-15,all_index_equal_weight,-0.004159708367013796,1.1618278261528345
2020-10-16,all_index_equal_weight,8.612700777992366e-05,1.1619278909070565
2020-10-19,all_index_equal_weight,-0.002263426295803232,1.1592979527649503
2020-10-20,all_index_equal_weight,0.0005282681949991856,1.1599103730019236
2020-10-21,all_index_equal_weight,-0.0031988928001182395,1.1561999440609454
2020-10-22,all_index_equal_weight,-0.0034736142266458157,1.1521837514864082
2020-10-23,all_index_equal_weight,-0.006269782517443471,1.1449598099444562
2020-10-26,all_index_equal_weight,-0.0037043858635968188,1.1407184370101116
2020-10-27,all_index_equal_weight,0.0021936856535904456,1.1432208146801668
2020-10-28,all_index_equal_weight,0.0008536399638933748,1.1441967136551325
2020-10-29,all_index_equal_weight,-0.0036626944780517533,1.140005870670223
2020-10-30,all_index_equal_weight,-0.010600899901921394,1.1279207825476452
2020-11-02,all_index_equal_weight,0.003246373241134907,1.1315824343942278
2020-11-03,all_index_equal_weight,0.011553024706041852,1.1446556342157073
2020-11-04,all_index_equal_weight,0.003611988510065171,1.1487901172144757
2020-11-05,all_index_equal_weight,0.007168545387909553,1.1570252713109095
2020-11-06,all_index_equal_weight,0.001347512144461971,1.1585843769154502
2020-11-09,all_index_equal_weight,0.014682391446848771,1.1755951662615263
2020-11-10,all_index_equal_weight,-0.0062886365868634235,1.1682022754876342
2020-11-11,all_index_equal_weight,-0.002361609002720692,1.165443438476844
2020-11-12,all_index_equal_weight,-0.0010720042331788175,1.1641940781772664
2020-11-13,all_index_equal_weight,-0.0020596318303458465,1.1617962669971524
2020-11-16,all_index_equal_weight,0.009071300802449563,1.1723352704062466
2020-11-17,all_index_equal_weight,-0.003111256113304972,1.1686878351293521
2020-11-18,all_index_equal_weight,-0.0021509131227929966,1.1661740891283239
2020-11-19,all_index_equal_weight,0.0023474575085983902,1.1689116332501812
2020-11-20,all_index_equal_weight,0.0039510535431604545,1.1735300657003758
2020-11-23,all_index_equal_weight,0.0057412271847225565,1.180267568415664
2020-11-24,all_index_equal_weight,0.0017604039891348992,1.1823453161513493
2020-11-25,all_index_equal_weight,-0.0055296545520826705,1.1758073549917594
2020-11-26,all_index_equal_weight,0.0006255643532392681,1.176542898159319
2020-11-27,all_index_equal_weight,0.004213587751552842,1.1815003649041793
2020-11-30,all_index_equal_weight,-0.0034124349587823103,1.1774685717551663
2020-12-01,all_index_equal_weight,0.006064083640662428,1.184608839658541
2020-12-02,all_index_equal_weight,0.001738564933106268,1.1866683590466192
2020-12-03,all_index_equal_weight,0.0003072952806184507,1.1870330166330134
2020-12-04,all_index_equal_weight,0.002176054735467921,1.1896160654500145
2020-12-07,all_index_equal_weight,-0.0016553007977356518,1.1876468930278758
2020-12-08,all_index_equal_weight,2.6287680037562212e-05,1.1876781135093974
2020-12-09,all_index_equal_weight,-0.00491464291133985,1.181841099687885
2020-12-10,all_index_equal_weight,-0.0007978438206233747,1.1808981750695402
2020-12-11,all_index_equal_weight,-0.002329125230116543,1.178147715335787
2020-12-14,all_index_equal_weight,0.0011150567455272284,1.1794614168929998
2020-12-15,all_index_equal_weight,-0.0013237080417252318,1.1779001543305538
2020-12-16,all_index_equal_weight,0.0016901108807207668,1.1798909361977905
2020-12-17,all_index_equal_weight,0.0059664294145932,1.1869306721855328
2020-12-18,all_index_equal_weight,0.0015566907582398796,1.1887783561935954
2020-12-21,all_index_equal_weight,0.008887867735542695,1.1993440609903199
2020-12-22,all_index_equal_weight,-0.014746834015460002,1.181657533195468
2020-12-23,all_index_equal_weight,0.005858975163619481,1.188580835334364
2020-12-24,all_index_equal_weight,-0.000596948322130264,1.187871313998995
2020-12-25,all_index_equal_weight,0.002777180851656946,1.1911702474664656
2020-12-28,all_index_equal_weight,0.0009793798439324411,1.1923368555975262
2020-12-29,all_index_equal_weight,-0.0003241603156210471,1.1919503473060893
2020-12-30,all_index_equal_weight,0.006181945217210868,1.199318919054771
2020-12-31,all_index_equal_weight,0.01021541677119258,1.2115704616544916
2021-01-04,all_index_equal_weight,0.010850484287885428,1.2247165879123396
2021-01-05,all_index_equal_weight,0.0022866889371590243,1.227517133785074
2021-01-06,all_index_equal_weight,0.0009341115206314791,1.2286637716815152
2021-01-07,all_index_equal_weight,0.004100530689064726,1.2337019451838371
2021-01-08,all_index_equal_weight,0.0007449295042343595,1.2346209661622358
2021-01-11,all_index_equal_weight,-0.010041518668247136,1.2222234966823085
2021-01-12,all_index_equal_weight,0.01156512213852203,1.2363586607020107
2021-01-13,all_index_equal_weight,0.0008192533580006711,1.237371551686484
2021-01-14,all_index_equal_weight,-0.004414628011634217,1.2319090165736097
2021-01-15,all_index_equal_weight,-0.0008071773935600953,1.2309146474645087
2021-01-18,all_index_equal_weight,0.0025142858256512377,1.2340095187152154
2021-01-19,all_index_equal_weight,-0.00297741613523194,1.230335358863163
2021-01-20,all_index_equal_weight,0.005092306034715447,1.2366006030358256
2021-01-21,all_index_equal_weight,0.007848060055458454,1.246305518833067
2021-01-22,all_index_equal_weight,-0.005511655103239632,1.239436312659995
2021-01-25,all_index_equal_weight,0.0019525384086170328,1.2418563596654981
2021-01-26,all_index_equal_weight,-0.011569871044240239,1.2274882417286987
2021-01-27,all_index_equal_weight,0.001432661637783376,1.2292468170434536
2021-01-28,all_index_equal_weight,-0.015346347429372556,1.2103823683126544
2021-01-29,all_index_equal_weight,-0.005187341209179256,1.2041037019746421
2021-02-01,all_index_equal_weight,0.006088260825362879,1.2114345993730489
2021-02-02,all_index_equal_weight,0.004881192561287369,1.2173478449279946
2021-02-03,all_index_equal_weight,-0.006952309605692705,1.2088844658122324
2021-02-04,all_index_equal_weight,-0.0028443281885096408,1.2054460016494712
2021-02-05,all_index_equal_weight,-0.0033483355696823256,1.2014097639248171
2021-02-08,all_index_equal_weight,0.006671772424841834,1.2094252964587064
2021-02-09,all_index_equal_weight,0.015236704012612108,1.2278529517262133
2021-02-10,all_index_equal_weight,0.004777085298354166,1.2337185100104455
2021-02-18,all_index_equal_weight,0.007206780392010085,1.2426096483776488
2021-02-19,all_index_equal_weight,0.0017793487944498124,1.2448206843574612
2021-02-22,all_index_equal_weight,-0.003832325823243106,1.2400501259034908
2021-02-23,all_index_equal_weight,0.0002281887163839517,1.2403330913499726
2021-02-24,all_index_equal_weight,-0.011346049033955856,1.2262602112770777
2021-02-25,all_index_equal_weight,0.004532006020696655,1.231817629937526
2021-02-26,all_index_equal_weight,-0.020074223357663908,1.207089847698252
2021-03-01,all_index_equal_weight,0.010863517449473859,1.2202030893218045
2021-03-02,all_index_equal_weight,-0.004153794425021551,1.2151346165319856
2021-03-03,all_index_equal_weight,0.00921616210036268,1.2263334941317063
2021-03-04,all_index_equal_weight,-0.01783624901978251,1.2044603045490732
2021-03-05,all_index_equal_weight,-0.0027226071176569945,1.2011810323509724
2021-03-08,all_index_equal_weight,-0.011934078562654342,1.1868460435429256
2021-03-09,all_index_equal_weight,-0.011657196421984373,1.1730107460906907
2021-03-10,all_index_equal_weight,-0.00036105503762151234,1.1725872246516305
2021-03-11,all_index_equal_weight,0.016125933833076332,1.1914962886498732
2021-03-12,all_index_equal_weight,-0.0011840246691237769,1.1900855276509423
2021-03-15,all_index_equal_weight,-0.007717195712862635,1.1809014047190145
2021-03-16,all_index_equal_weight,0.0016010960471421847,1.1827921412901747
2021-03-17,all_index_equal_weight,0.0036717842153541607,1.187135098804609
2021-03-18,all_index_equal_weight,0.004590003082326348,1.1925840525672597
2021-03-19,all_index_equal_weight,-0.011344960324002144,1.1790542338078465
2021-03-22,all_index_equal_weight,0.005237058894250698,1.1852290102698138
2021-03-23,all_index_equal_weight,-0.004845560501219341,1.1794859113927512
2021-03-24,all_index_equal_weight,-0.009309427754379178,1.1685055725133322
2021-03-25,all_index_equal_weight,0.0013084813744820326,1.1700345402909444
2021-03-26,all_index_equal_weight,0.011696926731125512,1.1837203485816137
2021-03-29,all_index_equal_weight,0.0022106549520869065,1.1863371458320915
2021-03-30,all_index_equal_weight,0.0021127741520693744,1.1888436082894454
2021-03-31,all_index_equal_weight,-0.0042749084433904095,1.1837614107104981
2021-04-01,all_index_equal_weight,0.009677224320211508,1.1952169354235536
2021-04-02,all_index_equal_weight,0.009567277422946418,1.2066519074253546
2021-04-06,all_index_equal_weight,0.000282831208459459,1.2069931862425216
2021-04-07,all_index_equal_weight,-0.0007278386877045888,1.2061146899057786
2021-04-08,all_index_equal_weight,0.0013396712541222581,1.20773048708502
2021-04-09,all_index_equal_weight,-0.002948853522385867,1.2041690667840868
2021-04-12,all_index_equal_weight,-0.009558356435976608,1.192659189634587
2021-04-13,all_index_equal_weight,-0.0021884970698845835,1.1900490584927008
2021-04-14,all_index_equal_weight,0.007450506229633277,1.1989155264165698
2021-04-15,all_index_equal_weight,0.0008290914459100537,1.1999095370238906
2021-04-16,all_index_equal_weight,0.005241913843356561,1.2061993594367917
2021-04-19,all_index_equal_weight,0.009692359635026156,1.2178902774199913
2021-04-20,all_index_equal_weight,-0.002464351314895356,1.2148889679134331
2021-04-21,all_index_equal_weight,-0.0030071332516466986,1.2112356349009619
2021-04-22,all_index_equal_weight,0.0043898364281839165,1.2165527612141647
2021-04-23,all_index_equal_weight,0.000773259099799432,1.2174934717071597
2021-04-26,all_index_equal_weight,-0.0011281376454781481,1.216119971488603
2021-04-27,all_index_equal_weight,0.0006119560962889903,1.2168641835189742
2021-04-28,all_index_equal_weight,0.003723046306455417,1.2213946252228824
2021-04-29,all_index_equal_weight,0.0053303260387920996,1.2279050567973486
2021-04-30,all_index_equal_weight,-0.005561186539537089,1.2210764477236578
2021-05-06,all_index_equal_weight,0.0024277766606112436,1.2240409486242634
2021-05-07,all_index_equal_weight,-0.00356387611816548,1.2196786183198047
2021-05-10,all_index_equal_weight,0.0032834540580344183,1.2236833770286246
2021-05-11,all_index_equal_weight,-0.004946764338093209,1.217630103738022
2021-05-12,all_index_equal_weight,0.0047886627114848,1.2234609236121736
2021-05-13,all_index_equal_weight,-0.00990861860263263,1.211338115944876
2021-05-14,all_index_equal_weight,0.010143655286785498,1.223625512228765
2021-05-17,all_index_equal_weight,0.007680709525180503,1.2330238243557943
2021-05-18,all_index_equal_weight,0.005403278369536454,1.2396861953150589
2021-05-19,all_index_equal_weight,-0.004194650527475585,1.2344861449619764
2021-05-20,all_index_equal_weight,-0.0018222127559522092,1.2322366485615805
2021-05-21,all_index_equal_weight,-0.0018639823590623475,1.2299397811864716
2021-05-24,all_index_equal_weight,0.004397006734349085,1.2353478346871924
2021-05-25,all_index_equal_weight,0.011890336868178275,1.2500365365909978
2021-05-26,all_index_equal_weight,-0.0011637322391589617,1.2485818287732402
2021-05-27,all_index_equal_weight,0.0033601481285659616,1.252777248668554
2021-05-28,all_index_equal_weight,0.002340904199861623,1.2557098801914532
2021-05-31,all_index_equal_weight,0.006896502841764692,1.2643698869486255
2021-06-01,all_index_equal_weight,0.004225291318497719,1.2697122180553195
2021-06-02,all_index_equal_weight,-0.005447719802882282,1.262795181661058
2021-06-03,all_index_equal_weight,-0.0007804458897323286,1.2618096383519568
2021-06-04,all_index_equal_weight,0.00028026483488719314,1.2621632792219086
2021-06-07,all_index_equal_weight,0.004644947415384497,1.2680259612835236
2021-06-08,all_index_equal_weight,-0.0016234147600598602,1.2659674292218368
2021-06-09,all_index_equal_weight,0.0029893459481382854,1.269751843826856
2021-06-10,all_index_equal_weight,0.004824243701788711,1.2758774361622722
2021-06-11,all_index_equal_weight,-0.0011143065191938268,1.2744557176174642
2021-06-15,all_index_equal_weight,-0.004035146546637543,1.2693131020296777
2021-06-16,all_index_equal_weight,-0.009839112260935527,1.2568241879245314
2021-06-17,all_index_equal_weight,0.005376851144401392,1.2635819444976848
2021-06-18,all_index_equal_weight,0.0008832154341618732,1.2646979595733934
2021-06-21,all_index_equal_weight,-0.00018967099301369454,1.2644580830555388
2021-06-22,all_index_equal_weight,0.005962858224789635,1.2719978673359882
2021-06-23,all_index_equal_weight,0.00793436541966465,1.282090363228466
2021-06-24,all_index_equal_weight,-0.002805096296921039,1.2784939762982557
2021-06-25,all_index_equal_weight,-0.016319585465087754,1.2576294845854565
2021-06-28,all_index_equal_weight,0.0017793588170077145,1.2598672586973825
2021-06-29,all_index_equal_weight,-0.006109096946609967,1.2521706074741403
2021-06-30,all_index_equal_weight,0.00761650446058952,1.2617077704913864
2021-07-01,all_index_equal_weight,-0.0051532028829953,1.2552059343709927
2021-07-02,all_index_equal_weight,-0.00849288425030746,1.244545615660081
2021-07-05,all_index_equal_weight,0.006486267841221971,1.2526180718638706
2021-07-06,all_index_equal_weight,-0.0011121601651882954,1.2512249599421486
2021-07-07,all_index_equal_weight,0.004138673215430596,1.2564033711703393
2021-07-08,all_index_equal_weight,-0.0006519558912374435,1.2555842515907343
2021-07-09,all_index_equal_weight,0.0006264372456041019,1.2563707963309247
2021-07-12,all_index_equal_weight,0.010655387257362018,1.269757913704671
2021-07-13,all_index_equal_weight,0.0024344264497578984,1.2728490459545831
2021-07-14,all_index_equal_weight,-0.006559980883882414,1.2644991805450532
2021-07-15,all_index_equal_weight,0.0040095270137459945,1.269569224168308
2021-07-16,all_index_equal_weight,-0.0027342390842865125,1.2660979183753798
2021-07-19,all_index_equal_weight,-0.004381792163306741,1.2605501404386636
2021-07-20,all_index_equal_weight,-0.0002020206323741928,1.260295483302153
2021-07-21,all_index_equal_weight,0.007719324964290242,1.2700241136887893
2021-07-22,all_index_equal_weight,0.00667396977643228,1.2785002162388883
2021-07-23,all_index_equal_weight,-0.0010899782163995082,1.277106678853526
2021-07-26,all_index_equal_weight,-0.009838429871638599,1.2645419543550243
2021-07-27,all_index_equal_weight,-0.012239289445031472,1.2490648593602873
2021-07-28,all_index_equal_weight,-0.00662723881263243,1.2407870082448396
2021-07-29,all_index_equal_weight,0.018166209116798816,1.2633274045060225
2021-07-30,all_index_equal_weight,-0.001704086405085544,1.2611745854508318
2021-08-02,all_index_equal_weight,0.008152068296945973,1.2714557668057995
2021-08-03,all_index_equal_weight,-0.009611672032052328,1.2592349509720004
2021-08-04,all_index_equal_weight,0.01144033357128991,1.273641018855747
2021-08-05,all_index_equal_weight,-0.0036143594718738145,1.2690376223754787
2021-08-06,all_index_equal_weight,0.003506535465148719,1.2734875478049463
2021-08-09,all_index_equal_weight,-0.001316411568784285,1.2718111140643131
2021-08-10,all_index_equal_weight,0.005073125563269587,1.2782631715387234
2021-08-11,all_index_equal_weight,0.0021055648071042323,1.2809546374869327
2021-08-12,all_index_equal_weight,-0.0007144766511843444,1.280039425307222
2021-08-13,all_index_equal_weight,-0.0027267195804726177,1.2765491167424599
2021-08-16,all_index_equal_weight,-0.0021305758867589267,1.273829331976065
2021-08-17,all_index_equal_weight,-0.01076023486589269,1.2601226291849392
2021-08-18,all_index_equal_weight,0.006728047888742816,1.268600794579784
2021-08-19,all_index_equal_weight,-0.004731660385397444,1.262598206455187
2021-08-20,all_index_equal_weight,-0.004085392096830472,1.2574399977210626
2021-08-23,all_index_equal_weight,0.011778539945420363,1.2722508049631895
2021-08-24,all_index_equal_weight,0.0092515018367758,1.284021035622146
2021-08-25,all_index_equal_weight,0.0013743363932385844,1.2857857124610854
2021-08-26,all_index_equal_weight,-0.005878638770468236,1.2782270427212976
2021-08-27,all_index_equal_weight,0.0015621904784079987,1.2802238768366805
2021-08-30,all_index_equal_weight,0.004672905586082751,1.2862062421421872
2021-08-31,all_index_equal_weight,0.001534483286167232,1.2881799041233184
2021-09-01,all_index_equal_weight,-0.0013163146836511726,1.2864842540003365
2021-09-02,all_index_equal_weight,0.002629323738981293,1.2898668375892053
2021-09-03,all_index_equal_weight,-0.003428036104560861,1.2854451274998737
2021-09-06,all_index_equal_weight,0.011530204462632017,1.3002665726454412
2021-09-07,all_index_equal_weight,0.00925709663601072,1.3123032659609946
2021-09-08,all_index_equal_weight,-0.0023576554126422383,1.3092093070629736
2021-09-09,all_index_equal_weight,0.0005905594114577066,1.3099824729408276
2021-09-10,all_index_equal_weight,0.0047801048798160085,1.3162443265522055
2021-09-13,all_index_equal_weight,-0.0027949015391826888,1.3125655532579843
2021-09-14,all_index_equal_weight,-0.004117604269862566,1.3071609277314147
2021-09-15,all_index_equal_weight,-0.0028474482603068176,1.3034388546218048
2021-09-16,all_index_equal_weight,-0.008869572070727168,1.2918779097609505
2021-09-17,all_index_equal_weight,-0.00024082768858612417,1.2915667897900074
2021-09-22,all_index_equal_weight,-0.0012794917176851253,1.2899142407796338
2021-09-23,all_index_equal_weight,0.0048221185905355105,1.2961343602202937
2021-09-24,all_index_equal_weight,-0.0033545415105880605,1.2917864237056353
2021-09-27,all_index_equal_weight,-0.005514248894606618,1.2846631918466487
2021-09-28,all_index_equal_weight,0.001798514185969624,1.2869736768213778
2021-09-29,all_index_equal_weight,-0.012281155814441462,1.2711681525672498
2021-09-30,all_index_equal_weight,0.005667128037559924,1.278372025245117
2021-10-08,all_index_equal_weight,-0.00012782647732637227,1.2782086154524173
2021-10-11,all_index_equal_weight,0.002245279824531643,1.281078551468235
2021-10-12,all_index_equal_weight,-0.012992492333508429,1.264434148209662
2021-10-13,all_index_equal_weight,0.00310079069444877,1.2683548938501736
2021-10-14,all_index_equal_weight,0.005371943485112855,1.2751684246590032
2021-10-15,all_index_equal_weight,0.008770930522663605,1.2863528383163816
2021-10-18,all_index_equal_weight,0.0011216536184925944,1.2877956806321373
2021-10-19,all_index_equal_weight,0.005629206879029391,1.295044948936336
2021-10-20,all_index_equal_weight,-0.0042464402125978315,1.2895456179880511
2021-10-21,all_index_equal_weight,-0.0005486595130410165,1.2888380965172415
2021-10-22,all_index_equal_weight,-0.001094520070404507,1.2874274373531014
2021-10-25,all_index_equal_weight,0.006356805970127899,1.2956113637729743
2021-10-26,all_index_equal_weight,-0.0006102504652278647,1.2948207163354772
2021-10-27,all_index_equal_weight,-0.00865822740443604,1.2836098641254698
2021-10-28,all_index_equal_weight,-0.008337777130343834,1.2729074111560807
2021-10-29,all_index_equal_weight,0.006701461254358128,1.2814377508523285
2021-11-01,all_index_equal_weight,0.00346730595382323,1.2858808875953127
2021-11-02,all_index_equal_weight,-0.001489253831779199,1.2839658845562498
2021-11-03,all_index_equal_weight,0.0009487945346908555,1.2851841043702463
2021-11-04,all_index_equal_weight,0.00427580634967771,1.2906793027242176
2021-11-05,all_index_equal_weight,-0.00499045057475785,1.2842382314561094
2021-11-08,all_index_equal_weight,0.0035297049829452623,1.2887712135409688
2021-11-09,all_index_equal_weight,0.005206315053028865,1.2954809625099373
2021-11-10,all_index_equal_weight,-0.0030804691319316142,1.2914902733939204
2021-11-11,all_index_equal_weight,0.007910304592859812,1.3017063548351822
2021-11-12,all_index_equal_weight,0.0012668921153574542,1.3033554763526334
2021-11-15,all_index_equal_weight,-0.003516187912234318,1.2987726335813379
2021-11-16,all_index_equal_weight,-0.004472261074467509,1.2929641832875884
2021-11-17,all_index_equal_weight,0.0033804466638135892,1.2973349797474134
2021-11-18,all_index_equal_weight,-0.0027205074700348015,1.293805570243873
2021-11-19,all_index_equal_weight,0.007824492340846664,1.303928942018791
2021-11-22,all_index_equal_weight,0.004861849296307707,1.3102684480279803
2021-11-23,all_index_equal_weight,-0.0022090321167131314,1.3073740229447706
2021-11-24,all_index_equal_weight,0.00041317035394541717,1.3079141911325696
2021-11-25,all_index_equal_weight,-0.0007114881250864605,1.3069836257169467
2021-11-26,all_index_equal_weight,-0.008164314169674709,1.296313000781973
2021-11-29,all_index_equal_weight,-0.0003723704775338047,1.2958302920908384
2021-11-30,all_index_equal_weight,-0.002614894393006824,1.2924418327257619
2021-12-01,all_index_equal_weight,0.0020776105249405135,1.2951270234803063
2021-12-02,all_index_equal_weight,-0.0036725332128511256,1.2903706264717139
2021-12-03,all_index_equal_weight,0.008051311771861643,1.30075980268669
2021-12-06,all_index_equal_weight,-0.006656172657912677,1.292101720853535
2021-12-07,all_index_equal_weight,-6.504265788834785e-05,1.2920176791233486
2021-12-08,all_index_equal_weight,0.010223164696399807,1.3052261886476868
2021-12-09,all_index_equal_weight,0.003474791426872929,1.3097615774181297
2021-12-10,all_index_equal_weight,-0.002645115920026564,1.3062971062182618
2021-12-13,all_index_equal_weight,0.004127138363045217,1.3116883751188702
2021-12-14,all_index_equal_weight,-0.006351523435165733,1.3033571556646681
2021-12-15,all_index_equal_weight,-0.004417046435688136,1.2976001665858108
2021-12-16,all_index_equal_weight,0.00887275559426069,1.3091134557229986
2021-12-17,all_index_equal_weight,-0.008768333205754408,1.2976347127390828
2021-12-20,all_index_equal_weight,-0.013985270058649583,1.2794869408439487
2021-12-21,all_index_equal_weight,0.006674939153192579,1.2880274383213866
2021-12-22,all_index_equal_weight,0.002778610513491601,1.2916063649031722
2021-12-23,all_index_equal_weight,0.006150539380491097,1.299550440714602
2021-12-24,all_index_equal_weight,-0.0035776967886715656,1.2949010432761405
2021-12-27,all_index_equal_weight,-0.0025895824510978197,1.2915477902585644
2021-12-28,all_index_equal_weight,0.006042866651911028,1.299352441329667
2021-12-29,all_index_equal_weight,-0.004880645587882896,1.2930107625697866
2021-12-30,all_index_equal_weight,0.004537398361328134,1.2988776674850504
2021-12-31,all_index_equal_weight,0.0018692404866874513,1.3013055822083675
2022-01-04,all_index_equal_weight,-0.0006207857258045883,1.3004977502780226
2022-01-05,all_index_equal_weight,-0.010492998486614002,1.2868516293525105
2022-01-06,all_index_equal_weight,-0.008608205639921773,1.2757741458989758
2022-01-07,all_index_equal_weight,-0.001844524133830742,1.2734209496975477
2022-01-10,all_index_equal_weight,0.0008843119629496687,1.2745470510772359
2022-01-11,all_index_equal_weight,-0.006146124651166274,1.2667135260275388
2022-01-12,all_index_equal_weight,0.012071136079564174,1.282004197374042
2022-01-13,all_index_equal_weight,-0.0055058474379635885,1.2749456778484716
2022-01-14,all_index_equal_weight,-0.004175422191163476,1.269622241372655
2022-01-17,all_index_equal_weight,0.006177083919852344,1.2774648045041248
2022-01-18,all_index_equal_weight,0.0023345894131358053,1.280447160312374
2022-01-19,all_index_equal_weight,-0.007037171385996121,1.2714364341945437
2022-01-20,all_index_equal_weight,0.0021923065061748757,1.274223812561416
2022-01-21,all_index_equal_weight,-0.006828702695665215,1.265522516977697
2022-01-24,all_index_equal_weight,-0.0012422745365387863,1.263950390579439
2022-01-25,all_index_equal_weight,-0.018884693714985766,1.2400810745824096
2022-01-26,all_index_equal_weight,0.004177525570188131,1.245261544980584
2022-01-27,all_index_equal_weight,-0.01751013535089363,1.223456846780711
2022-01-28,all_index_equal_weight,0.00022503375225790083,1.2237321658656675
2022-02-07,all_index_equal_weight,0.014182476861567657,1.2410877189928133
2022-02-08,all_index_equal_weight,-0.0001642031833567333,1.2408839284385298
2022-02-09,all_index_equal_weight,0.007541855594962861,1.2502424958369234
2022-02-10,all_index_equal_weight,0.0019631295555676514,1.2526968838321273
2022-02-11,all_index_equal_weight,-0.010549360829027913,1.2394817323951832
2022-02-14,all_index_equal_weight,-0.004929870074907116,1.2333712484942543
2022-02-15,all_index_equal_weight,0.0045794539717721365,1.2390194153568408
2022-02-16,all_index_equal_weight,0.0021501298262846967,1.2416834679571453
2022-02-17,all_index_equal_weight,0.002185221467891918,1.2443968213276517
2022-02-18,all_index_equal_weight,0.002434676390021373,1.2474265248883558
2022-02-21,all_index_equal_weight,-1.0028978394494014e-05,1.247414014474689
2022-02-22,all_index_equal_weight,-0.0071693105086544995,1.2384709160720726
2022-02-23,all_index_equal_weight,0.011069031729083452,1.2521795899376214
2022-02-24,all_index_equal_weight,-0.011415438558066548,1.2378854107650235
2022-02-25,all_index_equal_weight,0.0029957714502814887,1.2415938325373133
2022-02-28,all_index_equal_weight,0.0023335157585929003,1.2444911113113108
2022-03-01,all_index_equal_weight,0.008581514367915344,1.2551707296637717
2022-03-02,all_index_equal_weight,-0.00286807171523152,1.2515708099962366
2022-03-03,all_index_equal_weight,-0.0019392254751920191,1.2491437319974852
2022-03-04,all_index_equal_weight,-0.009785110864357979,1.2369207220943719
2022-03-07,all_index_equal_weight,-0.011434554236848615,1.2227770850109019
2022-03-08,all_index_equal_weight,-0.013748035440703296,1.2059663023100922
2022-03-09,all_index_equal_weight,-0.00220445574004758,1.2033078029726607
2022-03-10,all_index_equal_weight,0.005622960479866993,1.2100739551938915
2022-03-11,all_index_equal_weight,0.0041128266691241,1.2150507796284256
2022-03-14,all_index_equal_weight,-0.016495382581915123,1.1950080521620006
2022-03-15,all_index_equal_weight,-0.031130919055544107,1.1578063532194218
2022-03-16,all_index_equal_weight,0.02970200213165924,1.1921955199907937
2022-03-17,all_index_equal_weight,0.014081285653177773,1.2089831656622227
2022-03-18,all_index_equal_weight,0.007273445909561912,1.2177766393232377
2022-03-21,all_index_equal_weight,0.0022511669182706715,1.220518057807525
2022-03-22,all_index_equal_weight,0.0019895724184364584,1.2229463668715423
2022-03-23,all_index_equal_weight,0.0048037241756186955,1.2288210638995682
2022-03-24,all_index_equal_weight,-0.004567553282057069,1.2232083582160929
2022-03-25,all_index_equal_weight,-0.00595637454693125,1.215922471085621
2022-03-28,all_index_equal_weight,-0.003802626445443935,1.2112987721414612
2022-03-29,all_index_equal_weight,-0.0006623796348734852,1.2104964325030474
2022-03-30,all_index_equal_weight,0.012957559975542614,1.226181512627386
2022-03-31,all_index_equal_weight,-0.00708665362220684,1.2174919889694422
2022-04-01,all_index_equal_weight,-0.0007579229788800472,1.2165692238144
2022-04-06,all_index_equal_weight,-0.004887605033346184,1.2106231139526706
2022-04-07,all_index_equal_weight,-0.012274603206943398,1.1957631955957473
2022-04-08,all_index_equal_weight,0.0018797663742789053,1.1980109510424284
2022-04-11,all_index_equal_weight,-0.01995327900919598,1.1741067042802067
2022-04-12,all_index_equal_weight,0.0068137767612321855,1.182106805257038
2022-04-13,all_index_equal_weight,-0.002797037473579219,1.1788004082249612
2022-04-14,all_index_equal_weight,0.009450314808390484,1.1899404431789462
2022-04-15,all_index_equal_weight,-0.0050012670566128015,1.1839892332411441
2022-04-18,all_index_equal_weight,0.002101716602605641,1.1864776430699533
2022-04-19,all_index_equal_weight,0.0007493580343090038,1.1873667396243157
2022-04-20,all_index_equal_weight,-0.010612715732986937,1.1747655539458792
2022-04-21,all_index_equal_weight,-0.007683202903206229,1.1657395918312157
2022-04-22,all_index_equal_weight,-0.00789627264259332,1.156534594183851
2022-04-25,all_index_equal_weight,-0.03833117201817245,1.1122032677092224
2022-04-26,all_index_equal_weight,-0.00900154277512325,1.102191722420306
2022-04-27,all_index_equal_weight,0.018423118034446892,1.1224975306190457
2022-04-28,all_index_equal_weight,0.0025641506945141336,1.125375783441773
2022-04-29,all_index_equal_weight,0.02371204212261375,1.152060741422514
2022-05-05,all_index_equal_weight,0.0015340997395440334,1.153828117505869
2022-05-06,all_index_equal_weight,-0.01815880581507779,1.1328759767761032
2022-05-09,all_index_equal_weight,-0.0028713636174698574,1.1296230779132825
2022-05-10,all_index_equal_weight,0.0033816638810196514,1.133443083475028
2022-05-11,all_index_equal_weight,0.009534210783799424,1.1442495687443186
2022-05-12,all_index_equal_weight,-0.003655382467361253,1.140066898932445
2022-05-13,all_index_equal_weight,0.007990992946397425,1.1491771654802354
2022-05-16,all_index_equal_weight,0.0005723463601432389,1.1498348928480577
2022-05-17,all_index_equal_weight,0.00941932216958629,1.160665558145625
2022-05-18,all_index_equal_weight,0.0004938514080074914,1.1612387544657412
2022-05-19,all_index_equal_weight,-0.0011176174392295494,1.1599409337826412
2022-05-20,all_index_equal_weight,0.010118382651801764,1.1716776600041423
2022-05-23,all_index_equal_weight,0.0014124482695896316,1.173332594087532
2022-05-24,all_index_equal_weight,-0.01870607281364556,1.151384149147907
2022-05-25,all_index_equal_weight,0.006814699909504344,1.1592304866049101
2022-05-26,all_index_equal_weight,0.005854593866306686,1.1660173103014229
2022-05-27,all_index_equal_weight,0.006964219404974429,1.17413771068036
2022-05-30,all_index_equal_weight,0.0073891031624903954,1.1828135353515477
2022-05-31,all_index_equal_weight,0.007137240418991863,1.1912555599241892
2022-06-01,all_index_equal_weight,-0.0007994827347249027,1.1903031716713848
2022-06-02,all_index_equal_weight,0.005645962999507418,1.1970235793368378
2022-06-06,all_index_equal_weight,0.01611487133453665,1.2163134603022576
2022-06-07,all_index_equal_weight,-0.002372406985325326,1.2134278697526912
2022-06-08,all_index_equal_weight,0.008966643328957002,1.2243082446661797
2022-06-09,all_index_equal_weight,-0.008863717871519036,1.213456321797684
2022-06-10,all_index_equal_weight,0.006980286803203317,1.221926594946992
2022-06-13,all_index_equal_weight,-0.010806572877678992,1.2087217561475232
2022-06-14,all_index_equal_weight,0.00019228415514466562,1.2089541741892091
2022-06-15,all_index_equal_weight,-0.0003954038242363104,1.2084761490854083
2022-06-16,all_index_equal_weight,-0.0032625269835421726,1.2045334630400502
2022-06-17,all_index_equal_weight,0.001357567940536708,1.206168699052777
2022-06-20,all_index_equal_weight,-0.002627311724429863,1.2029997178881153
2022-06-21,all_index_equal_weight,0.0004327321132614063,1.20352029449829
2022-06-22,all_index_equal_weight,-0.011493084224589733,1.189688134387618
2022-06-23,all_index_equal_weight,0.01218998327303558,1.204190412845932
2022-06-24,all_index_equal_weight,0.0025064276948115636,1.2072086290465154
2022-06-27,all_index_equal_weight,0.010340983722051807,1.219692353828606
2022-06-28,all_index_equal_weight,0.010256564465218606,1.2322022070833833
2022-06-29,all_index_equal_weight,-0.014996572686363736,1.2137233971205594
2022-06-30,all_index_equal_weight,0.003360005682855131,1.2178015146322987
2022-07-01,all_index_equal_weight,-0.00651440425646056,1.209868263261854
2022-07-04,all_index_equal_weight,0.0036068478649861255,1.2142320740241146
2022-07-05,all_index_equal_weight,-0.02471629657903246,1.1842207539667609
2022-07-06,all_index_equal_weight,-0.012700253648010352,1.169180850016145
2022-07-07,all_index_equal_weight,0.0044096217553006075,1.1743364953282571
2022-07-08,all_index_equal_weight,-0.0005798648943860656,1.17365553882042
2022-07-11,all_index_equal_weight,-0.010037003457298554,1.1618755541196018
2022-07-12,all_index_equal_weight,-0.008695087443795246,1.1517729445777238
2022-07-13,all_index_equal_weight,0.0009584480416538254,1.1528768591008842
2022-07-14,all_index_equal_weight,0.0027779648469171653,1.1560795104882906
2022-07-15,all_index_equal_weight,-0.009928268623914412,1.1446016425575594
2022-07-18,all_index_equal_weight,0.015598747665927105,1.1624559947578206
2022-07-19,all_index_equal_weight,-0.0026405060356124036,1.1593865226875288
2022-07-20,all_index_equal_weight,0.010478232966604077,1.1715348447705898
2022-07-21,all_index_equal_weight,-0.0029103787278757175,1.1681252346794042
2022-07-22,all_index_equal_weight,-0.0016076554251862236,1.166247291808575
2022-07-25,all_index_equal_weight,-0.006388829438091955,1.1587963367785732
2022-07-26,all_index_equal_weight,0.009263099265306832,1.1695303822744272
2022-07-27,all_index_equal_weight,0.0011792209808965928,1.1709095170390011
2022-07-28,all_index_equal_weight,0.00942557031396816,1.1819460070231467
2022-07-29,all_index_equal_weight,-0.002849503479721564,1.1785780477632912
2022-08-01,all_index_equal_weight,0.007051763352309818,1.1868891012483451
2022-08-02,all_index_equal_weight,-0.01267443038511015,1.171845957959727
2022-08-03,all_index_equal_weight,-0.0024839437946078493,1.1689351584642167
2022-08-04,all_index_equal_weight,0.0033399127518315566,1.1728392999060357
2022-08-05,all_index_equal_weight,0.013113616487378322,1.1882194646863289
2022-08-08,all_index_equal_weight,0.0013472681004407904,1.1898203148674236
2022-08-09,all_index_equal_weight,0.0029775876097880498,1.1933631090948469
2022-08-10,all_index_equal_weight,-0.005097833453469861,1.1872795427151663
2022-08-11,all_index_equal_weight,0.015437392215653482,1.2056080426856821
2022-08-12,all_index_equal_weight,-0.0009540285973610452,1.2044578581357515
2022-08-15,all_index_equal_weight,0.001697893941107731,1.2065028998353997
2022-08-16,all_index_equal_weight,-0.0001124106114038718,1.2063672761067687
2022-08-17,all_index_equal_weight,0.003470304724162961,1.2105537381641176
2022-08-18,all_index_equal_weight,-0.0036925639086944646,1.2060836911210377
2022-08-19,all_index_equal_weight,-0.005925014845767085,1.198937627345908
2022-08-22,all_index_equal_weight,0.0022731473499451,1.201662989236259
2022-08-23,all_index_equal_weight,0.001400698007233007,1.2033461561906478
2022-08-24,all_index_equal_weight,-0.013160844686654813,1.1875091043247397
2022-08-25,all_index_equal_weight,0.005404015722690007,1.193926422195348
2022-08-26,all_index_equal_weight,-0.004533631815714279,1.1885135993820612
2022-08-29,all_index_equal_weight,-0.00927480287514577,1.1774903700333625
2022-08-30,all_index_equal_weight,-0.0019515412158812547,1.1751924490449392
2022-08-31,all_index_equal_weight,-0.009757230854925532,1.1637258250206424
2022-09-01,all_index_equal_weight,-0.006742662079124773,1.1558792150297774
2022-09-02,all_index_equal_weight,-0.0001731242393015068,1.155679104319951
2022-09-05,all_index_equal_weight,0.0035335345686875424,1.1597627363853755
2022-09-06,all_index_equal_weight,0.0076816233097481345,1.1686715968549706
2022-09-07,all_index_equal_weight,-0.0007121528530159534,1.1678393240430316
2022-09-08,all_index_equal_weight,-0.0012669111922707292,1.1663597753326276
2022-09-09,all_index_equal_weight,0.006285920597036062,1.1736914202679452
2022-09-13,all_index_equal_weight,0.007640452663448679,1.1826589540059982
2022-09-14,all_index_equal_weight,-0.012109700866304836,1.1683373078461285
2022-09-15,all_index_equal_weight,-0.009652608924874321,1.1570598047211493
2022-09-16,all_index_equal_weight,-0.015231387405342705,1.1394361785842912
2022-09-19,all_index_equal_weight,-0.005642620874757794,1.1330067722175574
2022-09-20,all_index_equal_weight,0.007134952990400911,1.1410907222751356
2022-09-21,all_index_equal_weight,-0.0031369989498314264,1.137511121877696
2022-09-22,all_index_equal_weight,-0.0024654280009146342,1.134706670106467
2022-09-23,all_index_equal_weight,-0.006650050835112261,1.127160813067318
2022-09-26,all_index_equal_weight,-0.013136669838190918,1.1123536736115058
2022-09-27,all_index_equal_weight,0.009253822417183399,1.1226471969722083
2022-09-28,all_index_equal_weight,-0.014620538546346077,1.1062334903549287
2022-09-29,all_index_equal_weight,0.006379162592170151,1.1132903336548066
2022-09-30,all_index_equal_weight,-0.008846892131277302,1.1034411741621688
2022-10-10,all_index_equal_weight,-0.007598658295777076,1.0950565017302194
2022-10-11,all_index_equal_weight,0.001906262952899044,1.0971439673707988
2022-10-12,all_index_equal_weight,0.01344469343129635,1.1118947316620955
2022-10-13,all_index_equal_weight,-0.004086521866504763,1.107350949527907
2022-10-14,all_index_equal_weight,0.01873581412497218,1.1280980710893735
2022-10-17,all_index_equal_weight,-0.0025237866385767562,1.125250992250554
2022-10-18,all_index_equal_weight,0.004354324711704823,1.130150700452981
2022-10-19,all_index_equal_weight,-0.005551528271358519,1.1238766368885207
2022-10-20,all_index_equal_weight,-0.0009416367192490431,1.1228183533793203
2022-10-21,all_index_equal_weight,-0.002267122014914876,1.1202727871716236
2022-10-24,all_index_equal_weight,-0.0018527715996903393,1.118197177567646
2022-10-25,all_index_equal_weight,0.00032081602864512113,1.1185559131453955
2022-10-26,all_index_equal_weight,0.007981465110254549,1.1274836281400344
2022-10-27,all_index_equal_weight,-0.00117764498118527,1.1261558527039868
2022-10-28,all_index_equal_weight,-0.016600352465216753,1.1074612686183338
2022-10-31,all_index_equal_weight,0.0037371380262833155,1.1116000042379235
2022-11-01,all_index_equal_weight,0.01752686836311036,1.1310828711846346
2022-11-02,all_index_equal_weight,0.005115007030716993,1.1368683680230676
2022-11-03,all_index_equal_weight,-0.00385122066355336,1.132490037072397
2022-11-04,all_index_equal_weight,0.015585228189838308,1.1501401527228887
2022-11-07,all_index_equal_weight,0.002334794092525779,1.1528254931570427
2022-11-08,all_index_equal_weight,0.00033962416523293607,1.1532170205528154
2022-11-09,all_index_equal_weight,-0.0014380481694252101,1.1515586389274595
2022-11-10,all_index_equal_weight,-0.008196081690203827,1.1421203702517502
2022-11-11,all_index_equal_weight,0.018853361091550294,1.1636531780021215
2022-11-14,all_index_equal_weight,-0.005742470106089899,1.156970934413588
2022-11-15,all_index_equal_weight,0.015441587524980763,1.174836402361194
2022-11-16,all_index_equal_weight,-0.003373282917123336,1.1708733467946941
2022-11-17,all_index_equal_weight,-0.0016561153333010928,1.1689342454917138
2022-11-18,all_index_equal_weight,-0.005818967121621551,1.1621322555498599
2022-11-21,all_index_equal_weight,-0.002993698100667445,1.1586531824236959
2022-11-22,all_index_equal_weight,-0.004842826329628125,1.153042026284947
2022-11-23,all_index_equal_weight,0.0048214963531102144,1.1586014142096626
2022-11-24,all_index_equal_weight,0.0011160896634359486,1.1598945172721042
2022-11-25,all_index_equal_weight,-0.0005157395666236223,1.1592963137764372
2022-11-28,all_index_equal_weight,-0.00750626613258341,1.1505943271187082
2022-11-29,all_index_equal_weight,0.011405147516726699,1.163717025151406
2022-11-30,all_index_equal_weight,-0.00010025165929766026,1.1636003605886815
2022-12-01,all_index_equal_weight,0.009826265260596205,1.1750342063891515
2022-12-02,all_index_equal_weight,-0.0024319336050612427,1.1721766012155372
2022-12-05,all_index_equal_weight,0.004820081804588868,1.1778265883228212
2022-12-06,all_index_equal_weight,-0.0028765351749800625,1.1744385287114838
2022-12-07,all_index_equal_weight,-0.004647830164699555,1.1689799378911532
2022-12-08,all_index_equal_weight,0.0008183092236985767,1.1699365249566482
2022-12-09,all_index_equal_weight,0.004315842722017109,1.1749857869931044
2022-12-12,all_index_equal_weight,-0.0063260980647614285,1.1675527116798852
2022-12-13,all_index_equal_weight,-0.0019350703503063006,1.1652934150450938
2022-12-14,all_index_equal_weight,0.002540861405825671,1.1682542641098448
2022-12-15,all_index_equal_weight,-0.002833760234319712,1.164943711632636
2022-12-16,all_index_equal_weight,-0.007678129966489041,1.1559991224110764
2022-12-19,all_index_equal_weight,-0.01083662626592661,1.1434719919577683
2022-12-20,all_index_equal_weight,-0.007632037139034579,1.1347449712477007
2022-12-21,all_index_equal_weight,0.0007973089252753011,1.1356497135411878
2022-12-22,all_index_equal_weight,-0.0003612583431805557,1.1352394506072405
2022-12-23,all_index_equal_weight,-0.007078526764424287,1.1272036277720867
2022-12-26,all_index_equal_weight,0.01002754710847447,1.1385067152504147
2022-12-27,all_index_equal_weight,0.00831658165977108,1.1479751993179925
2022-12-28,all_index_equal_weight,-0.005793325670799136,1.1413246051263428
2022-12-29,all_index_equal_weight,-0.003834322633325212,1.1369483983609359
2022-12-30,all_index_equal_weight,0.0028075003906451344,1.1401403814334776
2023-01-03,all_index_equal_weight,0.005096597436891851,1.1459512179791884
2023-01-04,all_index_equal_weight,-0.003204550322623027,1.142278959633903
2023-01-05,all_index_equal_weight,0.00773342156414399,1.1511126843726038
2023-01-06,all_index_equal_weight,0.00015143910393800402,1.151287007846057
2023-01-09,all_index_equal_weight,0.006283194107670105,1.1585207675899927
2023-01-10,all_index_equal_weight,-0.0009367134108481816,1.1574355656502449
2023-01-11,all_index_equal_weight,0.0005912253691653269,1.1581198709198315
2023-01-12,all_index_equal_weight,0.0020213461907575706,1.1604608321093561
2023-01-13,all_index_equal_weight,0.0058107969029390786,1.1672040343185592
2023-01-16,all_index_equal_weight,0.007335175706703271,1.1757656809958588
2023-01-17,all_index_equal_weight,0.003235904600895149,1.179570346572568
2023-01-18,all_index_equal_weight,0.0038793001846663417,1.184146254035854
2023-01-19,all_index_equal_weight,0.003938480970576452,1.1888099915237538
2023-01-20,all_index_equal_weight,0.006871531339197393,1.1969789366368602
2023-01-30,all_index_equal_weight,0.005679213389879519,1.203776835441212
2023-01-31,all_index_equal_weight,-0.006945490653797992,1.1954160146813964
2023-02-01,all_index_equal_weight,0.01010116612952134,1.2074911104395836
2023-02-02,all_index_equal_weight,0.0016543995305334383,1.209488783165818
2023-02-03,all_index_equal_weight,-0.002417511788362118,1.206564829774623
2023-02-06,all_index_equal_weight,-0.00863522883380999,1.1961458663666922
2023-02-07,all_index_equal_weight,5.50676581385634e-05,1.196211735318345
2023-02-08,all_index_equal_weight,-0.0014359501075560314,1.1944940349483548
2023-02-09,all_index_equal_weight,0.009493711252410213,1.2058342164088809
2023-02-10,all_index_equal_weight,-0.006761089660684331,1.1976814631558195
2023-02-13,all_index_equal_weight,0.004442252811683315,1.2030018670030245
2023-02-14,all_index_equal_weight,0.001406102088647036,1.2046934104408638
2023-02-15,all_index_equal_weight,-0.002428463171114522,1.2017678568611236
2023-02-16,all_index_equal_weight,-0.005229257332431125,1.1954835034837525
2023-02-17,all_index_equal_weight,-0.0109306891250426,1.182416044953055
2023-02-20,all_index_equal_weight,0.011092592637777683,1.1955321044680913
2023-02-21,all_index_equal_weight,0.0007976591116372426,1.196485731544475
2023-02-22,all_index_equal_weight,-0.003148819630512963,1.1927182137853591
2023-02-23,all_index_equal_weight,7.121314542443505e-05,1.1928031510009678
2023-02-24,all_index_equal_weight,-0.0010074373357863173,1.191601476572406
2023-02-27,all_index_equal_weight,-0.006712982561362701,1.1836022766400813
2023-02-28,all_index_equal_weight,0.0036111551339991664,1.1878764480779833
2023-03-01,all_index_equal_weight,0.0058000068949053555,1.1947661396671312
2023-03-02,all_index_equal_weight,-0.003526205274066733,1.1905531490041605
2023-03-03,all_index_equal_weight,0.005249153902937102,1.19680254571291
2023-03-06,all_index_equal_weight,0.0039087421625692825,1.201480538283608
2023-03-07,all_index_equal_weight,-0.0082224864469246,1.1916013808413275
2023-03-08,all_index_equal_weight,-0.004371512673713303,1.1863922803029654
2023-03-09,all_index_equal_weight,1.8321405919989136e-05,1.1864140166775132
2023-03-10,all_index_equal_weight,-0.011793133602982016,1.1724224776703847
2023-03-13,all_index_equal_weight,0.0062706192322829184,1.1797742926072254
2023-03-14,all_index_equal_weight,-0.006800517295274574,1.1717512171258297
2023-03-15,all_index_equal_weight,0.0037938711622355773,1.1761966902777978
2023-03-16,all_index_equal_weight,-0.01084514963009134,1.163440661177317
2023-03-17,all_index_equal_weight,0.008489918676042136,1.173318177775113
2023-03-20,all_index_equal_weight,-0.004382083009501892,1.1681766001235447
2023-03-21,all_index_equal_weight,0.00811353693848573,1.1776546441193219
2023-03-22,all_index_equal_weight,0.005293106137529568,1.183888095144
2023-03-23,all_index_equal_weight,0.006635314993788914,1.1917435655726774
2023-03-24,all_index_equal_weight,0.0019333146388482417,1.1940475808537523
2023-03-27,all_index_equal_weight,4.8961741316055905e-05,1.194106043502525
2023-03-28,all_index_equal_weight,-0.003956743483967114,1.1893812721957306
2023-03-29,all_index_equal_weight,0.003883117502931162,1.1939997794314525
2023-03-30,all_index_equal_weight,0.005296738932019962,1.2003240845479903
2023-03-31,all_index_equal_weight,0.004477864642641601,1.205698973325899
2023-04-03,all_index_equal_weight,0.014195059571154474,1.2228139420771398
2023-04-04,all_index_equal_weight,0.002942370544879784,1.226411913802176
2023-04-06,all_index_equal_weight,-0.0005001607750672303,1.2257985106688172
2023-04-07,all_index_equal_weight,0.005225502815472397,1.232203924237519
2023-04-10,all_index_equal_weight,-0.007781384521663115,1.2226156716939245
2023-04-11,all_index_equal_weight,0.0016612707570045405,1.224646767356365
2023-04-12,all_index_equal_weight,0.0024559296223365464,1.2276544136292142
2023-04-13,all_index_equal_weight,-0.0064684317891435476,1.2197134147940125
2023-04-14,all_index_equal_weight,0.007197659201197374,1.2284924962768284
2023-04-17,all_index_equal_weight,0.004740009954067459,1.2343155629376779
2023-04-18,all_index_equal_weight,-0.0016944639355766622,1.232224059731159
2023-04-19,all_index_equal_weight,-0.005136771513641114,1.2258944062827086
2023-04-20,all_index_equal_weight,0.0013709428078770034,1.2275750374022185
2023-04-21,all_index_equal_weight,-0.016110656879055395,1.2077979971813377
2023-04-24,all_index_equal_weight,-0.009450965876877056,1.1963831395238165
2023-04-25,all_index_equal_weight,-0.004319534442602927,1.1912153213460939
2023-04-26,all_index_equal_weight,-0.0006128974178627529,1.1904852285515224
2023-04-27,all_index_equal_weight,0.0008638034642413232,1.1915135738160734
2023-04-28,all_index_equal_weight,0.010707487558835764,1.2042716905838928
2023-05-04,all_index_equal_weight,-0.002192532665286584,1.2016312855644078
2023-05-05,all_index_equal_weight,-0.002080121838755696,1.1991317460851731
2023-05-08,all_index_equal_weight,0.00932558493427047,1.2103143510306704
2023-05-09,all_index_equal_weight,-0.007159259461793281,1.20164939656131
2023-05-10,all_index_equal_weight,-0.0037090577383781707,1.1971924095681767
2023-05-11,all_index_equal_weight,-0.001257317762012474,1.1956871582870803
2023-05-12,all_index_equal_weight,-0.008062242794965839,1.186047238110147
2023-05-15,all_index_equal_weight,0.00830701577796891,1.1958997512305445
2023-05-16,all_index_equal_weight,-0.002202925249421761,1.1932652734727816
2023-05-17,all_index_equal_weight,0.00042433493316816157,1.1937716176128523
2023-05-18,all_index_equal_weight,0.004708346249785748,1.1993923077317403
2023-05-19,all_index_equal_weight,0.00349932947419274,1.203589376585306
2023-05-22,all_index_equal_weight,-0.0013221061180608285,1.2019981037068896
2023-05-23,all_index_equal_weight,-0.006419694381276379,1.1942816432342176
2023-05-24,all_index_equal_weight,-0.006619827248131959,1.186375705070392
2023-05-25,all_index_equal_weight,-0.0001988205558524266,1.18613982919326
2023-05-26,all_index_equal_weight,0.0006539270352837596,1.1869154780951963
2023-05-29,all_index_equal_weight,0.0015571051946690025,1.1887636303517712
2023-05-30,all_index_equal_weight,0.001254175536286776,1.1902545486153857
2023-05-31,all_index_equal_weight,-0.004974907185008689,1.1843331427094896
2023-06-01,all_index_equal_weight,0.005032003043916437,1.1902927106886148
2023-06-02,all_index_equal_weight,0.006298334522751533,1.1977895723605245
2023-06-05,all_index_equal_weight,0.0007457362321557174,1.198682807443132
2023-06-06,all_index_equal_weight,-0.009123668210964657,1.1877464232178332
2023-06-07,all_index_equal_weight,-0.0005615965733279012,1.1870793888965716
2023-06-08,all_index_equal_weight,-0.0001214580883643642,1.1869352085032594
2023-06-09,all_index_equal_weight,0.007670990340217632,1.1960401770221523
2023-06-12,all_index_equal_weight,0.0014058296362355412,1.1977216057491384
2023-06-13,all_index_equal_weight,0.008797444154600709,1.2082584946884751
2023-06-14,all_index_equal_weight,0.00020072717201397768,1.2085010249991757
2023-06-15,all_index_equal_weight,0.00653626080101201,1.2164001028768605
2023-06-16,all_index_equal_weight,0.009353991668302959,1.2277782993044934
2023-06-19,all_index_equal_weight,-6.917898227506805e-05,1.227693362851288
2023-06-20,all_index_equal_weight,0.00044812857280327465,1.2282435273258228
2023-06-21,all_index_equal_weight,-0.011544429496337653,1.2140641565202768
2023-06-26,all_index_equal_weight,-0.01219776408453559,1.1992552883555518
2023-06-27,all_index_equal_weight,0.00397836619415246,1.204026365052904
2023-06-28,all_index_equal_weight,0.0015713086186464017,1.2059182620573892
2023-06-29,all_index_equal_weight,-0.0005120779795862082,1.2053007378702087
2023-06-30,all_index_equal_weight,0.006579591090252801,1.2132311238661748
2023-07-03,all_index_equal_weight,0.010564980718530495,1.226048887296942
2023-07-04,all_index_equal_weight,0.001032404721684784,1.2273146659572036
2023-07-05,all_index_equal_weight,-0.005401999017251103,1.220684713337845
2023-07-06,all_index_equal_weight,-0.0031178086868425825,1.2168788519347042
2023-07-07,all_index_equal_weight,-0.0059962806693446115,1.2095821047979138
2023-07-10,all_index_equal_weight,0.0019722632879672834,1.2119677191769889
2023-07-11,all_index_equal_weight,0.007351620648490161,1.220877646086594
2023-07-12,all_index_equal_weight,-0.004044763848538091,1.2159394843202147
2023-07-13,all_index_equal_weight,0.012106773222994726,1.2306605879097647
2023-07-14,all_index_equal_weight,-0.0004299137446936108,1.2301315100079697
2023-07-17,all_index_equal_weight,-0.0028990204662898405,1.2265653335842286
2023-07-18,all_index_equal_weight,-6.854993703192906e-05,1.2264812526078457
2023-07-19,all_index_equal_weight,0.00301339265752694,1.2301771222090485
2023-07-20,all_index_equal_weight,-0.007264620315960694,1.2212403524948185
2023-07-21,all_index_equal_weight,-0.0021374819098022744,1.2186299733338404
2023-07-24,all_index_equal_weight,-0.0032894843905239444,1.214621309058734
2023-07-25,all_index_equal_weight,0.013864662650088582,1.2314616237564426
2023-07-26,all_index_equal_weight,-0.001149901042584415,1.2300455647513824
2023-07-27,all_index_equal_weight,0.00023687887859381586,1.23033693656538
2023-07-28,all_index_equal_weight,0.010201905619729282,1.2428887178726868
2023-07-31,all_index_equal_weight,0.004376287074261239,1.2483279557034581
2023-08-01,all_index_equal_weight,0.0005396466921125793,1.2490016117554252
2023-08-02,all_index_equal_weight,-0.005228134654853556,1.2424716631450388
2023-08-03,all_index_equal_weight,0.00037018846994153846,1.2429316118289642
2023-08-04,all_index_equal_weight,0.004439698303035078,1.2484498531967898
2023-08-07,all_index_equal_weight,-0.00253667076926255,1.2452829469472955
2023-08-08,all_index_equal_weight,-0.0034850307625575766,1.2409430975690958
2023-08-09,all_index_equal_weight,-0.0023908834425863407,1.2379761472639261
2023-08-10,all_index_equal_weight,0.0027874779294296973,1.2414269784515848
2023-08-11,all_index_equal_weight,-0.01235903278433036,1.2260841417255495
2023-08-14,all_index_equal_weight,-0.0037092529358941657,1.2215362855232006
2023-08-15,all_index_equal_weight,-0.0001565383796445404,1.2213450682123876
2023-08-16,all_index_equal_weight,-0.009321045604434315,1.209960855132829
2023-08-17,all_index_equal_weight,0.004367768013392026,1.2152456834533345
2023-08-18,all_index_equal_weight,-0.007907750275139735,1.2056358240656442
2023-08-21,all_index_equal_weight,-0.0061919746702551,1.1981705575814776
2023-08-22,all_index_equal_weight,0.004796192477855451,1.2039172141969379
2023-08-23,all_index_equal_weight,-0.00966503889616674,1.1922813074939598
2023-08-24,all_index_equal_weight,0.006923352095984196,1.2005358907832009
2023-08-25,all_index_equal_weight,-0.010357087148014758,1.1881018359380398
2023-08-28,all_index_equal_weight,0.0100307327486206,1.2000193679324798
2023-08-29,all_index_equal_weight,0.012334118021683705,1.214820548444865
2023-08-30,all_index_equal_weight,0.00386516682423443,1.2195160325261125
2023-08-31,all_index_equal_weight,-0.0019649420032898453,1.2171197542501164
2023-09-01,all_index_equal_weight,0.0014602837460741943,1.2188970944442736
2023-09-04,all_index_equal_weight,0.007700993699111458,1.2282838132884544
2023-09-05,all_index_equal_weight,-0.0034917091507675893,1.2239950034578553
2023-09-06,all_index_equal_weight,0.0011382154342841474,1.2253881734622776
2023-09-07,all_index_equal_weight,-0.011084188042944225,1.2118057405220217
2023-09-08,all_index_equal_weight,-0.00057400152082883,1.211110162184013
2023-09-11,all_index_equal_weight,0.004570282672671315,1.2166452779729386
2023-09-12,all_index_equal_weight,-0.002729840426403503,1.2133240305085353
2023-09-13,all_index_equal_weight,-0.005854910418248386,1.2062201270015998
2023-09-14,all_index_equal_weight,0.0012597081165656831,1.2077396122859485
2023-09-15,all_index_equal_weight,0.000902122753675938,1.2088291416707073
2023-09-18,all_index_equal_weight,-0.003523683365419165,1.2045696105325683
2023-09-19,all_index_equal_weight,-0.004333549326455636,1.1993495487081758
2023-09-20,all_index_equal_weight,-0.0037713900480059403,1.1948263337560974
2023-09-21,all_index_equal_weight,-0.007752468269938906,1.1855634805155657
2023-09-22,all_index_equal_weight,0.011579925962274347,1.1992922178435124
2023-09-25,all_index_equal_weight,-0.0045165352495467525,1.193875572267115
2023-09-26,all_index_equal_weight,-0.004634685320537005,1.1883423346777808
2023-09-27,all_index_equal_weight,0.0013865813662432337,1.1899900680157631
2023-09-28,all_index_equal_weight,7.45412957175932e-05,1.190078771417324
2023-10-09,all_index_equal_weight,-0.004362383860218636,1.1848871909925043
2023-10-10,all_index_equal_weight,-0.0018513679593385902,1.18269352881167
2023-10-11,all_index_equal_weight,0.004006959190292802,1.1874325335162417
2023-10-12,all_index_equal_weight,0.006227298924932619,1.1948270308556372
2023-10-13,all_index_equal_weight,-0.006496021143762006,1.1870654092000605
2023-10-16,all_index_equal_weight,-0.005933798252816517,1.1800216025489703
2023-10-17,all_index_equal_weight,0.004616802722085922,1.1854695294957385
2023-10-18,all_index_equal_weight,-0.004374753690311095,1.1802833922968257
2023-10-19,all_index_equal_weight,-0.008491519844779893,1.170260992448673
2023-10-20,all_index_equal_weight,-0.005605399076548019,1.1637012125622812
2023-10-23,all_index_equal_weight,-0.01311869443796629,1.1484349719375857
2023-10-24,all_index_equal_weight,0.007509703217976186,1.157059377741982
2023-10-25,all_index_equal_weight,0.0024173116424545376,1.159856350846809
2023-10-26,all_index_equal_weight,-0.002715976135611135,1.156706208677172
2023-10-27,all_index_equal_weight,0.009948596743097227,1.168213812297538
2023-10-30,all_index_equal_weight,0.00587422991720485,1.1750761688234281
2023-10-31,all_index_equal_weight,-0.0028330388628451273,1.171747132370348
2023-11-01,all_index_equal_weight,0.0001645132856360994,1.171939900341029
2023-11-02,all_index_equal_weight,-0.0011232944765298533,1.1706234667241509
2023-11-03,all_index_equal_weight,0.01122828498597858,1.183767560619804
2023-11-06,all_index_equal_weight,0.012357025311432075,1.198395406329235
2023-11-07,all_index_equal_weight,-0.0028541573179540797,1.1949749973104578
2023-11-08,all_index_equal_weight,-0.0006522250413962557,1.1941956046933695
2023-11-09,all_index_equal_weight,0.0005969762394714621,1.1949085110946527
2023-11-10,all_index_equal_weight,-0.0037629280923410706,1.1904121562904773
2023-11-13,all_index_equal_weight,0.0031902708902735943,1.1942098935401186
2023-11-14,all_index_equal_weight,0.004005237915336731,1.1989929882845958
2023-11-15,all_index_equal_weight,0.00760111700389153,1.2081066742753923
2023-11-16,all_index_equal_weight,-0.006455919846211263,1.2003072344205974
2023-11-17,all_index_equal_weight,-0.000289059068764815,1.199960274729184
2023-11-20,all_index_equal_weight,0.00017999701330752386,1.200176263994723
2023-11-21,all_index_equal_weight,-0.0017403074886433519,1.198087588254801
2023-11-22,all_index_equal_weight,-0.008377012506476067,1.188051193544137
2023-11-23,all_index_equal_weight,0.0034492560522987104,1.1921490863139097
2023-11-24,all_index_equal_weight,-0.004583016853601507,1.1866854469593273
2023-11-27,all_index_equal_weight,0.00018560663184390055,1.1869057036481956
2023-11-28,all_index_equal_weight,0.0015400094282930507,1.1887335496223086
2023-11-29,all_index_equal_weight,-0.003970536060382782,1.1840136401973465
2023-11-30,all_index_equal_weight,0.0009619326377119264,1.1851525815613484
2023-12-01,all_index_equal_weight,0.0011982412420487734,1.186572680262696
2023-12-04,all_index_equal_weight,-0.0016585715595338576,1.1846046645618924
2023-12-05,all_index_equal_weight,-0.015176697020442305,1.166626278478834
2023-12-06,all_index_equal_weight,0.0035196959382589265,1.170732448252662
2023-12-07,all_index_equal_weight,-0.003592545686217663,1.1665265384459769
2023-12-08,all_index_equal_weight,0.004861871895640976,1.1721980410387667
2023-12-11,all_index_equal_weight,0.007561502474843633,1.1810616194270882
2023-12-12,all_index_equal_weight,0.0006057067588248977,1.181776996432564
2023-12-13,all_index_equal_weight,-0.007892189975810109,1.1724501878676759
2023-12-14,all_index_equal_weight,0.00203836726810687,1.174840071954111
2023-12-15,all_index_equal_weight,-0.0018739658754928187,1.1726384617501076
2023-12-18,all_index_equal_weight,-0.005214995116024612,1.1665231578992181
2023-12-19,all_index_equal_weight,0.0014914646825095912,1.1682629859905542
2023-12-20,all_index_equal_weight,-0.005774695051541826,1.1615166235064551
2023-12-21,all_index_equal_weight,0.0029894981507456136,1.164988975304488
2023-12-22,all_index_equal_weight,-0.00037705861704299867,1.1645497061725893
2023-12-25,all_index_equal_weight,0.0014737397025093987,1.1662659493101215
2023-12-26,all_index_equal_weight,-0.005815038616272098,1.15948406777804
2023-12-27,all_index_equal_weight,0.0055384484322937855,1.165905810495495
2023-12-28,all_index_equal_weight,0.010193043035893608,1.177789938597674
2023-12-29,all_index_equal_weight,-0.00014578409700883126,1.1776182355550096
2024-01-02,all_index_equal_weight,-0.003935136088876423,1.1729841475373581
2024-01-03,all_index_equal_weight,-0.0061890977420384925,1.1657244339983877
2024-01-04,all_index_equal_weight,-0.006264666747675522,1.158421558899765
2024-01-05,all_index_equal_weight,-0.008542257683265109,1.1485260234377936
2024-01-08,all_index_equal_weight,-0.012425474344785466,1.1342550427992488
2024-01-09,all_index_equal_weight,0.004872048303252633,1.1397811881559747
2024-01-10,all_index_equal_weight,-0.004688350673002306,1.1344374942554083
2024-01-11,all_index_equal_weight,0.009515208125323344,1.1452319031184188
2024-01-12,all_index_equal_weight,-0.0052071526275010585,1.1392685058049978
2024-01-15,all_index_equal_weight,-0.0008594266449751994,1.138289388095328
2024-01-16,all_index_equal_weight,-0.0019388108470539734,1.1360824602826023
2024-01-17,all_index_equal_weight,-0.01705884582723628,1.116702204745614
2024-01-18,all_index_equal_weight,0.004957267603788721,1.1222379964082791
2024-01-19,all_index_equal_weight,-0.0021136630528423407,1.119865963418775
2024-01-22,all_index_equal_weight,-0.015133165684542075,1.1029188462498796
2024-01-23,all_index_equal_weight,0.006946370836286789,1.1105801295582607
2024-01-24,all_index_equal_weight,0.00856014386871797,1.1200868552450187
2024-01-25,all_index_equal_weight,0.01206806638415775,1.133604137770138
2024-01-26,all_index_equal_weight,-0.00687416120352878,1.1258115601861187
2024-01-29,all_index_equal_weight,-0.009117494863707554,1.1155469790686192
2024-01-30,all_index_equal_weight,-0.01066885706533793,1.1036453677992666
2024-01-31,all_index_equal_weight,-0.011070611990610794,1.091427338157126
2024-02-01,all_index_equal_weight,-0.0013232954565620754,1.089983057319375
2024-02-02,all_index_equal_weight,-0.009923084013622593,1.0791670638681696
2024-02-05,all_index_equal_weight,-0.009991660031426349,1.0683843934488864
2024-02-06,all_index_equal_weight,0.030413916130051552,1.1008781467858968
2024-02-07,all_index_equal_weight,0.01240719907562371,1.114536961111073
2024-02-08,all_index_equal_weight,0.0144759157525029,1.1306709042631675
2024-02-19,all_index_equal_weight,0.009813868304779032,1.1417671596136516
2024-02-20,all_index_equal_weight,-0.0011705631542888284,1.140430649045831
2024-02-21,all_index_equal_weight,0.002763745661199535,1.1435825093040304
2024-02-22,all_index_equal_weight,0.011596907250478804,1.1568445295976992
2024-02-23,all_index_equal_weight,0.004013555259180294,1.16148758904352
2024-02-26,all_index_equal_weight,-0.0020600606188888853,1.1590948542020032
2024-02-27,all_index_equal_weight,0.013275337933456437,1.1744822300884652
2024-02-28,all_index_equal_weight,-0.013475438855039415,1.1586555666105778
2024-02-29,all_index_equal_weight,0.01702467855035909,1.1783813051827072
2024-03-01,all_index_equal_weight,0.008838863120833968,1.1887968562433668
2024-03-04,all_index_equal_weight,0.004879291348304545,1.1945973424589267
2024-03-05,all_index_equal_weight,-0.001676514724520506,1.1925945824244213
2024-03-06,all_index_equal_weight,0.0009026099929621815,1.19367103021207
2024-03-07,all_index_equal_weight,-0.007247329125031021,1.1850201033891083
2024-03-08,all_index_equal_weight,0.009594738586034357,1.1963900615003222
2024-03-11,all_index_equal_weight,0.005512815057887237,1.2029855386464678
2024-03-12,all_index_equal_weight,0.0013407502856795594,1.2045984418510765
2024-03-13,all_index_equal_weight,-0.001194550090694535,1.2031594886731127
2024-03-14,all_index_equal_weight,-0.0025181847205886453,1.2001297108323048
2024-03-15,all_index_equal_weight,0.0025068155909625483,1.2031382147025964
2024-03-18,all_index_equal_weight,0.008959565112959544,1.2139178098771142
2024-03-19,all_index_equal_weight,-0.005789763420345688,1.2068895129461816
2024-03-20,all_index_equal_weight,0.00322215312311207,1.2107782957595723
2024-03-21,all_index_equal_weight,0.00561226961128712,1.2175735099948697
2024-03-22,all_index_equal_weight,-0.008557105273063454,1.2071546052921502
2024-03-25,all_index_equal_weight,-0.010333465564645783,1.1946805147471602
2024-03-26,all_index_equal_weight,-0.00020563526791991988,1.1944348462994314
2024-03-27,all_index_equal_weight,-0.01248173616817156,1.1795262256778514
2024-03-28,all_index_equal_weight,0.009383781589391182,1.1905946421585711
2024-03-29,all_index_equal_weight,0.0060995030600804355,1.1978566778217326
2024-04-01,all_index_equal_weight,0.01034881459912474,1.2102530744968334
2024-04-02,all_index_equal_weight,-0.0033669350652150896,1.2061782309825255
2024-04-03,all_index_equal_weight,-0.003329035898778428,1.2021628203512595
2024-04-08,all_index_equal_weight,-0.005994533057660722,1.1949564155839734
2024-04-09,all_index_equal_weight,0.0045832793951988025,1.20043323470168
2024-04-10,all_index_equal_weight,-0.006441084087519574,1.1927011432955135
2024-04-11,all_index_equal_weight,-0.0008175707542022459,1.1917260257222515
2024-04-12,all_index_equal_weight,-0.016788916722020118,1.1717182367209367
2024-04-15,all_index_equal_weight,0.004108943968117954,1.1765327613020449
2024-04-16,all_index_equal_weight,-0.018495143738563126,1.154772618768635
2024-04-17,all_index_equal_weight,0.01191097184366573,1.168527082916624
2024-04-18,all_index_equal_weight,0.002437925409670146,1.1713758647839545
2024-04-19,all_index_equal_weight,-0.007940841454581727,1.1620741547579816
2024-04-22,all_index_equal_weight,-0.0033463853505525274,1.1581854068302437
2024-04-23,all_index_equal_weight,-0.005034604557635262,1.1523544013024296
2024-04-24,all_index_equal_weight,0.01187531687424224,1.1660389749693236
2024-04-25,all_index_equal_weight,-0.0030087758499503883,1.162530625061335
2024-04-26,all_index_equal_weight,0.015520339408759399,1.180573494935364
2024-04-29,all_index_equal_weight,0.010185934690893794,1.1925987394525759
2024-04-30,all_index_equal_weight,-0.004178176943456465,1.1876158508966
2024-05-06,all_index_equal_weight,0.008980862429407028,1.1982816654724855
2024-05-07,all_index_equal_weight,0.0029477979360476507,1.201813957692769
2024-05-08,all_index_equal_weight,-0.005548147788917897,1.1951461162407053
2024-05-09,all_index_equal_weight,0.007665748292672063,1.2043078055407712
2024-05-10,all_index_equal_weight,0.0012150548946755233,1.2057711056345894
2024-05-13,all_index_equal_weight,-0.004109081386558603,1.2008164940279762
2024-05-14,all_index_equal_weight,-0.0002333427919548677,1.2005362921546343
2024-05-15,all_index_equal_weight,-0.0033043114986382313,1.1965693462799354
2024-05-16,all_index_equal_weight,0.0035755632403352924,1.200847755649006
2024-05-17,all_index_equal_weight,0.005626736968558092,1.2076046101093263
2024-05-20,all_index_equal_weight,0.009020712551596961,1.2184980641731058
2024-05-21,all_index_equal_weight,-0.005053161871735116,1.2123407962144432
2024-05-22,all_index_equal_weight,0.003201683807426762,1.2162223281107658
2024-05-23,all_index_equal_weight,-0.011902825171403305,1.2017458463697064
2024-05-24,all_index_equal_weight,-0.011530666015239714,1.1878889163800157
2024-05-27,all_index_equal_weight,0.010285872257687104,1.2001073900302228
2024-05-28,all_index_equal_weight,-0.001963253840578675,1.197751274587639
2024-05-29,all_index_equal_weight,0.00034002456613108447,1.1981585394451137
2024-05-30,all_index_equal_weight,-0.005448539411410947,1.1916303254218283
2024-05-31,all_index_equal_weight,0.0010236496557787318,1.192850137394262
2024-06-03,all_index_equal_weight,-0.0009333848555526066,1.1917367491410742
2024-06-04,all_index_equal_weight,0.0030191217556693405,1.1953347474874367
2024-06-05,all_index_equal_weight,-0.004099093862180629,1.1904349581607596
2024-06-06,all_index_equal_weight,-0.00024095307060465477,1.1901481192022356
2024-06-07,all_index_equal_weight,-0.0011730056387471489,1.188752068747467
2024-06-11,all_index_equal_weight,-0.00179273485760905,1.1866209514767687
2024-06-12,all_index_equal_weight,0.0025614552476842523,1.189660427939941
2024-06-13,all_index_equal_weight,4.671255884382738e-05,1.1897160000226854
2024-06-14,all_index_equal_weight,-5.792003484858347e-05,1.1896470916305042
2024-06-17,all_index_equal_weight,-0.002741450105062408,1.1863857334861665
2024-06-18,all_index_equal_weight,0.00349681160173864,1.1905343008831581
2024-06-19,all_index_equal_weight,-0.0030354966771697135,1.1869204379687708
2024-06-20,all_index_equal_weight,-0.002807789927306263,1.1835878147185281
2024-06-21,all_index_equal_weight,-0.0017375708748023114,1.1815312470039023
2024-06-24,all_index_equal_weight,-0.013558395342905753,1.165511579247027
2024-06-25,all_index_equal_weight,-0.005756437033179059,1.1588023852296503
2024-06-26,all_index_equal_weight,0.010327368810688868,1.1707697648406228
2024-06-27,all_index_equal_weight,-0.009329243729167621,1.1598473683536843
2024-06-28,all_index_equal_weight,0.0032940952104356953,1.1636680160146147
2024-07-01,all_index_equal_weight,0.002690898493807074,1.1667993285261997
2024-07-02,all_index_equal_weight,-0.003436276119697649,1.1627898838571058
2024-07-03,all_index_equal_weight,0.0013042460772349643,1.164306448001775
2024-07-04,all_index_equal_weight,-0.005120791459399702,1.1583442774867236
2024-07-05,all_index_equal_weight,0.0023756250965951574,1.1610960692228185
2024-07-08,all_index_equal_weight,-0.010009325889803371,1.1494742802765976
2024-07-09,all_index_equal_weight,0.010873656495143276,1.1619732687503272
2024-07-10,all_index_equal_weight,-0.004558194977946643,1.1566767680322012
2024-07-11,all_index_equal_weight,0.011124142720597741,1.1695438054813911
2024-07-12,all_index_equal_weight,-0.004106329284276189,1.164741273503699
2024-07-15,all_index_equal_weight,0.0005251134326203906,1.1653528947919432
2024-07-16,all_index_equal_weight,0.005507081747793722,1.1717705884485905
2024-07-17,all_index_equal_weight,-0.0021639626042022925,1.1692349207144836
2024-07-18,all_index_equal_weight,0.001408565375953578,1.170881864540158
2024-07-19,all_index_equal_weight,-0.0015882572764342572,1.1690222028989572
2024-07-22,all_index_equal_weight,-0.002690853051235957,1.165876535937324
2024-07-23,all_index_equal_weight,-0.014971058578466279,1.148422130022547
2024-07-24,all_index_equal_weight,-0.0062127167495558055,1.1412873086197954
2024-07-25,all_index_equal_weight,-0.009710527044712,1.1302048073436564
2024-07-26,all_index_equal_weight,0.007731500539099641,1.1389429864209268
2024-07-29,all_index_equal_weight,-0.0010946453306627654,1.13769624779895
2024-07-30,all_index_equal_weight,-0.003343653052210897,1.1338921862675082
2024-07-31,all_index_equal_weight,0.02363572515869069,1.160692550341714
2024-08-01,all_index_equal_weight,-0.0022342068421107456,1.1580993231041536
2024-08-02,all_index_equal_weight,-0.017340623052500417,1.1380171592848487
2024-08-05,all_index_equal_weight,-0.02772562852258769,1.1064649182741866
2024-08-06,all_index_equal_weight,0.007373069737478207,1.1146229612786953
2024-08-07,all_index_equal_weight,0.0005055508964579588,1.1151864599159824
2024-08-08,all_index_equal_weight,-0.0014953086074160386,1.1135189120035962
2024-08-09,all_index_equal_weight,0.0024737335844955926,1.1162734611331904
2024-08-12,all_index_equal_weight,0.0009629135306757353,1.1173483359528498
2024-08-13,all_index_equal_weight,0.0031060488742251646,1.1208188744938534
2024-08-14,all_index_equal_weight,-0.005100646517092248,1.115101973605375
2024-08-15,all_index_equal_weight,0.007519803907235997,1.1234873217834593
2024-08-16,all_index_equal_weight,0.0032541246706952244,1.1271432895944882
2024-08-19,all_index_equal_weight,-0.001011765911345027,1.1260028844368752
2024-08-20,all_index_equal_weight,-0.0042825756435211915,1.1211806919094514
2024-08-21,all_index_equal_weight,-0.0033630170223525584,1.117410142157427
2024-08-22,all_index_equal_weight,-0.004941044963926836,1.1118889684018791
2024-08-23,all_index_equal_weight,0.0013871801652010592,1.113431358724752
2024-08-26,all_index_equal_weight,0.0012142623484548236,1.1147833565012404
2024-08-27,all_index_equal_weight,-0.004803318996449594,1.1094286964280322
2024-08-28,all_index_equal_weight,0.00010248507135111422,1.1095423963071447
2024-08-29,all_index_equal_weight,0.002074875408171632,1.1118445585395662
2024-08-30,all_index_equal_weight,0.012720307204374804,1.125987562887702
2024-09-02,all_index_equal_weight,-0.014296939082429128,1.1098893872935238
2024-09-03,all_index_equal_weight,0.003664474131761375,1.1139565482423774
2024-09-04,all_index_equal_weight,-0.011893417819685429,1.1007077975811563
2024-09-05,all_index_equal_weight,0.0026078651462508613,1.103578295082675
2024-09-06,all_index_equal_weight,-0.004842454180976782,1.0982342677536165
2024-09-09,all_index_equal_weight,-0.008230164827332484,1.0891956187109795
2024-09-10,all_index_equal_weight,0.0010486180835710438,1.0903377689333063
2024-09-11,all_index_equal_weight,0.0004386491248951555,1.090816044641489
2024-09-12,all_index_equal_weight,0.001967683512981588,1.0929624253882257
2024-09-13,all_index_equal_weight,-0.002073022960161134,1.0906966891858025
2024-09-18,all_index_equal_weight,0.07589509372115957,1.1734752166329174
2024-09-19,all_index_equal_weight,0.007687733766122166,1.1824965816795336
2024-09-20,all_index_equal_weight,-0.0011837461661863872,1.181096805884442
2024-09-23,all_index_equal_weight,0.00029417370868802065,1.1814442535121488
2024-09-24,all_index_equal_weight,0.027465709298046165,1.2138934579309606
2024-09-25,all_index_equal_weight,0.0051523318326933245,1.2201478398357566
2024-09-26,all_index_equal_weight,0.029948062174208836,1.2566889032048842
2024-09-27,all_index_equal_weight,0.03552705682607069,1.3013353612817364
2024-09-30,all_index_equal_weight,0.06097572693274284,1.380685230919174
2024-10-08,all_index_equal_weight,0.0427208160657031,1.4396692307139047
2024-10-09,all_index_equal_weight,-0.03281296945838622,1.3924294082163111
2024-10-10,all_index_equal_weight,-0.003741905184721528,1.3872190693943478
2024-10-11,all_index_equal_weight,-0.02001311605646593,1.3594564931628161
2024-10-14,all_index_equal_weight,0.01608360654478672,1.3813214565136023
2024-10-15,all_index_equal_weight,-0.013214297234080649,1.3630682642114182
2024-10-16,all_index_equal_weight,-0.005394643684177317,1.3557149966087876
2024-10-17,all_index_equal_weight,-0.002217496394466023,1.352708703491884
2024-10-18,all_index_equal_weight,0.03309531852370773,1.3974770289037397
2024-10-21,all_index_equal_weight,0.006774439900737254,1.406944153048709
2024-10-22,all_index_equal_weight,-0.0019431982227950692,1.4042101816709327
2024-10-23,all_index_equal_weight,0.0007792037940717403,1.4053043475721647
2024-10-24,all_index_equal_weight,-0.007187376705272249,1.3952038958406068
2024-10-25,all_index_equal_weight,0.007025547358136316,1.4050059668850912
2024-10-28,all_index_equal_weight,0.005018540984298273,1.4120570469130875
2024-10-29,all_index_equal_weight,-0.006649350149800471,1.4026677851766691
2024-10-30,all_index_equal_weight,-0.0022403583708862566,1.3995253066625761
2024-10-31,all_index_equal_weight,0.002746390200316584,1.4033689492498893
2024-11-01,all_index_equal_weight,-0.011697784298822603,1.3869526419898988
2024-11-04,all_index_equal_weight,0.012395610834963726,1.4041447671865301
2024-11-05,all_index_equal_weight,0.02013305104711342,1.4324144854618337
2024-11-06,all_index_equal_weight,0.00417534460695164,1.4383953095586262
2024-11-07,all_index_equal_weight,0.018628021839596214,1.465189768799057
2024-11-08,all_index_equal_weight,-0.0020763789321978903,1.4621474796314506
2024-11-11,all_index_equal_weight,0.012900247862816487,1.4810095445306886
2024-11-12,all_index_equal_weight,-0.01092798808549934,1.4648250898735464
2024-11-13,all_index_equal_weight,-0.00021474474673223906,1.4645105263806146
2024-11-14,all_index_equal_weight,-0.0169582991530055,1.4396749187615265
2024-11-15,all_index_equal_weight,-0.014964773464732207,1.4181305097394035
2024-11-18,all_index_equal_weight,-0.006302346798850674,1.4091929594609949
2024-11-19,all_index_equal_weight,0.013167168592730523,1.4277480407379068
2024-11-20,all_index_equal_weight,0.003131961068646612,1.4322196920173345
2024-11-21,all_index_equal_weight,0.0015066041059786151,1.4343774800859912
2024-11-22,all_index_equal_weight,-0.01959929236403599,1.4062646964933967
2024-11-25,all_index_equal_weight,-0.0007569215394777728,1.4052002644544137
2024-11-26,all_index_equal_weight,-0.005544959708002214,1.39740848560634
2024-11-27,all_index_equal_weight,0.01324976392966748,1.4159238181539384
2024-11-28,all_index_equal_weight,-0.004857590064235447,1.4090458406831594
2024-11-29,all_index_equal_weight,0.011424908446483594,1.425144060409863
2024-12-02,all_index_equal_weight,0.007406150540411704,1.4356988918630322
2024-12-03,all_index_equal_weight,0.0012829514423314222,1.4375408238271015
2024-12-04,all_index_equal_weight,-0.0028801700374109116,1.4334004618187597
2024-12-05,all_index_equal_weight,0.0018672958943110496,1.4360770446160176
2024-12-06,all_index_equal_weight,0.006128505595813257,1.444878050819966
2024-12-09,all_index_equal_weight,-0.0027197084730157845,1.4409484037426763
2024-12-10,all_index_equal_weight,0.005932991182722406,1.4494975379168396
2024-12-11,all_index_equal_weight,0.001178912656309413,1.4512063689095789
2024-12-12,all_index_equal_weight,0.0075162240050699785,1.4621139610558873
2024-12-13,all_index_equal_weight,-0.013493227950205891,1.4423853240901818
2024-12-16,all_index_equal_weight,-0.007165164496400626,1.4320503959758817
2024-12-17,all_index_equal_weight,-0.004414988123808335,1.4257279104849532
2024-12-18,all_index_equal_weight,0.0032004576154673115,1.4302908922336492
2024-12-19,all_index_equal_weight,-0.004110345529858029,1.4244119024583601
2024-12-20,all_index_equal_weight,0.0015420589467282234,1.4266084295763723
2024-12-23,all_index_equal_weight,-0.0005307106950480422,1.4258513132251505
2024-12-24,all_index_equal_weight,0.0032120746865611245,1.430431254135161
2024-12-25,all_index_equal_weight,-0.0004673245187783855,1.4297627785376765
2024-12-26,all_index_equal_weight,0.0032360639952724534,1.434389582387083
2024-12-27,all_index_equal_weight,-0.0006855684626655867,1.4334062101262224
2024-12-30,all_index_equal_weight,0.0001798227122879174,1.4336639691187378
2024-12-31,all_index_equal_weight,-0.015606047923237668,1.4112901405108516
2025-01-02,all_index_equal_weight,-0.01573816087233289,1.3890790292419544
2025-01-03,all_index_equal_weight,-0.00934089502096321,1.3761037878539837
2025-01-06,all_index_equal_weight,0.0001047030452623184,1.3762478701111691
2025-01-07,all_index_equal_weight,0.007667843583775506,1.386800723511686
2025-01-08,all_index_equal_weight,0.00021044917360990938,1.3870925745779106
2025-01-09,all_index_equal_weight,0.0002752870374997644,1.3874744231835041
2025-01-10,all_index_equal_weight,-0.008198822314178348,1.3760987669223554
2025-01-13,all_index_equal_weight,-0.0020725644138474145,1.3732467135880928
2025-01-14,all_index_equal_weight,0.02098234964316414,1.4020606562789242
2025-01-15,all_index_equal_weight,-0.0021503186898734093,1.3990457790453914
2025-01-16,all_index_equal_weight,0.0029578233698489406,1.4031839093461402
2025-01-17,all_index_equal_weight,0.003849647067036917,1.4085856721672678
2025-01-20,all_index_equal_weight,0.004895960766753923,1.4154820523548106
2025-01-21,all_index_equal_weight,0.0017957446036050762,1.4180238966118264
2025-01-22,all_index_equal_weight,-0.0007450508606877533,1.4169673966871799
2025-01-23,all_index_equal_weight,-0.0028284932081006574,1.4129595140295501
2025-01-24,all_index_equal_weight,0.007087083146445387,1.4229732755880387
2025-01-27,all_index_equal_weight,-0.013708663172869647,1.403466214249007
2025-02-05,all_index_equal_weight,0.006933140706833937,1.4131966429896832
2025-02-06,all_index_equal_weight,0.013550212465551851,1.4323457577577978
2025-02-07,all_index_equal_weight,0.00843101110770577,1.444421880751529
2025-02-10,all_index_equal_weight,0.002492999495770017,1.448022823771922
2025-02-11,all_index_equal_weight,-0.002324096880654991,1.4446574784440762
2025-02-12,all_index_equal_weight,0.00669545679008919,1.4543301201674776
2025-02-13,all_index_equal_weight,-0.0042689250815639195,1.4481216938406207
2025-02-14,all_index_equal_weight,0.005125235873314464,1.4555436590948176
2025-02-17,all_index_equal_weight,0.0006531421507482057,1.456494336010827
2025-02-18,all_index_equal_weight,-0.004118622415506487,1.4504955857904744
2025-02-19,all_index_equal_weight,0.011134398456289007,1.466645981601754
2025-02-20,all_index_equal_weight,-0.0011931094821953795,1.4648961123740811
2025-02-21,all_index_equal_weight,0.011898257898930127,1.482325824114248
2025-02-24,all_index_equal_weight,-0.0022565267563356825,1.478980916230527
2025-02-25,all_index_equal_weight,-0.005680174763562592,1.4705800461543637
2025-02-26,all_index_equal_weight,0.006962602684791171,1.4808191107319182
2025-02-27,all_index_equal_weight,-0.001252193019437009,1.4789648393784107
2025-02-28,all_index_equal_weight,-0.024487987583765934,1.442747966754886
2025-03-03,all_index_equal_weight,0.0033090237746803233,1.4475220540777494
2025-03-04,all_index_equal_weight,0.002140866195549318,1.4506210051106365
2025-03-05,all_index_equal_weight,0.0011081844732906152,1.4522285607851293
2025-03-06,all_index_equal_weight,0.013382877879753848,1.4716635582676072
2025-03-07,all_index_equal_weight,-0.004751677638762778,1.464670687446005
2025-03-10,all_index_equal_weight,0.0013529865453059972,1.4666523671794234
2025-03-11,all_index_equal_weight,-0.00477595309178546,1.4596477042718183
2025-03-12,all_index_equal_weight,-0.0003301109974160332,1.459165858512285
2025-03-13,all_index_equal_weight,-0.004271658068258025,1.4529328008998443
2025-03-14,all_index_equal_weight,0.014357672001224116,1.4737935334949843
2025-03-17,all_index_equal_weight,0.00019531208145138202,1.4740813831776407
2025-03-18,all_index_equal_weight,0.003637932902908018,1.4794439923430667
2025-03-19,all_index_equal_weight,0.29832498519233547,1.9207990994517017
2025-03-20,all_index_equal_weight,-0.0019370849758225783,1.9170783483745804
2025-03-21,all_index_equal_weight,-0.011845751695085838,1.8943691142797099
2025-03-24,all_index_equal_weight,0.0016267355154376273,1.8974507517972568
2025-03-25,all_index_equal_weight,-0.0027765347952095473,1.892182413762695
2025-03-26,all_index_equal_weight,0.001012096834540573,1.8940974855940378
2025-03-27,all_index_equal_weight,-0.001206028317740171,1.891813150389851
2025-03-28,all_index_equal_weight,-0.0058629466470579835,1.8807215508229125
2025-03-31,all_index_equal_weight,-0.010288581299258666,1.861371594246003
2025-04-01,all_index_equal_weight,0.0038408354576524102,1.8685208162650502
2025-04-02,all_index_equal_weight,0.000757115518554082,1.8699355023717859
2025-04-03,all_index_equal_weight,-0.007154262279295006,1.8565574933424527
2025-04-07,all_index_equal_weight,-0.0748847244560674,1.7175296970166558
2025-04-08,all_index_equal_weight,0.009438929320081875,1.7337413384319376
2025-04-09,all_index_equal_weight,0.007804372222439164,1.7472721011744905
2025-04-10,all_index_equal_weight,0.025934714338656146,1.7925871039903545
2025-04-11,all_index_equal_weight,0.003414554925999236,1.7987079911165673
2025-04-14,all_index_equal_weight,0.007333736457195972,1.8118992414868684
2025-04-15,all_index_equal_weight,-0.0029642523160340662,1.8065283149638707
2025-04-16,all_index_equal_weight,-0.004004415375928935,1.7992942252023785
2025-04-17,all_index_equal_weight,0.003767027570951816,1.8060722161569702
2025-04-18,all_index_equal_weight,0.00017095875782870232,1.8063809800195934
2025-04-21,all_index_equal_weight,0.005800552415111545,1.8168589875758574
2025-04-22,all_index_equal_weight,-0.00029728034346340195,1.8163188711120062
2025-04-23,all_index_equal_weight,0.005431713464968369,1.8261845947809014
2025-04-24,all_index_equal_weight,-0.0045318301180732245,1.817908636433112
2025-04-25,all_index_equal_weight,0.004652298456442927,1.8263660899763443
2025-04-28,all_index_equal_weight,-0.004239669375936983,1.8186229015954218
2025-04-29,all_index_equal_weight,0.0013575445092718205,1.8210917631299186
2025-04-30,all_index_equal_weight,0.003260439104710344,1.8270293219276934
2025-05-06,all_index_equal_weight,0.012526358594714045,1.8499153463772169
2025-05-07,all_index_equal_weight,0.0029975616221783723,1.8554605816237961
2025-05-08,all_index_equal_weight,0.0032413289715116514,1.861474739762511
2025-05-09,all_index_equal_weight,-0.004421237294061017,1.8532447182211207
2025-05-12,all_index_equal_weight,0.011449397205965802,1.8744632531198924
2025-05-13,all_index_equal_weight,-0.002657808961044757,1.8694812878886014
2025-05-14,all_index_equal_weight,0.009355371144040463,1.8869709791836378
2025-05-15,all_index_equal_weight,-0.012061855568029804,1.864210607771661
2025-05-16,all_index_equal_weight,0.0004940830264018333,1.865131682590599
2025-05-19,all_index_equal_weight,-0.0009608994931284902,1.8633394785021797
2025-05-20,all_index_equal_weight,0.0035077162071152487,1.8698755445902797
2025-05-21,all_index_equal_weight,0.0029330226669431747,1.8753599319469254
2025-05-22,all_index_equal_weight,-0.005901128543184361,1.864293191923769
2025-05-23,all_index_equal_weight,-0.00567592720508758,1.8537115994774693
2025-05-26,all_index_equal_weight,0.0011844791720350615,1.85590728225801
2025-05-27,all_index_equal_weight,-0.0030036897606620207,1.8503327125575537
2025-05-28,all_index_equal_weight,-0.0008188716761723873,1.8488175275077452
2025-05-29,all_index_equal_weight,0.008616391632007355,1.8647476633808717
2025-05-30,all_index_equal_weight,-0.006772105192901912,1.8521193960462383
2025-06-03,all_index_equal_weight,0.0037053826144949047,1.8589822070563167
2025-06-04,all_index_equal_weight,0.006559616976434194,1.8711764183006123
2025-06-05,all_index_equal_weight,0.004221336863748367,1.879075284293761
2025-06-06,all_index_equal_weight,0.0014027825051792565,1.881711218228483
2025-06-09,all_index_equal_weight,0.005277797937534882,1.8916425098150855
2025-06-10,all_index_equal_weight,-0.005053776361741247,1.8820825716141172
2025-06-11,all_index_equal_weight,0.004877721936179595,1.8912628470593806
2025-06-12,all_index_equal_weight,-0.0018802976051696155,1.8877067100573086
2025-06-13,all_index_equal_weight,-0.0044830856559960625,1.879243959182723
2025-06-16,all_index_equal_weight,0.004046850915566747,1.8868489793195147
2025-06-17,all_index_equal_weight,-0.0007775414218703129,1.88538187608128
2025-06-18,all_index_equal_weight,0.0007439558908815536,1.8867845170345519
2025-06-19,all_index_equal_weight,-0.008122363097311036,1.8714593681008125
2025-06-20,all_index_equal_weight,-0.0031069188945049915,1.8656448956297618
2025-06-23,all_index_equal_weight,0.004437004300004617,1.8739227700539527
2025-06-24,all_index_equal_weight,0.010274652354594434,1.8931766750556156
2025-06-25,all_index_equal_weight,0.012123780388918096,1.9161291333014119
2025-06-26,all_index_equal_weight,-0.0023724776177930524,1.9115831598198532
2025-06-27,all_index_equal_weight,0.0019412771673370484,1.9152940725614775
2025-06-30,all_index_equal_weight,0.006966807818975292,1.9286375582818358
2025-07-01,all_index_equal_weight,-0.0020630280321064804,1.924658724935327
2025-07-02,all_index_equal_weight,-0.0032317089832584597,1.9184387880442468
2025-07-03,all_index_equal_weight,0.00441700475434195,1.9269125412919523
2025-07-04,all_index_equal_weight,-0.001771728514330384,1.9234985753979246
2025-07-07,all_index_equal_weight,-0.003357445775905969,1.9170405332309937
2025-07-08,all_index_equal_weight,0.007932280542667914,1.9322470365522475
2025-07-09,all_index_equal_weight,-0.0019202445857518847,1.928536649641973
2025-07-10,all_index_equal_weight,0.003914703283664419,1.9360862983969935
2025-07-11,all_index_equal_weight,0.005173016814198469,1.9461017053723406
2025-07-14,all_index_equal_weight,-0.0001053809613297448,1.945896623303783
2025-07-15,all_index_equal_weight,0.000507369579354,1.9468839120550152
2025-07-16,all_index_equal_weight,-0.001944369350511895,1.9430984506474107
2025-07-17,all_index_equal_weight,0.005870425555446038,1.9545052654488388
2025-07-18,all_index_equal_weight,0.005042060754257753,1.9643599997417487
2025-07-21,all_index_equal_weight,0.005524297840065481,1.9752117094454333
2025-07-22,all_index_equal_weight,0.005937982086655709,1.9869404811934728
2025-07-23,all_index_equal_weight,0.002400542679745125,1.991710216620691
2025-07-24,all_index_equal_weight,0.007410438673272679,2.0064696630358894
2025-07-25,all_index_equal_weight,0.0003438254083735252,2.007159538287172
2025-07-28,all_index_equal_weight,7.335564635652843e-05,2.007306774772444
2025-07-29,all_index_equal_weight,0.002627530937915179,2.012581035425045
2025-07-30,all_index_equal_weight,-0.0037807745250466153,2.0049719203167182
2025-07-31,all_index_equal_weight,-0.008766032560975719,1.9873962711793798
2025-08-01,all_index_equal_weight,-0.005855927237543509,1.975758223223188
2025-08-04,all_index_equal_weight,0.00432257081612728,1.984298578058616
2025-08-05,all_index_equal_weight,0.006643651827804934,1.997481566933646
2025-08-06,all_index_equal_weight,0.005873336891200772,2.0092134491102107
2025-08-07,all_index_equal_weight,0.0005212151396734551,2.0102606815787225
2025-08-08,all_index_equal_weight,-0.0026631208199762355,2.0049071145040305
2025-08-11,all_index_equal_weight,0.006399258633912782,2.0177370336667138
2025-08-12,all_index_equal_weight,0.0042630702287879095,2.026338788344461
2025-08-13,all_index_equal_weight,0.009963283670358598,2.0465277765049876
2025-08-14,all_index_equal_weight,-0.0033338390360686974,2.0397049823152766
2025-08-15,all_index_equal_weight,0.01089066002868608,2.061918715836489
2025-08-18,all_index_equal_weight,0.007380531486005944,2.0771367718403053
2025-08-19,all_index_equal_weight,-0.004462119443731102,2.067868339463388
2025-08-20,all_index_equal_weight,0.005510682728245716,2.0792637058059547
2025-08-21,all_index_equal_weight,-0.0019465105061806506,2.075216397157483
2025-08-22,all_index_equal_weight,0.01856698872207806,2.1137469165993776
2025-08-25,all_index_equal_weight,0.015202660507127715,2.145881493370426
2025-08-26,all_index_equal_weight,-0.005148830149817023,2.134832714039426
2025-08-27,all_index_equal_weight,-0.007426474817554736,2.11897843264892
2025-08-28,all_index_equal_weight,0.015040636814597112,2.150849217672357
2025-08-29,all_index_equal_weight,0.0010246479296131428,2.1530530808701553
2025-09-01,all_index_equal_weight,0.004768574689972668,2.16332007529776
2025-09-02,all_index_equal_weight,-0.00836175854005889,2.1452309151832583
2025-09-03,all_index_equal_weight,-0.009440743460095906,2.124978340450346
2025-09-04,all_index_equal_weight,-0.015086937647537386,2.092918924725604
2025-09-05,all_index_equal_weight,0.01877335086970699,2.132210026041328
2025-09-08,all_index_equal_weight,0.0029674559902668762,2.138537265455611
2025-09-09,all_index_equal_weight,-0.004908414312113274,2.1280404385348612
2025-09-10,all_index_equal_weight,0.0027790380881161886,2.1339543439666007
2025-09-11,all_index_equal_weight,0.018222233475464797,2.172839758248342
2025-09-12,all_index_equal_weight,0.0015837428763870915,2.1762809777369987
2025-09-15,all_index_equal_weight,0.0010644464663432164,2.178597512333521
2025-09-16,all_index_equal_weight,0.0048672109619704584,2.1892012060272723
2025-09-17,all_index_equal_weight,0.004372090574353908,2.198772591985508
2025-09-18,all_index_equal_weight,-0.005890708555692444,2.185820263465877
2025-09-19,all_index_equal_weight,-0.0012139933883184018,2.183166692117977
2025-09-22,all_index_equal_weight,0.008195122564635622,2.2010580107389144
2025-09-23,all_index_equal_weight,-0.0023065373597890254,2.195981188206082
2025-09-24,all_index_equal_weight,0.011723280419814842,2.22172529147206
2025-09-25,all_index_equal_weight,0.0021984926456519284,2.22660973818602
2025-09-26,all_index_equal_weight,-0.0070337497367830015,2.2109483225261357
2025-09-29,all_index_equal_weight,0.012417757627025409,2.238403342921144
2025-09-30,all_index_equal_weight,0.0038222984490466645,2.246959188547132
2025-10-09,all_index_equal_weight,0.017388441097709886,2.286030306046142
2025-10-10,all_index_equal_weight,-0.014854662299703296,2.252072097842939
2025-10-13,all_index_equal_weight,-0.0009893718054412822,2.2498439612055123
2025-10-14,all_index_equal_weight,-0.012183424747911054,2.222433156609623
2025-10-15,all_index_equal_weight,0.011896035999987849,2.248871301448218
2025-10-16,all_index_equal_weight,0.0008816820167764565,2.2508540908327497
2025-10-17,all_index_equal_weight,-0.016124151213595134,2.2145609791124232
2025-10-20,all_index_equal_weight,0.00604613474660168,2.2279505131967032
2025-10-21,all_index_equal_weight,0.010788609707866622,2.2519870017320236
2025-10-22,all_index_equal_weight,-0.004321895875535638,2.242254148397478
2025-10-23,all_index_equal_weight,0.0019277410229656493,2.2465766337032584
2025-10-24,all_index_equal_weight,0.011982536572962969,2.2734963203805716
2025-10-27,all_index_equal_weight,0.011676042055456078,2.3000417590302598
2025-10-28,all_index_equal_weight,-0.00536824329118184,2.2876945752879077
2025-10-29,all_index_equal_weight,0.01330544693380105,2.318133374060145
2025-10-30,all_index_equal_weight,-0.007809609638659532,2.3000296573183867
2025-10-31,all_index_equal_weight,-0.0058773993100741904,2.2865114645973135
2025-11-03,all_index_equal_weight,0.005051771664008072,2.298062398423596
2025-11-04,all_index_equal_weight,-0.012797504270344063,2.268652935066253
2025-11-05,all_index_equal_weight,-0.0008083347009762321,2.2668191041743677
2025-11-06,all_index_equal_weight,0.012087023139385544,2.2942181991393245
2025-11-07,all_index_equal_weight,-0.003629997357700343,2.2858901931384605
2025-11-10,all_index_equal_weight,0.006395639398054294,2.3005099225173224
2025-11-11,all_index_equal_weight,-0.00287630535344476,2.2938929535115333
2025-11-12,all_index_equal_weight,-0.001082993927376641,2.291408681372828
2025-11-13,all_index_equal_weight,0.00898218915451558,2.311990547579218
2025-11-14,all_index_equal_weight,-0.013924771087421909,2.279796608447894
2025-11-17,all_index_equal_weight,-0.004329866510633174,2.2699253934619206
2025-11-18,all_index_equal_weight,-0.010197044928555296,2.246778862240321
2025-11-19,all_index_equal_weight,0.0008029277633367138,2.248582863366892
2025-11-20,all_index_equal_weight,-0.0016675999060996815,2.244833126795084
2025-11-21,all_index_equal_weight,-0.024806086717396095,2.189147601585722
2025-11-24,all_index_equal_weight,0.005420484118887588,2.201013841394018
2025-11-25,all_index_equal_weight,0.007945053121171249,2.218501013284327
2025-11-26,all_index_equal_weight,0.004936356609102351,2.229452325423553
2025-11-27,all_index_equal_weight,0.0016867643810233276,2.233212886195267
2025-11-28,all_index_equal_weight,0.0062355878856304925,2.24713828141446
2025-12-01,all_index_equal_weight,0.006210169358415829,2.261093390713823
2025-12-02,all_index_equal_weight,-0.0049638394106347,2.249869686229872
2025-12-03,all_index_equal_weight,-0.0024796608436306084,2.2442907724656562
2025-12-04,all_index_equal_weight,0.00493549491355418,2.2553674581576972
2025-12-05,all_index_equal_weight,0.00644020916998093,2.269892496343401
2025-12-08,all_index_equal_weight,0.0067160511692137955,2.2851372104974574
2025-12-09,all_index_equal_weight,-0.007324010337732386,2.2684008419446373
2025-12-10,all_index_equal_weight,0.004143071645458773,2.2777989891534327
2025-12-11,all_index_equal_weight,-0.005009259675558527,2.2663889025280386
2025-12-12,all_index_equal_weight,0.007822724536084003,2.284118238604153
2025-12-15,all_index_equal_weight,-0.00543645931496604,2.2717007227294097
2025-12-16,all_index_equal_weight,-0.012466925144902845,2.2433795998675206
2025-12-17,all_index_equal_weight,0.01420848398347443,2.2752546229810915
2025-12-18,all_index_equal_weight,-0.0025786573645938432,2.269387520891215
2025-12-19,all_index_equal_weight,0.005635937815032307,2.2821776478371683
2025-12-22,all_index_equal_weight,0.012027710114193084,2.3096270190144446
2025-12-23,all_index_equal_weight,0.003378688847780642,2.3174305300661215
2025-12-24,all_index_equal_weight,0.008013972392778271,2.336002354356253
2025-12-25,all_index_equal_weight,-0.0006564316580392508,2.334468928457599
2025-12-26,all_index_equal_weight,0.0002203809593995243,2.3349834009597408
2025-12-29,all_index_equal_weight,-0.00140322061533635,2.331706904115046
2025-12-30,all_index_equal_weight,-0.00040207821241479517,2.330769375571164
2025-12-31,all_index_equal_weight,-0.00592086197536286,2.316969211802004
2026-01-05,all_index_equal_weight,0.020965561738869952,2.3655457728591003
2026-01-06,all_index_equal_weight,0.017280734893808124,2.406424142239047
2026-01-07,all_index_equal_weight,0.0020403759899005705,2.411334152280389
2026-01-08,all_index_equal_weight,-0.003584818857737615,2.402689956138987
2026-01-09,all_index_equal_weight,0.007883498235001007,2.4216315581674634
2026-01-12,all_index_equal_weight,0.01660445378968965,2.461841427470709
2026-01-13,all_index_equal_weight,-0.008282339318304981,2.4414516214205366
2026-01-14,all_index_equal_weight,0.005615653382897312,2.455161967477547
2026-01-15,all_index_equal_weight,-0.0011705872104487592,2.4522879862788374
2026-01-16,all_index_equal_weight,-0.00024702301344558717,2.4516822147106305
2026-01-19,all_index_equal_weight,0.0013428019091923742,2.454974338269277
2026-01-20,all_index_equal_weight,-0.0036289893198734285,2.4460652626151345
2026-01-21,all_index_equal_weight,0.00800435235512836,2.4656444308607455
2026-01-22,all_index_equal_weight,0.006519485936056609,2.4817191650510586
2026-01-23,all_index_equal_weight,0.005318806555052143,2.4949189492139308
2026-01-26,all_index_equal_weight,3.563009799135338e-05,2.495007843420572
2026-01-27,all_index_equal_weight,0.005081597697464199,2.507686469532853
2026-01-28,all_index_equal_weight,0.013762774760757253,2.542199193583632
2026-01-29,all_index_equal_weight,0.007751641247454118,2.5619054097118594
2026-01-30,all_index_equal_weight,-0.013072413776404387,2.5284151221400974
2026-02-02,all_index_equal_weight,-0.031686565409859854,2.4482983309891266
2026-02-03,all_index_equal_weight,0.015934435484510005,2.487310582791106
2026-02-04,all_index_equal_weight,0.00259765304484824,2.4937717526999763
2026-02-05,all_index_equal_weight,-0.013855879652752793,2.459218351413131
2026-02-06,all_index_equal_weight,-0.007905972018375344,2.4397758399397835
2026-02-09,all_index_equal_weight,0.0196267930902437,2.487660815536857
2026-02-10,all_index_equal_weight,-0.001060940649543111,2.4850215550553787
2026-02-11,all_index_equal_weight,0.0011091864089016782,2.4877779071900736
2026-02-12,all_index_equal_weight,0.0023212158629868957,2.4935525767318314
2026-02-13,all_index_equal_weight,-0.006783614789068008,2.4766372765949947
2026-02-24,all_index_equal_weight,0.012920071360865855,2.5086356069435825
2026-02-25,all_index_equal_weight,0.008814949498459993,2.5307491031288287
2026-02-26,all_index_equal_weight,0.0023352604097785353,2.536659061316448
2026-02-27,all_index_equal_weight,0.0034701710868470475,2.545461702248217
2026-03-02,all_index_equal_weight,0.0029865171100907028,2.5530637671750616
2026-03-03,all_index_equal_weight,-0.019525798539908993,2.50321315839766
2026-03-04,all_index_equal_weight,-0.012058509284345839,2.4730281392864253
2026-03-05,all_index_equal_weight,0.007802881306200793,2.4923248843241717
2026-03-06,all_index_equal_weight,0.0032497226665733625,2.5004242489932245
2026-03-09,all_index_equal_weight,-0.007079080510059518,2.4827235444252964
2026-03-10,all_index_equal_weight,0.008460677033946828,2.5037290664992544
2026-03-11,all_index_equal_weight,0.0019615337927235245,2.508640215671017
2026-03-12,all_index_equal_weight,-0.0019245529517938045,2.5038122047389586
2026-03-13,all_index_equal_weight,-0.0067881551460782265,2.4868159390365463
2026-03-16,all_index_equal_weight,-0.0016536966462191679,2.4827034998583972
2026-03-17,all_index_equal_weight,-0.010596698188672126,2.4563950401784376
2026-03-18,all_index_equal_weight,0.0057267324457595005,2.47046215735463
2026-03-19,all_index_equal_weight,-0.01715145503032659,2.4280901367586387
2026-03-20,all_index_equal_weight,-0.006935965266935418,2.4112489879050925
2026-03-23,all_index_equal_weight,-0.03211878651289785,2.3338025964331277
2026-03-24,all_index_equal_weight,0.014185598509079767,2.366908983065576
2026-03-25,all_index_equal_weight,0.014536983509784695,2.4013166999215616
2026-03-26,all_index_equal_weight,-0.010497188106938667,2.3761096268181516
2026-03-27,all_index_equal_weight,0.005979851345840678,2.390318409167945
2026-03-30,all_index_equal_weight,0.00041257216443261563,2.3913045880076984
2026-03-31,all_index_equal_weight,-0.014747822797800295,2.356038051688194
2026-04-01,all_index_equal_weight,0.015941559340375354,2.3935969720973636
2026-04-02,all_index_equal_weight,-0.013930142159150505,2.3602538260043353
2026-04-03,all_index_equal_weight,-0.006526801025168397,2.3448489189131125
2026-04-07,all_index_equal_weight,0.0030067291576863645,2.351899244527978
2026-04-08,all_index_equal_weight,0.033712541161162714,2.431187744616035
2026-04-09,all_index_equal_weight,-0.006742856025842199,2.414794595682297
2026-04-10,all_index_equal_weight,0.009382887680583374,2.437452342145263
2026-04-13,all_index_equal_weight,0.0025324191451661687,2.443624993121942
2026-04-14,all_index_equal_weight,0.010141128037580138,2.468406107053022
2026-04-15,all_index_equal_weight,-0.0023436548530462844,2.462621015100938
2026-04-16,all_index_equal_weight,0.011205406802253688,2.490215685374923
2026-04-17,all_index_equal_weight,-0.001046584541149805,2.487609464134481
2026-04-20,all_index_equal_weight,0.0034000043961310363,2.4960673472483954
2026-04-21,all_index_equal_weight,0.0005357974804980015,2.4974047338442045
2026-04-22,all_index_equal_weight,0.007595097308225285,2.5163727658157735
2026-04-23,all_index_equal_weight,-0.004655891311566803,2.5046568077187485
2026-04-24,all_index_equal_weight,-0.0031844821973958217,2.4966807727039817
2026-04-27,all_index_equal_weight,0.008665130963666527,2.5183148385739296
2026-04-28,all_index_equal_weight,-0.0035116120833773874,2.509471493757045
2026-04-29,all_index_equal_weight,0.006524597857665108,2.525844786089084
2026-04-30,all_index_equal_weight,0.0073410400420414875,2.5443871138037455
2026-05-06,all_index_equal_weight,0.021085301350434408,2.5980362828504595
2026-05-07,all_index_equal_weight,0.006723128231642261,2.615503213930522
2026-05-08,all_index_equal_weight,-0.0034963061705698554,2.6063586139045114
2026-05-11,all_index_equal_weight,0.01369572481463805,2.6420545842488092
2026-05-12,all_index_equal_weight,-0.002041366027645445,2.636661183777339
2026-05-13,all_index_equal_weight,0.010303080208874837,2.6638269154374234
2026-05-14,all_index_equal_weight,-0.012329005145802159,2.630984579689469
2026-05-15,all_index_equal_weight,-0.010824150135651538,2.6025064075943263
2026-05-18,all_index_equal_weight,-0.0041503875549958125,2.5917049973884496
2026-05-19,all_index_equal_weight,0.00413270713650293,2.602415755126867
2026-05-20,all_index_equal_weight,0.0011996039511173709,2.605537623349167
2026-05-21,all_index_equal_weight,-0.00926370627371553,2.5814006881213456
2026-05-22,all_index_equal_weight,0.007836305950926365,2.601629333695396
2026-05-25,all_index_equal_weight,0.014613645625748945,2.6396486228275737
2026-05-26,all_index_equal_weight,-0.0022924588001876317,2.6335973371127697
2026-05-27,all_index_equal_weight,-0.006304648315829253,2.6169934320967694
2026-05-28,all_index_equal_weight,-0.003221610858576533,2.608562497639103
2026-05-29,all_index_equal_weight,-0.004635793362396486,2.596469740927151
2026-06-01,all_index_equal_weight,-0.00047265211039679105,2.5952425140245206
2026-06-02,all_index_equal_weight,0.005465634482427724,2.6094271609994353
2026-06-03,all_index_equal_weight,0.00482481399262145,2.622017161678552
2026-06-04,all_index_equal_weight,-0.005729788057475912,2.6069935590590694
2026-06-05,all_index_equal_weight,-0.012658748408624557,2.5739922834920357
2026-06-08,all_index_equal_weight,-0.023716108712347465,2.5129472026719952
2026-06-09,all_index_equal_weight,0.015370214795572497,2.551571740946997
2026-06-10,all_index_equal_weight,-0.013776799851083647,2.5164192477662892
2026-06-11,all_index_equal_weight,-0.004157688621266745,2.5059567600935146
2026-06-12,all_index_equal_weight,0.009577079592464566,2.529956507440205
2026-06-15,all_index_equal_weight,0.024727294762569692,2.59251548773616
2026-06-16,all_index_equal_weight,0.00017517837600357448,2.592969640389066
2026-06-17,all_index_equal_weight,0.005646731814263473,2.6076114445508702
2026-06-18,all_index_equal_weight,0.0007980083021355407,2.6096923401323653
2026-06-22,all_index_equal_weight,0.012980029207075564,2.643566222928765
2026-06-23,all_index_equal_weight,-0.020956606046763065,2.5881660470363177
2026-06-24,all_index_equal_weight,0.005344375404231483,2.6019981780001658
2026-06-25,all_index_equal_weight,0.005449755503260197,2.6161784318901953
2026-06-26,all_index_equal_weight,-0.016645767277238918,2.5726301345572193
2026-06-29,all_index_equal_weight,0.009261764034098363,2.596457227810499
2026-06-30,all_index_equal_weight,0.010406505388811434,2.6234772739435273
2026-07-01,all_index_equal_weight,-0.00012950328392227206,2.623137525021256
2026-07-02,all_index_equal_weight,-0.0170662560777529,2.5783703882920803
2026-07-03,all_index_equal_weight,-0.0037541587091901845,2.5686907766433555
2026-07-06,all_index_equal_weight,0.0014697943201498606,2.572466223757087
2026-07-07,all_index_equal_weight,-0.010500751954676783,2.5454533940296296
2026-07-08,all_index_equal_weight,-0.005455530325553851,2.531566595846217
2026-07-09,all_index_equal_weight,0.015174138168638059,2.569980937154696
2026-07-10,all_index_equal_weight,-0.009118755822704376,2.5465459085197777
2026-07-13,all_index_equal_weight,-0.01947820316799156,2.496943769937012
2026-07-14,all_index_equal_weight,0.009960598144460405,2.5218148234186684
2026-07-15,all_index_equal_weight,-0.0022934868243429645,2.5160310743477248
2026-07-16,all_index_equal_weight,-0.016483111797791026,2.474559052862535
2026-07-17,all_index_equal_weight,-0.031535063741689656,2.3965236753979395
2026-07-20,all_index_equal_weight,0.00609153307963836,2.4111221786427626
2026-07-21,all_index_equal_weight,0.027700123783304952,2.477910561447839
2026-07-22,all_index_equal_weight,-0.001849864146875609,2.4733267635410523
2026-07-23,all_index_equal_weight,0.0031290780746780896,2.481065996088363
2026-07-24,all_index_equal_weight,-0.016338813265615277,2.4405283220786074
2026-07-27,all_index_equal_weight,0.010955053619652022,2.467264440707258
2026-07-28,all_index_equal_weight,-0.025579575427523767,2.4041528638465395
2026-07-29,all_index_equal_weight,0.006196748183864179,2.419050793739313
2026-07-30,all_index_equal_weight,-0.013509642270036197,2.3863702828828477
2026-07-31,all_index_equal_weight,0.016601657603250997,2.425987985233842
2026-08-03,all_index_equal_weight,-0.006580238055357697,2.410024406771566
2026-08-04,all_index_equal_weight,0.014628600605281216,2.4452796912672072
2026-08-05,all_index_equal_weight,0.018557621241651657,2.490658265607647
2026-08-06,all_index_equal_weight,-0.0008419352777589502,2.4885612925489897
2026-08-07,all_index_equal_weight,0.011016517006650028,2.5159765703504466
2026-08-10,all_index_equal_weight,0.0011457404318551947,2.5188592264326974
2026-08-11,all_index_equal_weight,-0.004749942540628249,2.506894789839211
2026-08-12,all_index_equal_weight,0.004676786498500966,2.5186190015454932
2026-08-13,all_index_equal_weight,-0.004108976570765055,2.508270055077459
2026-08-14,all_index_equal_weight,0.0023947415984684937,2.5142767137185458
2026-08-17,all_index_equal_weight,0.013836639935622648,2.54906585530479
2026-08-18,all_index_equal_weight,-0.0029850934446014944,2.541456655530262
2026-08-19,all_index_equal_weight,-0.02671809405544299,2.4735537775699727
2026-08-20,all_index_equal_weight,0.003961438539305148,2.4833526088334823
2026-08-21,all_index_equal_weight,0.0033599479058545284,2.491696544231031
2018-01-02,momentum_top_quantile,0.0,1.0
2018-01-03,momentum_top_quantile,0.0,1.0
2018-01-04,momentum_top_quantile,0.0,1.0
2018-01-05,momentum_top_quantile,0.0,1.0
2018-01-08,momentum_top_quantile,0.0,1.0
2018-01-09,momentum_top_quantile,0.0,1.0
2018-01-10,momentum_top_quantile,0.0,1.0
2018-01-11,momentum_top_quantile,0.0,1.0
2018-01-12,momentum_top_quantile,0.0,1.0
2018-01-15,momentum_top_quantile,-0.00018000000000000004,0.99982
2018-01-16,momentum_top_quantile,0.004554540351436864,1.0043737205341736
2018-01-17,momentum_top_quantile,-0.0014833070154958387,1.0028839259483255
2018-01-18,momentum_top_quantile,0.0031470681389037967,1.0060400699986964
2018-01-19,momentum_top_quantile,-0.0032934819318656723,1.002726695205423
2018-01-22,momentum_top_quantile,0.005834343787591705,1.008576947470247
2018-01-23,momentum_top_quantile,0.0014357161551967644,1.0100249776874892
2018-01-24,momentum_top_quantile,0.004057754672253434,1.0141234112597932
2018-01-25,momentum_top_quantile,-0.006505558167145487,1.0075259724191787
2018-01-26,momentum_top_quantile,0.0036776412291722018,1.0112312914748092
2018-01-29,momentum_top_quantile,-0.007419639065060735,1.003728320280771
2018-01-30,momentum_top_quantile,-0.0032180263005444523,1.0004982961475062
2018-01-31,momentum_top_quantile,-0.012302979875090726,0.9881891857449409
2018-02-01,momentum_top_quantile,-0.013933082912532679,0.9744206638866885
2018-02-02,momentum_top_quantile,-0.00013882759032906038,0.9742853874139543
2018-02-05,momentum_top_quantile,-0.004000757566003483,0.9703875077788113
2018-02-06,momentum_top_quantile,-0.01890245736931078,0.9520447992813107
2018-02-07,momentum_top_quantile,-0.00025176327487224075,0.9518051093648185
2018-02-08,momentum_top_quantile,0.0007596510040079551,0.9525281490717674
2018-02-09,momentum_top_quantile,-0.014305816723264309,0.9389014559473965
2018-02-12,momentum_top_quantile,0.005721590861517463,0.9442734659376104
2018-02-13,momentum_top_quantile,0.0020633619452051556,0.9462218438730929
2018-02-14,momentum_top_quantile,0.00041172421475232934,0.9466114263187431
2018-02-22,momentum_top_quantile,0.0017484219968562976,0.9482665025589941
2018-02-23,momentum_top_quantile,0.001920483466280998,0.9500876326987867
2018-02-26,momentum_top_quantile,0.013427584226071463,0.9628450144089984
2018-02-27,momentum_top_quantile,0.0005208898818032433,0.9633465506347487
2018-02-28,momentum_top_quantile,-0.003804323337231963,0.959681668870327
2018-03-01,momentum_top_quantile,0.005186305789401391,0.9646588714655717
2018-03-02,momentum_top_quantile,-0.004275930606342226,0.9605340570723925
2018-03-05,momentum_top_quantile,-0.0011582476910501761,0.9594215207186133
2018-03-06,momentum_top_quantile,0.006195923253835644,0.965366022829064
2018-03-07,momentum_top_quantile,-0.004333684512609959,0.9611824310469298
2018-03-08,momentum_top_quantile,0.0022212974772769178,0.9633175031562171
2018-03-09,momentum_top_quantile,0.011256969321281108,0.9741615387358998
2018-03-12,momentum_top_quantile,0.008721734775060237,0.982657917304819
2018-03-13,momentum_top_quantile,-0.00255402980439271,0.9801481796965
2018-03-14,momentum_top_quantile,-0.002890581075269805,0.9773149819173091
2018-03-15,momentum_top_quantile,0.001156617573966534,0.9784453616006955
2018-03-16,momentum_top_quantile,-0.0024948251069012778,0.976004311546843
2018-03-19,momentum_top_quantile,-0.0006635596710996494,0.9753566744468811
2018-03-20,momentum_top_quantile,-0.003977920230219934,0.9714767833999188
2018-03-21,momentum_top_quantile,-0.0012410523279474232,0.9702711298763335
2018-03-22,momentum_top_quantile,-0.0005005681847419891,0.9697854430181437
2018-03-23,momentum_top_quantile,-0.018840731209545814,0.9515139761553086
2018-03-26,momentum_top_quantile,0.001210094255656602,0.9526653977520311
2018-03-27,momentum_top_quantile,0.002750178874392129,0.9552853980032932
2018-03-28,momentum_top_quantile,-0.005355233077741617,0.9501696220412224
2018-03-29,momentum_top_quantile,-0.0019792306608956587,0.9482890171922267
2018-03-30,momentum_top_quantile,0.0022407260460444614,0.9504138730922271
2018-04-02,momentum_top_quantile,0.000478711159017955,0.9508688468189618
2018-04-03,momentum_top_quantile,-0.0027103215006325622,0.9482916865391466
2018-04-04,momentum_top_quantile,-0.0027614674397746786,0.9456730099233598
2018-04-09,momentum_top_quantile,0.0029655168313479454,0.9484774191512391
2018-04-10,momentum_top_quantile,-0.0003040234746395921,0.9481890597506515
2018-04-11,momentum_top_quantile,0.0003070835308973341,0.948480232995078
2018-04-12,momentum_top_quantile,-0.003266743246686066,0.9453817915993261
2018-04-13,momentum_top_quantile,-0.0009139162042326344,0.944517791860797
2018-04-16,momentum_top_quantile,-0.0012167650112748847,0.9433685356591341
2018-04-17,momentum_top_quantile,0.0006329383199392138,0.9439656297551778
2018-04-18,momentum_top_quantile,0.0033438698926217315,0.9471221280041859
2018-04-19,momentum_top_quantile,0.005718339803942497,0.9525380941679469
2018-04-20,momentum_top_quantile,-0.003018150019735333,0.9496631913002352
2018-04-23,momentum_top_quantile,-0.0028832425380797533,0.9469250819902298
2018-04-24,momentum_top_quantile,0.004822233057139269,0.9514913754232375
2018-04-25,momentum_top_quantile,-0.006930985110258215,0.9448966028676399
2018-04-26,momentum_top_quantile,-0.00017019376957897467,0.9447357873529355
2018-04-27,momentum_top_quantile,0.00262111877551271,0.9472120520630651
2018-05-02,momentum_top_quantile,-0.00181472361064704,0.9454931239878969
2018-05-03,momentum_top_quantile,0.0032584916410191233,0.9485740054290526
2018-05-04,momentum_top_quantile,-0.0021068561096788227,0.9465754964902318
2018-05-07,momentum_top_quantile,0.007627718353836957,0.9537957077781026
2018-05-08,momentum_top_quantile,0.0014451009681665796,0.955174038878846
2018-05-09,momentum_top_quantile,0.0008544942631357298,0.9559902296153641
2018-05-10,momentum_top_quantile,0.003101180868475351,0.9589549282258966
2018-05-11,momentum_top_quantile,-0.0028451638466954975,0.9562265443334977
2018-05-14,momentum_top_quantile,-0.0015069502590927648,0.954785558494763
2018-05-15,momentum_top_quantile,0.004261007466526423,0.9588539068884407
2018-05-16,momentum_top_quantile,-0.0018156499382742887,0.9571129638515846
2018-05-17,momentum_top_quantile,-0.0001574818243042286,0.9569622359559721
2018-05-18,momentum_top_quantile,0.005515526123492764,0.9622403861675832
2018-05-21,momentum_top_quantile,0.0027608806826407563,0.96489701706181
2018-05-22,momentum_top_quantile,0.0015926838378934828,0.966433792946116
2018-05-23,momentum_top_quantile,-0.008911046067379524,0.9578218568961008
2018-05-24,momentum_top_quantile,-0.0015230910213384632,0.9563630070258206
2018-05-25,momentum_top_quantile,-0.0006086865597351277,0.9557808817172161
2018-05-28,momentum_top_quantile,0.0014119873401683377,0.9571304322221758
2018-05-29,momentum_top_quantile,-0.0022320271392611167,0.9549940911216431
2018-05-30,momentum_top_quantile,-0.006018604388799376,0.9492463594935409
2018-05-31,momentum_top_quantile,0.007262422613105613,0.956140187720135
2018-06-01,momentum_top_quantile,-0.0031503193795400894,0.9531280407572031
2018-06-04,momentum_top_quantile,0.001038239630865956,0.9541176160624069
2018-06-05,momentum_top_quantile,0.0015934273254102904,0.9556379331434961
2018-06-06,momentum_top_quantile,0.0006535444390121215,0.9562624850004111
2018-06-07,momentum_top_quantile,-0.0009941692525697544,0.9553117982404378
2018-06-08,momentum_top_quantile,-0.0038408941406746448,0.9516425467520587
2018-06-11,momentum_top_quantile,0.0011545269668569288,0.9527412437350924
2018-06-12,momentum_top_quantile,0.0030604872246469796,0.9556570961399379
2018-06-13,momentum_top_quantile,-0.0035460411211169166,0.9522682967793386
2018-06-14,momentum_top_quantile,-0.002058200676862299,0.9503083375263528
2018-06-15,momentum_top_quantile,0.003994421879305721,0.9541042699418547
2018-06-19,momentum_top_quantile,-0.021723892679477337,0.9333774111766068
2018-06-20,momentum_top_quantile,0.004830921644861097,0.9378864843150841
2018-06-21,momentum_top_quantile,0.003855199115576269,0.9415022234599265
2018-06-22,momentum_top_quantile,-0.00040870262293637446,0.941117429031698
2018-06-25,momentum_top_quantile,0.0025203046551926663,0.9434893316691696
2018-06-26,momentum_top_quantile,-0.004088476990847135,0.9396318972455304
2018-06-27,momentum_top_quantile,0.00186799773763523,0.9413871275037949
2018-06-28,momentum_top_quantile,-0.0007125407881754866,0.9407163507779851
2018-06-29,momentum_top_quantile,0.004872783753389509,0.945300258128604
2018-07-02,momentum_top_quantile,-0.0015055881137434654,0.9438770252960469
2018-07-03,momentum_top_quantile,0.008192957224185126,0.9516101693891886
2018-07-04,momentum_top_quantile,-0.005412411868995027,0.9464596632137302
2018-07-05,momentum_top_quantile,-0.006278951757202911,0.9405168886482727
2018-07-06,momentum_top_quantile,0.0038566394242209204,0.9441441231601793
2018-07-09,momentum_top_quantile,0.00876173111728174,0.9524164601032706
2018-07-10,momentum_top_quantile,0.0015872006710437871,0.9539281361478597
2018-07-11,momentum_top_quantile,-0.0018574985924757592,0.952156215977642
2018-07-12,momentum_top_quantile,0.0035227973128467704,0.9555104693366983
2018-07-13,momentum_top_quantile,-0.000267467364979157,0.9552549014692547
2018-07-16,momentum_top_quantile,0.0040125469178787536,0.9590879065799337
2018-07-17,momentum_top_quantile,-0.004938666000077441,0.954351291744622
2018-07-18,momentum_top_quantile,-0.002853344692038029,0.9516281985519828
2018-07-19,momentum_top_quantile,-0.004308235146779138,0.947528360500315
2018-07-20,momentum_top_quantile,0.0071690925978061815,0.9543212790557891
2018-07-23,momentum_top_quantile,0.003952258868115106,0.9580930037939683
2018-07-24,momentum_top_quantile,0.006046479598576127,0.9638860935949471
2018-07-25,momentum_top_quantile,0.0004559569794985507,0.9643255841867634
2018-07-26,momentum_top_quantile,0.0017496483595770163,0.9660128148632339
2018-07-27,momentum_top_quantile,0.003915702026762691,0.9697954332002725
2018-07-30,momentum_top_quantile,-0.0065516426792272715,0.9634416800499979
2018-07-31,momentum_top_quantile,0.00135382410177306,0.9647460106171022
2018-08-01,momentum_top_quantile,-0.012186808177481013,0.9529888360457216
2018-08-02,momentum_top_quantile,-0.01621447184894904,0.9375366253912955
2018-08-03,momentum_top_quantile,-0.005830225061160321,0.9320705758621834
2018-08-06,momentum_top_quantile,-0.009874666527593497,0.9228666897453623
2018-08-07,momentum_top_quantile,0.003440757363349145,0.9260420501034935
2018-08-08,momentum_top_quantile,-0.002884794304069327,0.9233706092720263
2018-08-09,momentum_top_quantile,-0.0022605170271529085,0.9212833142873943
2018-08-10,momentum_top_quantile,-0.0013764097164468136,0.9200152509820088
2018-08-13,momentum_top_quantile,0.0003478109038598356,0.9203352423180178
2018-08-14,momentum_top_quantile,-0.001331738797311077,0.9191095961692902
2018-08-15,momentum_top_quantile,-0.004897899296315366,0.914607889924976
2018-08-16,momentum_top_quantile,-0.002819767476679624,0.912028908343051
2018-08-17,momentum_top_quantile,-0.0014388607252077135,0.9107166257665821
2018-08-20,momentum_top_quantile,0.00396256949236721,0.9143254036840364
2018-08-21,momentum_top_quantile,0.0010628229447773195,0.9152971697020645
2018-08-22,momentum_top_quantile,-0.0013424207519140974,0.9140684557872882
2018-08-23,momentum_top_quantile,0.0020954346972800854,0.9159838265452341
2018-08-24,momentum_top_quantile,-0.0007170915953227943,0.9153269822417669
2018-08-27,momentum_top_quantile,0.005135005652164677,0.9200271914691571
2018-08-28,momentum_top_quantile,-0.00038406192376143626,0.9196738440560887
2018-08-29,momentum_top_quantile,-0.0016409134890340129,0.9181647388398652
2018-08-30,momentum_top_quantile,-0.0034570161658656895,0.9149906284947679
2018-08-31,momentum_top_quantile,-0.0033527063300664572,0.911922933622662
2018-09-03,momentum_top_quantile,-0.00017442359078944535,0.9117638727500562
2018-09-04,momentum_top_quantile,0.004094705445909819,0.9154972772451896
2018-09-05,momentum_top_quantile,-0.0071195820786646435,0.9089793192370484
2018-09-06,momentum_top_quantile,-0.007297868506128891,0.9023457076904658
2018-09-07,momentum_top_quantile,-0.002744290464449839,0.8998694089692137
2018-09-10,momentum_top_quantile,-0.002086248522272893,0.8979920577445132
2018-09-11,momentum_top_quantile,0.0026820090132533172,0.9004004805372139
2018-09-12,momentum_top_quantile,0.0021905379867565916,0.9023728419931245
2018-09-13,momentum_top_quantile,0.003213068759764126,0.9052722279813923
2018-09-14,momentum_top_quantile,-0.003002622860034321,0.9025540368951012
2018-09-17,momentum_top_quantile,-0.001819072951640308,0.9009122252591916
2018-09-18,momentum_top_quantile,0.0028077745969320002,0.9034417837193397
2018-09-19,momentum_top_quantile,0.0037311458153876935,0.9068126567501105
2018-09-20,momentum_top_quantile,-0.00021252796618241885,0.9066199337004629
2018-09-21,momentum_top_quantile,0.007007065771119314,0.91297267920531
2018-09-25,momentum_top_quantile,-0.0014142785213043573,0.9116814815545722
2018-09-26,momentum_top_quantile,0.006316223743022365,0.9174398657744409
2018-09-27,momentum_top_quantile,-0.0012655810108992307,0.9162787713016748
2018-09-28,momentum_top_quantile,0.0040453712147406895,0.9199854590677766
2018-10-08,momentum_top_quantile,-0.02038718160018067,0.9012295484442362
2018-10-09,momentum_top_quantile,-0.0013776134650582365,0.899988002483191
2018-10-10,momentum_top_quantile,0.0002226832255962208,0.9001884147145819
2018-10-11,momentum_top_quantile,-0.023826247893935074,0.8787403023943439
2018-10-12,momentum_top_quantile,0.00809512501177654,0.8858538149951123
2018-10-15,momentum_top_quantile,-0.005005218559328455,0.8814199230394468
2018-10-16,momentum_top_quantile,-5.646185586444251e-05,0.8813701564347962
2018-10-17,momentum_top_quantile,0.0035318891623946414,0.8844830581383663
2018-10-18,momentum_top_quantile,-0.0035053019988386166,0.881382677906735
2018-10-19,momentum_top_quantile,0.000390833256688139,0.8817271515691298
2018-10-22,momentum_top_quantile,-0.0012945158571696846,0.8805857417897266
2018-10-23,momentum_top_quantile,-0.006410106515839931,0.8749410933885245
2018-10-24,momentum_top_quantile,0.0002897861369754562,0.8751946391880587
2018-10-25,momentum_top_quantile,-0.007785563038717892,0.8683807561535121
2018-10-26,momentum_top_quantile,-2.00762654646747e-05,0.8683633223109272
2018-10-29,momentum_top_quantile,-0.0019654040967230953,0.8666566374798133
2018-10-30,momentum_top_quantile,0.009715503258877645,0.8750766428655763
2018-10-31,momentum_top_quantile,0.004697815012843542,0.879187591055819
2018-11-01,momentum_top_quantile,0.004403687094029952,0.8830592581037829
2018-11-02,momentum_top_quantile,0.020767064646268832,0.9013978068033104
2018-11-05,momentum_top_quantile,-0.0025914381333270887,0.8990618901534629
2018-11-06,momentum_top_quantile,0.0016291767720529094,0.9005266209015389
2018-11-07,momentum_top_quantile,-0.0011293546404342546,0.8995096069833891
2018-11-08,momentum_top_quantile,0.0004456976055237983,0.8999105162613673
2018-11-09,momentum_top_quantile,-0.003675205839845608,0.8966031598766651
2018-11-12,momentum_top_quantile,0.008181978402091943,0.9039391475660233
2018-11-13,momentum_top_quantile,0.0008834199373945473,0.9047377054311746
2018-11-14,momentum_top_quantile,-0.004655879639807292,0.9005253555690916
2018-11-15,momentum_top_quantile,0.004151470723514528,0.9042638602185193
2018-11-16,momentum_top_quantile,0.0022695240911557502,0.9063161088340467
2018-11-19,momentum_top_quantile,0.0019970766128387463,0.9081260915388382
2018-11-20,momentum_top_quantile,-0.015051634568139927,0.8944573094672024
2018-11-21,momentum_top_quantile,0.0024430392353127052,0.896642503768543
2018-11-22,momentum_top_quantile,-0.0016677683409240807,0.895147111787631
2018-11-23,momentum_top_quantile,-0.020223913307481356,0.8770437342013956
2018-11-26,momentum_top_quantile,-0.0015313851771621963,0.8757006424271165
2018-11-27,momentum_top_quantile,-0.00013653286096437786,0.8755810805130576
2018-11-28,momentum_top_quantile,0.004916235216934951,0.8798856430563579
2018-11-29,momentum_top_quantile,-0.003439263095731561,0.8768594848357301
2018-11-30,momentum_top_quantile,0.004169211414675112,0.8805152974089734
2018-12-03,momentum_top_quantile,0.007947708608624806,0.8875133764182165
2018-12-04,momentum_top_quantile,-0.005913292659763102,0.882265250084001
2018-12-05,momentum_top_quantile,-0.005381146852628572,0.877517651210328
2018-12-06,momentum_top_quantile,-0.006863114189907293,0.8714951473664123
2018-12-07,momentum_top_quantile,0.0017253999041949907,0.8729988250101848
2018-12-10,momentum_top_quantile,-0.008330064973432777,0.8657266880761194
2018-12-11,momentum_top_quantile,0.004187235420496727,0.8693516895289012
2018-12-12,momentum_top_quantile,0.0015638470107962046,0.8707112225699015
2018-12-13,momentum_top_quantile,0.007840450873185145,0.8775379911351917
2018-12-14,momentum_top_quantile,-0.011507428831848677,0.8674397851549601
2018-12-17,momentum_top_quantile,-0.0026670211245200613,0.8651263049237027
2018-12-18,momentum_top_quantile,-0.005519223931310747,0.8603514791179613
2018-12-19,momentum_top_quantile,-0.0024434327840792695,0.8582492681080534
2018-12-20,momentum_top_quantile,-0.0052995156918734685,0.8537009626441758
2018-12-21,momentum_top_quantile,-0.002697119700374517,0.8513984289595995
2018-12-24,momentum_top_quantile,-0.0018586906680795477,0.8498159426448747
2018-12-25,momentum_top_quantile,-0.0015076163035860125,0.848534746274696
2018-12-26,momentum_top_quantile,0.0010131888776525046,0.8493944722419233
2018-12-27,momentum_top_quantile,0.0012528287745266597,0.8504586180776719
2018-12-28,momentum_top_quantile,-0.0015599154431915174,0.8491319745455371
2019-01-02,momentum_top_quantile,-0.0010429857937514894,0.848246341959066
2019-01-03,momentum_top_quantile,0.003052162017012972,0.8508353272250637
2019-01-04,momentum_top_quantile,0.001186848808388985,0.8518451401193161
2019-01-07,momentum_top_quantile,0.0016299414365189293,0.8532335978106937
2019-01-08,momentum_top_quantile,0.0038269833832418774,0.8564989086115389
2019-01-09,momentum_top_quantile,0.00486212113936646,0.8606633100609433
2019-01-10,momentum_top_quantile,-0.004334454595521098,0.8569328040214533
2019-01-11,momentum_top_quantile,0.0021504514286085352,0.8587755963940829
2019-01-14,momentum_top_quantile,-0.005385768794029375,0.8541504295859496
2019-01-15,momentum_top_quantile,0.010155199001198678,0.8628244971753543
2019-01-16,momentum_top_quantile,0.0009328677405702091,0.8636293983145429
2019-01-17,momentum_top_quantile,-0.004701912692786936,0.8595686882847438
2019-01-18,momentum_top_quantile,0.008120334023877329,0.866548673150082
2019-01-21,momentum_top_quantile,0.003044208320430806,0.8691866278309437
2019-01-22,momentum_top_quantile,-0.006023634228788344,0.863950965508336
2019-01-23,momentum_top_quantile,-0.0041548901456260785,0.8603613441554413
2019-01-24,momentum_top_quantile,0.0007593065121555772,0.8610146221268655
2019-01-25,momentum_top_quantile,0.003471733428566881,0.8640038353729883
2019-01-28,momentum_top_quantile,-0.0013811905511670196,0.8628104814393991
2019-01-29,momentum_top_quantile,-0.0011758259463394926,0.861795966488549
2019-01-30,momentum_top_quantile,-0.002490334053411836,0.8596498066461096
2019-01-31,momentum_top_quantile,0.003991329288189682,0.8630809520969628
2019-02-01,momentum_top_quantile,0.00841377035995965,0.8703427170299619
2019-02-11,momentum_top_quantile,0.009086175677429949,0.8782508038564678
2019-02-12,momentum_top_quantile,0.0023280117371306643,0.8802953820359901
2019-02-13,momentum_top_quantile,0.005417141303819185,0.8850640665095785
2019-02-14,momentum_top_quantile,-4.89439672570757e-05,0.8850207479628868
2019-02-15,momentum_top_quantile,-0.0031656357782045234,0.8822190946186822
2019-02-18,momentum_top_quantile,0.00961166467406463,0.890698688725214
2019-02-19,momentum_top_quantile,0.0005621234957287947,0.8911993713857611
2019-02-20,momentum_top_quantile,0.00011885669359381633,0.891305296396377
2019-02-21,momentum_top_quantile,-0.0006559634810345825,0.8907206326714883
2019-02-22,momentum_top_quantile,0.02167493377587475,0.910026943397448
2019-02-25,momentum_top_quantile,0.03959850628154576,0.9460626510319479
2019-02-26,momentum_top_quantile,-0.008121053216079121,0.9383796258971725
2019-02-27,momentum_top_quantile,-0.002162824325674739,0.9363500756155646
2019-02-28,momentum_top_quantile,-0.0020937862634974437,0.934389558689416
2019-03-01,momentum_top_quantile,0.007732990505821192,0.9416151842754997
2019-03-04,momentum_top_quantile,0.00943026549337817,0.950494865455814
2019-03-05,momentum_top_quantile,0.012994078868296444,0.9628456707014577
2019-03-06,momentum_top_quantile,0.01250446188092953,0.9748855376879622
2019-03-07,momentum_top_quantile,0.004503602068214896,0.9792760342117666
2019-03-08,momentum_top_quantile,-0.025179273347754882,0.9546185752634431
2019-03-11,momentum_top_quantile,0.018310777212540947,0.9720983833180453
2019-03-12,momentum_top_quantile,0.012365709781946533,0.9841190698056557
2019-03-13,momentum_top_quantile,-0.014844797765044604,0.9695100212376669
2019-03-14,momentum_top_quantile,-0.014770203626922097,0.9551901608056451
2019-03-15,momentum_top_quantile,0.0052552392549995225,0.9602099136347003
2019-03-18,momentum_top_quantile,0.015123924788857317,0.9747320561500267
2019-03-19,momentum_top_quantile,0.0021402823985762877,0.9768182580131327
2019-03-20,momentum_top_quantile,-0.0010190998676510633,0.9758227826556725
2019-03-21,momentum_top_quantile,-8.626744031346983e-05,0.9757386009220131
2019-03-22,momentum_top_quantile,0.004912061684938285,0.9805314891181175
2019-03-25,momentum_top_quantile,-0.013978172987718397,0.9668254503433193
2019-03-26,momentum_top_quantile,-0.012017416647264256,0.9552067060813647
2019-03-27,momentum_top_quantile,0.007647037082203333,0.9625112071839381
2019-03-28,momentum_top_quantile,-0.0030817986747040172,0.9595449414212509
2019-03-29,momentum_top_quantile,0.026011203520641835,0.9845038601797614
2019-04-01,momentum_top_quantile,0.01752448241190797,1.0017567807619372
2019-04-02,momentum_top_quantile,-0.00014807985229843267,1.001608440765803
2019-04-03,momentum_top_quantile,0.0015185299931343877,1.0031294132244826
2019-04-04,momentum_top_quantile,0.0017078890941904844,1.0048426470093903
2019-04-08,momentum_top_quantile,0.006100439421034366,1.010972628705143
2019-04-09,momentum_top_quantile,-0.0011239080230808327,1.0098363884566262
2019-04-10,momentum_top_quantile,-0.0032109750824730558,1.0065938289759173
2019-04-11,momentum_top_quantile,-0.013663816048631627,0.9928399160611026
2019-04-12,momentum_top_quantile,0.000475428382872789,0.993311940336847
2019-04-15,momentum_top_quantile,-0.006448988370965743,0.9869060831848733
2019-04-16,momentum_top_quantile,0.002036440040131904,0.9889158582485206
2019-04-17,momentum_top_quantile,0.000593194631682059,0.9895024778268188
2019-04-18,momentum_top_quantile,-0.002196921391593842,0.9873286186662459
2019-04-19,momentum_top_quantile,0.0017506007039007952,0.9890570368410644
2019-04-22,momentum_top_quantile,-0.0007094030007957939,0.9883553968111711
2019-04-23,momentum_top_quantile,-0.005553481846902608,0.9828665830566921
2019-04-24,momentum_top_quantile,0.005271645058331554,0.9880479068222622
2019-04-25,momentum_top_quantile,-0.014848133415512466,0.9733772396808473
2019-04-26,momentum_top_quantile,-0.004228903140988505,0.9692609216145942
2019-04-29,momentum_top_quantile,-0.008234418053913251,0.9612796219826985
2019-04-30,momentum_top_quantile,0.002737051208513719,0.9639106935337657
2019-05-06,momentum_top_quantile,-0.011342872220918026,0.9529771777046357
2019-05-07,momentum_top_quantile,0.005675110990579203,0.9583854289595986
2019-05-08,momentum_top_quantile,-0.006641756239638453,0.9520200665568276
2019-05-09,momentum_top_quantile,-0.004954918025173294,0.9473028851687184
2019-05-10,momentum_top_quantile,0.005779858587862608,0.9527781618848679
2019-05-13,momentum_top_quantile,-0.0004450697946577418,0.9523541091040034
2019-05-14,momentum_top_quantile,0.0013581169269277328,0.9536475173400066
2019-05-15,momentum_top_quantile,0.0003696215750556896,0.9540000060374139
2019-05-16,momentum_top_quantile,0.0013417743447955656,0.9552800587704497
2019-05-17,momentum_top_quantile,0.00023583219578915385,0.9555053445643031
2019-05-20,momentum_top_quantile,-0.0015236472979112967,0.954049491427918
2019-05-21,momentum_top_quantile,0.007610508714298547,0.9613102933963023
2019-05-22,momentum_top_quantile,-0.0038353618772351,0.9576233205448164
2019-05-23,momentum_top_quantile,-0.012401742059825995,0.9457471231329454
2019-05-24,momentum_top_quantile,-0.004416724905286252,0.9415700182601013
2019-05-27,momentum_top_quantile,0.014501039025627053,0.9552237618402515
2019-05-28,momentum_top_quantile,0.0007262218442516732,0.9559174662022482
2019-05-29,momentum_top_quantile,-0.0021172354280642796,0.9538935638764993
2019-05-30,momentum_top_quantile,-0.0014870906708492895,0.9524750376566753
2019-05-31,momentum_top_quantile,-0.00026458940034633765,0.9522230228576168
2019-06-03,momentum_top_quantile,-0.0009769869515193381,0.9512927133893486
2019-06-04,momentum_top_quantile,-0.0070272837590382616,0.9446077095544562
2019-06-05,momentum_top_quantile,-0.0005653750896736254,0.9440736518859605
2019-06-06,momentum_top_quantile,-0.01028094890848712,0.9343676789050721
2019-06-10,momentum_top_quantile,0.007168385701683794,0.9410655868146507
2019-06-11,momentum_top_quantile,-0.0013006780730240642,0.9398415634406034
2019-06-12,momentum_top_quantile,0.0015954689894426611,0.9413410515100622
2019-06-13,momentum_top_quantile,4.43816726350854e-05,0.9413828298004482
2019-06-14,momentum_top_quantile,0.003812823648806663,0.9449721565164918
2019-06-17,momentum_top_quantile,-0.0024205316097938964,0.9426848215412685
2019-06-18,momentum_top_quantile,0.0014205263518585643,0.944023930171765
2019-06-19,momentum_top_quantile,0.00794328740462622,0.9515225835659641
2019-06-20,momentum_top_quantile,0.015158060468619184,0.9659458204249137
2019-06-21,momentum_top_quantile,0.003073416126585415,0.9689145738868156
2019-06-24,momentum_top_quantile,0.0003896581134565505,0.969292119311777
2019-06-25,momentum_top_quantile,-0.0017294110275313242,0.96761581483174
2019-06-26,momentum_top_quantile,-0.004481020832092097,0.9632799082080171
2019-06-27,momentum_top_quantile,0.005044296717014685,0.9681389778865571
2019-06-28,momentum_top_quantile,-0.0015314537525892293,0.9666563178158448
2019-07-01,momentum_top_quantile,0.008838668469556011,0.9752002725330209
2019-07-02,momentum_top_quantile,0.00010714300927394671,0.975304758424865
2019-07-03,momentum_top_quantile,-0.0006549667863761321,0.9746659662015021
2019-07-04,momentum_top_quantile,-0.002619221119180659,0.9721131005186805
2019-07-05,momentum_top_quantile,0.0026189414478388407,0.974659007809616
2019-07-08,momentum_top_quantile,-0.018499092694057234,0.956628700479048
2019-07-09,momentum_top_quantile,-0.00223368200123959,0.9544918961689187
2019-07-10,momentum_top_quantile,4.091766402790635e-05,0.9545309517476436
2019-07-11,momentum_top_quantile,0.0030746103701513538,0.9574657625105173
2019-07-12,momentum_top_quantile,0.00037021153978696866,0.9578202273847497
2019-07-15,momentum_top_quantile,0.003607999863096601,0.9612760426340251
2019-07-16,momentum_top_quantile,-0.0022746062790317324,0.959089518111567
2019-07-17,momentum_top_quantile,-0.0021540372072658466,0.957023603604456
2019-07-18,momentum_top_quantile,-0.0026001280873766634,0.9545352196524417
2019-07-19,momentum_top_quantile,0.0028901988318997597,0.9572940162292883
2019-07-22,momentum_top_quantile,-0.003006609956332313,0.9544158065089561
2019-07-23,momentum_top_quantile,0.004143504213880191,0.9583704324250198
2019-07-24,momentum_top_quantile,0.007624499919894712,0.9656775277102738
2019-07-25,momentum_top_quantile,0.0031004443170354226,0.968671557113152
2019-07-26,momentum_top_quantile,-0.00047868660771074325,0.9682078670114916
2019-07-29,momentum_top_quantile,-0.0014061904972069805,0.966846382309579
2019-07-30,momentum_top_quantile,0.0008624189166636211,0.9676802089191906
2019-07-31,momentum_top_quantile,-0.0013819266357297576,0.9663429458636166
2019-08-01,momentum_top_quantile,-0.005191176581664293,0.9613264889931928
2019-08-02,momentum_top_quantile,-0.003954709403578449,0.9575247220872624
2019-08-05,momentum_top_quantile,-0.002776778968202831,0.9548658875774362
2019-08-06,momentum_top_quantile,-0.005918737170139288,0.9492142873561336
2019-08-07,momentum_top_quantile,-0.0027693289684963427,0.9465856007328476
2019-08-08,momentum_top_quantile,0.0040941894355088545,0.9504611014991728
2019-08-09,momentum_top_quantile,-0.0038809187482698134,0.9467724391908635
2019-08-12,momentum_top_quantile,0.005945018672001793,0.9524010190199899
2019-08-13,momentum_top_quantile,0.005424412925516731,0.9575672354178373
2019-08-14,momentum_top_quantile,-0.006122111846546929,0.9517049017020206
2019-08-15,momentum_top_quantile,0.002132446462184634,0.9537343614526987
2019-08-16,momentum_top_quantile,0.000609778467607447,0.9543159281301299
2019-08-19,momentum_top_quantile,-0.001929675422866768,0.9524744081379668
2019-08-20,momentum_top_quantile,-0.0016839244417276133,0.9508705132019832
2019-08-21,momentum_top_quantile,0.00031490110803505944,0.9511699433801883
2019-08-22,momentum_top_quantile,0.0019212854044459052,0.9529974123095524
2019-08-23,momentum_top_quantile,-0.0009142422481647761,0.9521261418128273
2019-08-26,momentum_top_quantile,-0.004228748777139727,0.9480998395549535
2019-08-27,momentum_top_quantile,0.011674025595348692,0.9591679813488639
2019-08-28,momentum_top_quantile,-0.0018682217705720983,0.9573760428444723
2019-08-29,momentum_top_quantile,0.0013059820660944132,0.9586263587869356
2019-08-30,momentum_top_quantile,-0.0009294201610130172,0.9577353921222005
2019-09-02,momentum_top_quantile,0.018442594758931445,0.9753985178453966
2019-09-03,momentum_top_quantile,0.004679967954899977,0.9799633516521699
2019-09-04,momentum_top_quantile,0.006780592441423406,0.9866080837472546
2019-09-05,momentum_top_quantile,0.003183640387425757,0.9897490890892331
2019-09-06,momentum_top_quantile,-0.0086245644819118,0.9812129342494695
2019-09-09,momentum_top_quantile,0.008397288080899942,0.9894524619270675
2019-09-10,momentum_top_quantile,-0.006114144277853373,0.9834028068187681
2019-09-11,momentum_top_quantile,-0.002094758343493253,0.9813428155841698
2019-09-12,momentum_top_quantile,0.002117025573524456,0.983420343421156
2019-09-16,momentum_top_quantile,-0.0007073910473916524,0.982724680674397
2019-09-17,momentum_top_quantile,-0.0049638825408771636,0.9778465507895082
2019-09-18,momentum_top_quantile,-0.005071176248429743,0.9728877185865354
2019-09-19,momentum_top_quantile,0.00015174154054665702,0.9730353460677328
2019-09-20,momentum_top_quantile,-0.0011895656752601625,0.9718778566192356
2019-09-23,momentum_top_quantile,-0.002919218253954592,0.9690407330395785
2019-09-24,momentum_top_quantile,0.0004189892504770754,0.9694467506899965
2019-09-25,momentum_top_quantile,-0.00874300317625939,0.9609708746694995
2019-09-26,momentum_top_quantile,-0.006453224657345513,0.9547695137260913
2019-09-27,momentum_top_quantile,0.0015223326446680342,0.9562229905249704
2019-09-30,momentum_top_quantile,-0.0024536443074297965,0.9538767594276353
2019-10-08,momentum_top_quantile,0.0003291746874514657,0.954190751511787
2019-10-09,momentum_top_quantile,1.6085488386008602e-05,0.9542061001360385
2019-10-10,momentum_top_quantile,-0.0003242720521086872,0.9538966777658127
2019-10-11,momentum_top_quantile,0.0009575134201052383,0.9548100466361672
2019-10-14,momentum_top_quantile,-0.0016503664978298315,0.9532342601234076
2019-10-15,momentum_top_quantile,-0.004126236028166896,0.9493009905760035
2019-10-16,momentum_top_quantile,-0.0035563388850762268,0.9459249545495767
2019-10-17,momentum_top_quantile,-0.00037246857808284064,0.9455726272267826
2019-10-18,momentum_top_quantile,-0.005888535888635393,0.9400045888760464
2019-10-21,momentum_top_quantile,-0.00028315954126256743,0.9397384176078756
2019-10-22,momentum_top_quantile,0.0031351594093429695,0.94268464735016
2019-10-23,momentum_top_quantile,-0.0031373436157138726,0.9397271216901645
2019-10-24,momentum_top_quantile,0.003022099566494329,0.9425670706172472
2019-10-25,momentum_top_quantile,0.0011319468830487955,0.9436340064748969
2019-10-28,momentum_top_quantile,0.002681273552115251,0.9461641473793347
2019-10-29,momentum_top_quantile,-0.0017845393110010876,0.9444756802636765
2019-10-30,momentum_top_quantile,0.0009215401130164725,0.945346052488808
2019-10-31,momentum_top_quantile,-0.000872280825270788,0.9445214452539765
2019-11-01,momentum_top_quantile,0.0010890524840107664,0.9455500786801319
2019-11-04,momentum_top_quantile,0.0023125790753103126,0.9477367380067455
2019-11-05,momentum_top_quantile,0.003099745796774045,0.9506744809768303
2019-11-06,momentum_top_quantile,-0.009031559420036441,0.9420884079127757
2019-11-07,momentum_top_quantile,0.002443638242695112,0.9443905311743511
2019-11-08,momentum_top_quantile,-0.0036083234375190788,0.9409828646865437
2019-11-11,momentum_top_quantile,-0.005999895351279872,0.9353370659710769
2019-11-12,momentum_top_quantile,0.0011954486918599684,0.9364552134430402
2019-11-13,momentum_top_quantile,-0.0030214239695285695,0.9336257852147534
2019-11-14,momentum_top_quantile,0.000563043389417628,0.9341514570413084
2019-11-15,momentum_top_quantile,-0.003980260248837442,0.9304332911304533
2019-11-18,momentum_top_quantile,0.004111640898043772,0.9342588987031667
2019-11-19,momentum_top_quantile,0.0035699870229414683,0.9375941908476046
2019-11-20,momentum_top_quantile,-0.003305884537631654,0.9344946127095083
2019-11-21,momentum_top_quantile,-0.0019140421596818948,0.9327059506227866
2019-11-22,momentum_top_quantile,-0.0012624157006935867,0.93152848798659
2019-11-25,momentum_top_quantile,-0.0028424439845071373,0.9288806704395155
2019-11-26,momentum_top_quantile,0.0008973352550325387,0.9297141878128191
2019-11-27,momentum_top_quantile,0.0005130920157832564,0.9301912167395462
2019-11-28,momentum_top_quantile,-0.00014423331835815571,0.9300570521736483
2019-11-29,momentum_top_quantile,-0.002128072144670989,0.9280778236679628
2019-12-02,momentum_top_quantile,0.002483059021458907,0.9303822956806374
2019-12-03,momentum_top_quantile,-0.00943788429569975,0.921601455223236
2019-12-04,momentum_top_quantile,-0.003269492371623972,0.9185882862957061
2019-12-05,momentum_top_quantile,0.003020227483361659,0.9213626318838706
2019-12-06,momentum_top_quantile,0.00049883004429212,0.9218222352463423
2019-12-09,momentum_top_quantile,0.0025323739801383967,0.9241566338891932
2019-12-10,momentum_top_quantile,0.004172303039723701,0.9280124954219499
2019-12-11,momentum_top_quantile,-0.002669723007261671,0.9255349591118955
2019-12-12,momentum_top_quantile,0.003851278451987639,0.9290994519564846
2019-12-13,momentum_top_quantile,0.0077029552085125415,0.936256263419159
2019-12-16,momentum_top_quantile,0.008702222428513411,0.9444037736735214
2019-12-17,momentum_top_quantile,0.004823949800713134,0.9489595300693265
2019-12-18,momentum_top_quantile,-0.0012697057868092164,0.9477546306625498
2019-12-19,momentum_top_quantile,-0.0018480586117185951,0.9460031245555578
2019-12-20,momentum_top_quantile,-0.0024245299115959965,0.9437095116836095
2019-12-23,momentum_top_quantile,-0.007884608380248938,0.9362687317592683
2019-12-24,momentum_top_quantile,0.01089190388544339,0.9464664807965362
2019-12-25,momentum_top_quantile,0.0029849006917965996,0.949291589249828
2019-12-26,momentum_top_quantile,0.0066850864804665735,0.9556376856191428
2019-12-27,momentum_top_quantile,-0.0055123813632443125,0.9503698462509219
2019-12-30,momentum_top_quantile,0.010547924166822542,0.9603942753196114
2019-12-31,momentum_top_quantile,-0.0008882673165556465,0.9595411884738378
2020-01-02,momentum_top_quantile,0.006129661969622991,0.9654228516051128
2020-01-03,momentum_top_quantile,0.006293788495008579,0.9714990188413634
2020-01-06,momentum_top_quantile,0.00271529720581069,0.9741369274126711
2020-01-07,momentum_top_quantile,0.007492520701146476,0.9814356685070618
2020-01-08,momentum_top_quantile,-0.006593384760288413,0.9749646855271239
2020-01-09,momentum_top_quantile,0.006633032510657133,0.9814316579829679
2020-01-10,momentum_top_quantile,-0.001888583338529104,0.9795781425057962
2020-01-13,momentum_top_quantile,0.008058724155370126,0.9874722925448803
2020-01-14,momentum_top_quantile,-0.003898245003407597,0.9836228836144638
2020-01-15,momentum_top_quantile,-0.001101210757249049,0.9825397075139513
2020-01-16,momentum_top_quantile,0.00210594421008512,0.984608881322169
2020-01-17,momentum_top_quantile,-0.0004972949254407279,0.9841192403219435
2020-01-20,momentum_top_quantile,0.007493751672644603,0.9914939855251877
2020-01-21,momentum_top_quantile,-0.008546214454283697,0.9830204652947571
2020-01-22,momentum_top_quantile,0.009906688485964743,0.9927589428197603
2020-01-23,momentum_top_quantile,-0.01863552551949016,0.9742583582061406
2020-02-03,momentum_top_quantile,-0.055687277980042096,0.9200045621883358
2020-02-04,momentum_top_quantile,0.019284968760603594,0.9377468214297506
2020-02-05,momentum_top_quantile,0.013787350932661282,0.9506758659427903
2020-02-06,momentum_top_quantile,0.018851980845344028,0.9685979891576746
2020-02-07,momentum_top_quantile,0.011343117596578512,0.9795849100524996
2020-02-10,momentum_top_quantile,0.0029886239301626107,0.9825125209563087
2020-02-11,momentum_top_quantile,0.0034716316611895894,0.9859234425315758
2020-02-12,momentum_top_quantile,0.00634344534408311,0.9921775940027252
2020-02-13,momentum_top_quantile,0.00880256216219001,1.0009112989498665
2020-02-14,momentum_top_quantile,-0.010638946096211611,0.9902626575932497
2020-02-17,momentum_top_quantile,0.0049318825958563255,0.9951465167595603
2020-02-18,momentum_top_quantile,0.00690050933461871,1.002013534587773
2020-02-19,momentum_top_quantile,-0.0034510750526123178,0.9985555106761772
2020-02-20,momentum_top_quantile,0.011692392071592539,1.0102310132122525
2020-02-21,momentum_top_quantile,0.006424316359041127,1.0167210568368428
2020-02-24,momentum_top_quantile,0.002619591499792981,1.0193844506749932
2020-02-25,momentum_top_quantile,0.003589037356093694,1.0230430595486868
2020-02-26,momentum_top_quantile,-0.024416128452191634,0.9980643087946229
2020-02-27,momentum_top_quantile,-0.0016955241111678344,0.9963720666945656
2020-02-28,momentum_top_quantile,-0.03803765916103962,0.958472405624057
2020-03-02,momentum_top_quantile,0.02398814417375725,0.9814643798767348
2020-03-03,momentum_top_quantile,0.0027710786688357578,0.9841840948840334
2020-03-04,momentum_top_quantile,0.0034169107046285617,0.9875469640531677
2020-03-05,momentum_top_quantile,0.0034159361417786306,0.9909203614193807
2020-03-06,momentum_top_quantile,0.0009346167777445787,0.991846492214572
2020-03-09,momentum_top_quantile,-0.017228232435117154,0.9747587303067438
2020-03-10,momentum_top_quantile,0.014730716076576856,0.9891176244060569
2020-03-11,momentum_top_quantile,-0.009191708008547383,0.9800259440164083
2020-03-12,momentum_top_quantile,-0.011040760649235336,0.9692057121384823
2020-03-13,momentum_top_quantile,-0.00551240180638548,0.963863060820131
2020-03-16,momentum_top_quantile,-0.026307384005437258,0.9385063451504796
2020-03-17,momentum_top_quantile,-0.012910130262964937,0.9263901059819678
2020-03-18,momentum_top_quantile,-0.006073120196209491,0.92076402751976
2020-03-19,momentum_top_quantile,-0.01205273303571488,0.9096663045071748
2020-03-20,momentum_top_quantile,0.007147448350238473,0.9161680974345922
2020-03-23,momentum_top_quantile,-0.001834349099595554,0.9144875253099848
2020-03-24,momentum_top_quantile,0.004338494619243616,0.9184550245179075
2020-03-25,momentum_top_quantile,0.008951294161381296,0.9266763856163659
2020-03-26,momentum_top_quantile,-0.008134049355792206,0.9191387541589152
2020-03-27,momentum_top_quantile,-0.0011309831434748506,0.918099223721447
2020-03-30,momentum_top_quantile,-0.0055756069277335734,0.9129802633293189
2020-03-31,momentum_top_quantile,0.008452377909383182,0.9206971175387866
2020-04-01,momentum_top_quantile,-0.010101109046492808,0.9113970555557357
2020-04-02,momentum_top_quantile,0.011008749716549325,0.9214303976327489
2020-04-03,momentum_top_quantile,-0.0038866625987632906,0.9178491085689062
2020-04-07,momentum_top_quantile,0.026582198866947345,0.9422475561027351
2020-04-08,momentum_top_quantile,-0.0019124931591878447,0.9404455140974272
2020-04-09,momentum_top_quantile,0.00297205766649572,0.943240572397522
2020-04-10,momentum_top_quantile,-0.004307886670762451,0.9391771989083684
2020-04-13,momentum_top_quantile,-0.005229378542991147,0.9342658858163304
2020-04-14,momentum_top_quantile,0.01661524718966654,0.9497889444500416
2020-04-15,momentum_top_quantile,-0.00302981125736429,0.9469112632140266
2020-04-16,momentum_top_quantile,0.005494379455636068,0.9521139530049403
2020-04-17,momentum_top_quantile,0.005229661519480334,0.9570931867071304
2020-04-20,momentum_top_quantile,0.0045679676080748926,0.9614651573819178
2020-04-21,momentum_top_quantile,-0.006305031326880572,0.9554030894449207
2020-04-22,momentum_top_quantile,-0.006633096082812861,0.9490658089548163
2020-04-23,momentum_top_quantile,0.010436830465058578,0.9589710479030614
2020-04-24,momentum_top_quantile,-0.0021992993169820062,0.9568619835324027
2020-04-27,momentum_top_quantile,0.008050938553701086,0.9645656205661947
2020-04-28,momentum_top_quantile,5.553296712904586e-05,0.9646191857570954
2020-04-29,momentum_top_quantile,0.002663415379849776,0.967188367332139
2020-04-30,momentum_top_quantile,0.015667106527108822,0.982341410514912
2020-05-06,momentum_top_quantile,0.007497591039808076,0.989706604672421
2020-05-07,momentum_top_quantile,-0.008591132228045308,0.9812039043647105
2020-05-08,momentum_top_quantile,0.010945069305821554,0.991943249101125
2020-05-11,momentum_top_quantile,0.004521245456871331,0.9964280680095976
2020-05-12,momentum_top_quantile,0.000743910199560927,0.9971693210125188
2020-05-13,momentum_top_quantile,-0.0011390937394134214,0.9960334516818182
2020-05-14,momentum_top_quantile,-0.009118956054012629,0.9869506664076053
2020-05-15,momentum_top_quantile,0.007424257952311985,0.9942780427412217
2020-05-18,momentum_top_quantile,-0.0020023216773703977,0.9922871782629076
2020-05-19,momentum_top_quantile,0.007015503169755589,0.9992485721073189
2020-05-20,momentum_top_quantile,-0.0037352775486239834,0.9955161013504318
2020-05-21,momentum_top_quantile,-0.013044147698231725,0.982530442288449
2020-05-22,momentum_top_quantile,-0.010371362564414888,0.9723402628409006
2020-05-25,momentum_top_quantile,-0.0015564414117080207,0.9708268721895439
2020-05-26,momentum_top_quantile,0.014826703584226688,0.9852210344551001
2020-05-27,momentum_top_quantile,-0.0024018492658000826,0.9828546820368433
2020-05-28,momentum_top_quantile,0.007840964153827025,0.9905612103671153
2020-05-29,momentum_top_quantile,-0.0035728885039899017,0.9870220456060964
2020-06-01,momentum_top_quantile,0.010894889737577783,0.9977755419615333
2020-06-02,momentum_top_quantile,0.0029974379270547133,1.0007663122136965
2020-06-03,momentum_top_quantile,0.0071994713426500444,1.0079713005991684
2020-06-04,momentum_top_quantile,0.0016166827162706122,1.009600870379344
2020-06-05,momentum_top_quantile,0.0065782831062038746,1.016242310728969
2020-06-08,momentum_top_quantile,0.01183212073631645,1.0282666124468673
2020-06-09,momentum_top_quantile,0.006935937130113357,1.0353986050237936
2020-06-10,momentum_top_quantile,-0.001055007944049835,1.0343062512702352
2020-06-11,momentum_top_quantile,-0.009005278448585775,1.024992035476434
2020-06-12,momentum_top_quantile,-0.00351248682898655,1.0213917644520067
2020-06-15,momentum_top_quantile,-0.009177854517821389,1.0120175794321653
2020-06-16,momentum_top_quantile,0.023383546796277466,1.0356821398594729
2020-06-17,momentum_top_quantile,0.0035736089668767846,1.0393832628413089
2020-06-18,momentum_top_quantile,-0.003793827520033111,1.0354400220148798
2020-06-19,momentum_top_quantile,0.008555491733507692,1.0442987205637713
2020-06-22,momentum_top_quantile,-0.00126203855923701,1.0429807753110578
2020-06-23,momentum_top_quantile,0.0044342215111865865,1.047605583100696
2020-06-24,momentum_top_quantile,0.0006305676751794942,1.0482661693177369
2020-06-29,momentum_top_quantile,-0.006326625487689647,1.0416341818530483
2020-06-30,momentum_top_quantile,0.013740013186831646,1.055946249247564
2020-07-01,momentum_top_quantile,0.011066417214199275,1.0676317909975064
2020-07-02,momentum_top_quantile,0.022144154618102308,1.0912735944525567
2020-07-03,momentum_top_quantile,0.021472744807600086,1.114706233861509
2020-07-06,momentum_top_quantile,0.04785648695501961,1.1680521582009813
2020-07-07,momentum_top_quantile,-0.008112582757826071,1.1585762384021185
2020-07-08,momentum_top_quantile,0.014864265663610078,1.1757976234012735
2020-07-09,momentum_top_quantile,0.01347895567923172,1.1916461474548452
2020-07-10,momentum_top_quantile,-0.0083594259284979,1.1816846697522165
2020-07-13,momentum_top_quantile,0.018225714857657595,1.203221717594786
2020-07-14,momentum_top_quantile,-0.0031744372305552377,1.1994021657778404
2020-07-15,momentum_top_quantile,-0.024570330182126354,1.1699324585435213
2020-07-16,momentum_top_quantile,-0.04177016669264999,1.1210641847310165
2020-07-17,momentum_top_quantile,0.0005233291419405209,1.121650870288872
2020-07-20,momentum_top_quantile,0.03562184605897548,1.161606144922218
2020-07-21,momentum_top_quantile,0.010543671361273432,1.1738537383655137
2020-07-22,momentum_top_quantile,0.009754384473537348,1.18530395904523
2020-07-23,momentum_top_quantile,0.001381627010796349,1.1869416070110506
2020-07-24,momentum_top_quantile,-0.0030048246162459828,1.1833750556522573
2020-07-27,momentum_top_quantile,0.007169113329599688,1.1918588055376498
2020-07-28,momentum_top_quantile,0.011209572898391196,1.2052190337029136
2020-07-29,momentum_top_quantile,0.012574219489192063,1.220373722365246
2020-07-30,momentum_top_quantile,-0.00613914776881237,1.2128816677504701
2020-07-31,momentum_top_quantile,0.00926539623260847,1.2241194969854454
2020-08-03,momentum_top_quantile,0.01617389683746738,1.2439182794464205
2020-08-04,momentum_top_quantile,0.0015769790220155346,1.2458799124782092
2020-08-05,momentum_top_quantile,0.01325037101186021,1.2623882835547693
2020-08-06,momentum_top_quantile,0.0026204951039320527,1.2656963658710858
2020-08-07,momentum_top_quantile,-0.00024018795117887156,1.2653923608541526
2020-08-10,momentum_top_quantile,-0.002013820266781603,1.2628440880724339
2020-08-11,momentum_top_quantile,-0.01409481438514563,1.2450445350536745
2020-08-12,momentum_top_quantile,-0.024257259715434704,1.2148431664095949
2020-08-13,momentum_top_quantile,0.0049967516674931725,1.2209134360270946
2020-08-14,momentum_top_quantile,0.01370301458356258,1.2376436306462413
2020-08-17,momentum_top_quantile,0.01937551473388335,1.2616236130471246
2020-08-18,momentum_top_quantile,-0.00014874841429625136,1.261435948535245
2020-08-19,momentum_top_quantile,-0.0011956636466696976,1.2599276954289793
2020-08-20,momentum_top_quantile,-0.0065467113194145,1.2516793125236705
2020-08-21,momentum_top_quantile,0.0028809936537744774,1.2552853926796121
2020-08-24,momentum_top_quantile,0.004056876052898123,1.2603779299287268
2020-08-25,momentum_top_quantile,0.0022921278074409363,1.2632668772298015
2020-08-26,momentum_top_quantile,-0.010362492834627937,1.2501762832662848
2020-08-27,momentum_top_quantile,0.008600143803427331,1.2609279790820092
2020-08-28,momentum_top_quantile,0.014306154504239135,1.2789670095694743
2020-08-31,momentum_top_quantile,0.0003745062083802318,1.2794459906548714
2020-09-01,momentum_top_quantile,-0.00024218690784187928,1.279136125586644
2020-09-02,momentum_top_quantile,0.008436332313989449,1.289927343016922
2020-09-03,momentum_top_quantile,0.011510515403088296,1.3047750715675832
2020-09-04,momentum_top_quantile,-0.02520839296050584,1.2718837888384356
2020-09-07,momentum_top_quantile,-0.022498892939893354,1.2432678116413736
2020-09-08,momentum_top_quantile,0.012395944356488643,1.2586792902546935
2020-09-09,momentum_top_quantile,-0.02179376703280043,1.231247927033872
2020-09-10,momentum_top_quantile,-0.0046509064512766495,1.2255215081069093
2020-09-11,momentum_top_quantile,0.0004933421181776422,1.226126109483591
2020-09-14,momentum_top_quantile,0.003147918726581613,1.229985854824785
2020-09-15,momentum_top_quantile,0.0013146213066084766,1.2316028204363647
2020-09-16,momentum_top_quantile,-0.0020964742331482265,1.2290207968578473
2020-09-17,momentum_top_quantile,-0.0032936822033086234,1.2249727929317404
2020-09-18,momentum_top_quantile,0.00909843700495032,1.2361181307210078
2020-09-21,momentum_top_quantile,-0.0031119944268127573,1.2322713379873218
2020-09-22,momentum_top_quantile,-0.010137424802199924,1.219779279962569
2020-09-23,momentum_top_quantile,0.003408784987745184,1.223937245260468
2020-09-24,momentum_top_quantile,-0.013100068296287858,1.2079035837571854
2020-09-25,momentum_top_quantile,-0.0018070522934774626,1.2057208388158573
2020-09-28,momentum_top_quantile,-0.0034757063098660285,1.2015301072884481
2020-09-29,momentum_top_quantile,0.006220821096431706,1.2090046111278658
2020-09-30,momentum_top_quantile,-0.0015673410308230885,1.2071096885943908
2020-10-09,momentum_top_quantile,0.01330148080715023,1.2231660349493543
2020-10-12,momentum_top_quantile,0.014690070217825523,1.2411344298908193
2020-10-13,momentum_top_quantile,0.0005591849975176478,1.241828453643917
2020-10-14,momentum_top_quantile,-0.0031956431344916224,1.2378600130718136
2020-10-15,momentum_top_quantile,-0.006521196677756026,1.2297876844670426
2020-10-16,momentum_top_quantile,0.0010042341686576362,1.2310226792799785
2020-10-19,momentum_top_quantile,0.0005723160327934389,1.2317272132960628
2020-10-20,momentum_top_quantile,0.007929998036969433,1.2414948076795824
2020-10-21,momentum_top_quantile,-0.009194356224293189,1.230080062167166
2020-10-22,momentum_top_quantile,-0.002393579663619028,1.2271357675457393
2020-10-23,momentum_top_quantile,-0.013320351208330918,1.2107898881417252
2020-10-26,momentum_top_quantile,-0.0013157875008802343,1.209196745940716
2020-10-27,momentum_top_quantile,0.003888578227309537,1.2138988020795145
2020-10-28,momentum_top_quantile,0.0028909018037954655,1.2174080643160714
2020-10-29,momentum_top_quantile,-0.006489174195892702,1.20950809131924
2020-10-30,momentum_top_quantile,-0.007625575066878822,1.2002848965748878
2020-11-02,momentum_top_quantile,0.004427566507961783,1.2055992377829752
2020-11-03,momentum_top_quantile,0.006933838676326997,1.213958668406065
2020-11-04,momentum_top_quantile,0.0019200741544862176,1.2162895590698861
2020-11-05,momentum_top_quantile,0.007557521577095116,1.2254816936565522
2020-11-06,momentum_top_quantile,-0.0014830743812633937,1.223664213151983
2020-11-09,momentum_top_quantile,0.012868318947588317,1.2394107145315723
2020-11-10,momentum_top_quantile,-0.015314231627694519,1.2204300917673894
2020-11-11,momentum_top_quantile,-0.005895540453251824,1.213234996791009
2020-11-12,momentum_top_quantile,-0.00011883652221466017,1.2130908201633612
2020-11-13,momentum_top_quantile,-0.000405353161035582,1.2125990899647847
2020-11-16,momentum_top_quantile,0.00936448128662856,1.2239544514509426
2020-11-17,momentum_top_quantile,0.0037332167008721443,1.2285237386502061
2020-11-18,momentum_top_quantile,-0.002293717560334552,1.2257058521775763
2020-11-19,momentum_top_quantile,-0.0013870622948908174,1.2240057218053937
2020-11-20,momentum_top_quantile,0.003238116337259578,1.227969194730071
2020-11-23,momentum_top_quantile,0.010106046602919388,1.2403791086389626
2020-11-24,momentum_top_quantile,0.00999652552202266,1.2527785900554558
2020-11-25,momentum_top_quantile,-0.005247651964242751,1.24620444402659
2020-11-26,momentum_top_quantile,0.0009292064361811963,1.2473624252167772
2020-11-27,momentum_top_quantile,0.005985028868660747,1.2548279253413823
2020-11-30,momentum_top_quantile,-0.002245780588970652,1.2520098571441525
2020-12-01,momentum_top_quantile,-0.0024941634497381297,1.2488871399197516
2020-12-02,momentum_top_quantile,-0.002162241891069239,1.2461867438285994
2020-12-03,momentum_top_quantile,-0.00011765008825316255,1.246040129848208
2020-12-04,momentum_top_quantile,0.0020394380795736968,1.2485813515376973
2020-12-07,momentum_top_quantile,0.0017064200960561586,1.2507119558475221
2020-12-08,momentum_top_quantile,0.00019661505765009588,1.2509578646508246
2020-12-09,momentum_top_quantile,-0.014355575756603425,1.2329996442565108
2020-12-10,momentum_top_quantile,-0.0018082862627025742,1.2307700279378846
2020-12-11,momentum_top_quantile,-0.007332584118425134,1.2217453031775938
2020-12-14,momentum_top_quantile,0.005716180008492387,1.228729019255087
2020-12-15,momentum_top_quantile,-0.005454070704446401,1.2220274443074648
2020-12-16,momentum_top_quantile,0.00731413132593608,1.2309655135190278
2020-12-17,momentum_top_quantile,0.005712097726024867,1.2379969088296148
2020-12-18,momentum_top_quantile,0.00034323758540821814,1.2384218358993442
2020-12-21,momentum_top_quantile,0.003230062637954125,1.2424220160015094
2020-12-22,momentum_top_quantile,-0.015280735776556465,1.2234368934520137
2020-12-23,momentum_top_quantile,0.001535582446539985,1.225315581670048
2020-12-24,momentum_top_quantile,0.005556880889480531,1.232124514409413
2020-12-25,momentum_top_quantile,0.0013479920672221702,1.233785408480667
2020-12-28,momentum_top_quantile,0.006865206589112284,1.2422556001965193
2020-12-29,momentum_top_quantile,-0.00836382220124553,1.231865595227974
2020-12-30,momentum_top_quantile,0.011822301292442206,1.2464290814465526
2020-12-31,momentum_top_quantile,0.01040317380386353,1.259395899815031
2021-01-04,momentum_top_quantile,0.016827446651551954,1.2805883171323516
2021-01-05,momentum_top_quantile,0.0029916155415283586,1.2844193450441843
2021-01-06,momentum_top_quantile,0.000652209523235592,1.28525705557285
2021-01-07,momentum_top_quantile,0.011522415583073832,1.300066321498238
2021-01-08,momentum_top_quantile,-0.005731422738319448,1.2926150918218795
2021-01-11,momentum_top_quantile,-0.022775118136686194,1.2631756304003727
2021-01-12,momentum_top_quantile,0.02491304328888886,1.2946451795620066
2021-01-13,momentum_top_quantile,0.0013640915416954441,1.296411194100944
2021-01-14,momentum_top_quantile,-0.016205765647952487,1.2754018581059618
2021-01-15,momentum_top_quantile,-0.00216585385239112,1.2726395240782362
2021-01-18,momentum_top_quantile,0.0014271607155758087,1.2744557852120897
2021-01-19,momentum_top_quantile,-0.0005836064064274281,1.2737120046511314
2021-01-20,momentum_top_quantile,0.0057143611228785765,1.2809904550122535
2021-01-21,momentum_top_quantile,0.00255435869383831,1.284262564117738
2021-01-22,momentum_top_quantile,-0.00918417344503143,1.27246767397992
2021-01-25,momentum_top_quantile,0.0022256680889221323,1.2752997646760822
2021-01-26,momentum_top_quantile,-0.011488609032000519,1.2606483442811163
2021-01-27,momentum_top_quantile,0.0024102471782826655,1.2636868183957266
2021-01-28,momentum_top_quantile,-0.0184145045843116,1.2404166516852444
2021-01-29,momentum_top_quantile,-0.004588883436459669,1.2347245242580172
2021-02-01,momentum_top_quantile,0.014174404721516222,1.2522260093844317
2021-02-02,momentum_top_quantile,0.00340858524628217,1.2564943284850303
2021-02-03,momentum_top_quantile,-0.00030839564965600146,1.256106831100308
2021-02-04,momentum_top_quantile,-0.0013630221688813893,1.254394729643035
2021-02-05,momentum_top_quantile,0.002024886272523719,1.256934736311415
2021-02-08,momentum_top_quantile,0.004366540228864007,1.2624231924025753
2021-02-09,momentum_top_quantile,0.011134177006095992,1.2764792356833863
2021-02-10,momentum_top_quantile,0.0060771328885410375,1.2842365696280973
2021-02-18,momentum_top_quantile,0.00417578890000406,1.2895992704405295
2021-02-19,momentum_top_quantile,-0.0030127216376540705,1.2857140668145703
2021-02-22,momentum_top_quantile,-0.0029767942904500803,1.2818867605213253
2021-02-23,momentum_top_quantile,-0.005221437218495562,1.2751934692800426
2021-02-24,momentum_top_quantile,-0.015739645555869364,1.2551223760584154
2021-02-25,momentum_top_quantile,0.012561031723215132,1.2708880080406024
2021-02-26,momentum_top_quantile,-0.024720826965390574,1.2394706055014408
2021-03-01,momentum_top_quantile,0.011400401522618987,1.253601068079641
2021-03-02,momentum_top_quantile,-0.0064994569679838405,1.2454533418826388
2021-03-03,momentum_top_quantile,0.01430324099371505,1.263267361178014
2021-03-04,momentum_top_quantile,-0.01097265581323783,1.2494059632237107
2021-03-05,momentum_top_quantile,-0.007222036053008597,1.240382708312465
2021-03-08,momentum_top_quantile,0.0002689453454608014,1.2407163034684556
2021-03-09,momentum_top_quantile,-0.013141338405480098,1.2244116306593802
2021-03-10,momentum_top_quantile,-0.002189318695737308,1.2217310033850994
2021-03-11,momentum_top_quantile,0.01264301162295606,1.2371773626610232
2021-03-12,momentum_top_quantile,-0.0005938021752403765,1.236442724051917
2021-03-15,momentum_top_quantile,-0.005223468679098539,1.2299842042093325
2021-03-16,momentum_top_quantile,0.0008720518808925878,1.2310568142480816
2021-03-17,momentum_top_quantile,-0.001422192387389165,1.2293060146184143
2021-03-18,momentum_top_quantile,0.006726544215796493,1.2375749958804896
2021-03-19,momentum_top_quantile,-0.01577725187674245,1.2180494634541246
2021-03-22,momentum_top_quantile,0.0008133429239683193,1.2190401553662684
2021-03-23,momentum_top_quantile,-0.0029537271765903705,1.2154394433300082
2021-03-24,momentum_top_quantile,-0.008157722619546726,1.2055242254904657
2021-03-25,momentum_top_quantile,-0.0001961703867976672,1.2052877373368573
2021-03-26,momentum_top_quantile,0.011313283567669252,1.2189234992899836
2021-03-29,momentum_top_quantile,0.0020862172471387275,1.221466438517145
2021-03-30,momentum_top_quantile,-0.0013832136022524978,1.2197768895246932
2021-03-31,momentum_top_quantile,-0.0024014461312269367,1.2168476610323842
2021-04-01,momentum_top_quantile,0.008167071810890216,1.2267857432629494
2021-04-02,momentum_top_quantile,0.0016481578906530018,1.228807679865849
2021-04-06,momentum_top_quantile,-0.000974887252595663,1.2276097309228562
2021-04-07,momentum_top_quantile,-0.004619803831350279,1.2219384147845358
2021-04-08,momentum_top_quantile,0.0016036099248692985,1.2238979273540633
2021-04-09,momentum_top_quantile,-0.010428585000557846,1.211134403786645
2021-04-12,momentum_top_quantile,-0.013599110612387118,1.1946640530630828
2021-04-13,momentum_top_quantile,-0.005209221265849352,1.1884407836723208
2021-04-14,momentum_top_quantile,0.007544577659449892,1.197407067458394
2021-04-15,momentum_top_quantile,0.002411825345615104,1.200295004172709
2021-04-16,momentum_top_quantile,0.006523864370528707,1.208125565984555
2021-04-19,momentum_top_quantile,0.005628235717172676,1.2149251814458586
2021-04-20,momentum_top_quantile,-0.005446445943366551,1.208308157119879
2021-04-21,momentum_top_quantile,-0.004538756659875976,1.2028239404245686
2021-04-22,momentum_top_quantile,0.005863078910884711,1.209876192103179
2021-04-23,momentum_top_quantile,-0.004445397199983559,1.2044978118664769
2021-04-26,momentum_top_quantile,0.005790125872775456,1.2114720058106665
2021-04-27,momentum_top_quantile,-0.0009715154125400357,1.2102950420851606
2021-04-28,momentum_top_quantile,0.008816164772861469,1.2209652025999607
2021-04-29,momentum_top_quantile,0.0029234445550967328,1.224534626673464
2021-04-30,momentum_top_quantile,-0.0033705992405217763,1.220407211190806
2021-05-06,momentum_top_quantile,-0.001289324885622904,1.218833709802824
2021-05-07,momentum_top_quantile,-0.0066093264815454186,1.210778039888024
2021-05-10,momentum_top_quantile,0.008210808106421634,1.2207195060330138
2021-05-11,momentum_top_quantile,-0.013219025033757593,1.2045827843235672
2021-05-12,momentum_top_quantile,0.007097444818870225,1.213132244165065
2021-05-13,momentum_top_quantile,-0.014871375355023586,1.1950912992068041
2021-05-14,momentum_top_quantile,0.004197014757957274,1.2001071150266815
2021-05-17,momentum_top_quantile,0.014152801274166073,1.217091992533367
2021-05-18,momentum_top_quantile,0.0034342242698039214,1.2212717593927092
2021-05-19,momentum_top_quantile,-0.006527797180304629,1.2132995450453599
2021-05-20,momentum_top_quantile,-0.005326356230998253,1.2068370794535401
2021-05-21,momentum_top_quantile,-0.0013994934448862573,1.2051481188717992
2021-05-24,momentum_top_quantile,-0.0009654229755194231,1.2039846411889363
2021-05-25,momentum_top_quantile,0.022996580550304763,1.2316721709713674
2021-05-26,momentum_top_quantile,-0.006138298452990865,1.224111799589702
2021-05-27,momentum_top_quantile,0.007492946033625292,1.2332840032431516
2021-05-28,momentum_top_quantile,0.00533701677836448,1.2398660606609486
2021-05-31,momentum_top_quantile,0.015217012509372622,1.2587331180159729
2021-06-01,momentum_top_quantile,0.00614716204968252,1.2664707544697191
2021-06-02,momentum_top_quantile,-0.013318691998613474,1.2496030205656854
2021-06-03,momentum_top_quantile,-0.0021166854322001165,1.2469580040560206
2021-06-04,momentum_top_quantile,0.006099448964440436,1.2545637607625608
2021-06-07,momentum_top_quantile,0.009394082669242031,1.2663492364449995
2021-06-08,momentum_top_quantile,-0.0014191770337837475,1.2645520626918871
2021-06-09,momentum_top_quantile,0.00848134689548994,1.2752771674029844
2021-06-10,momentum_top_quantile,0.0037806651368397005,1.2800985633295925
2021-06-11,momentum_top_quantile,0.0034915657062564165,1.2845681115739422
2021-06-15,momentum_top_quantile,-0.004740506910921649,1.2784786075634764
2021-06-16,momentum_top_quantile,-0.018945767831331915,1.2542568486872543
2021-06-17,momentum_top_quantile,0.02155483708076785,1.2812921507181454
2021-06-18,momentum_top_quantile,0.0047847986950070205,1.2874228757288242
2021-06-21,momentum_top_quantile,0.007917690936150357,1.297616292162975
2021-06-22,momentum_top_quantile,0.0031224667140974274,1.3016680558429246
2021-06-23,momentum_top_quantile,0.010075372613907497,1.3147828465251628
2021-06-24,momentum_top_quantile,-0.0047593732239691435,1.308525304250077
2021-06-25,momentum_top_quantile,0.005724127111514866,1.3160154694202382
2021-06-28,momentum_top_quantile,0.006437235911343792,1.3244869714598742
2021-06-29,momentum_top_quantile,-0.004386609765513728,1.3186769639765725
2021-06-30,momentum_top_quantile,0.013549385643200263,1.3365442267002956
2021-07-01,momentum_top_quantile,-0.013198768435348106,1.318903488948477
2021-07-02,momentum_top_quantile,-0.013345395507705306,1.3013022002519672
2021-07-05,momentum_top_quantile,0.010912642012317387,1.3155028453131579
2021-07-06,momentum_top_quantile,-0.008590007611422357,1.30420266585907
2021-07-07,momentum_top_quantile,0.014146678906936083,1.322652802202548
2021-07-08,momentum_top_quantile,0.00965078118232079,1.3354174349767882
2021-07-09,momentum_top_quantile,-0.003952202399229577,1.3301395949863
2021-07-12,momentum_top_quantile,0.016391121685759374,1.351942074946767
2021-07-13,momentum_top_quantile,-0.00417127427191102,1.3463027537524275
2021-07-14,momentum_top_quantile,-0.011834152488492657,1.3303704016688438
2021-07-15,momentum_top_quantile,0.005457221752252351,1.3376305279633838
2021-07-16,momentum_top_quantile,-0.0030958948447311063,1.333489364507707
2021-07-19,momentum_top_quantile,-0.004269872391790629,1.3277955350854491
2021-07-20,momentum_top_quantile,0.0006266942824035835,1.3286276569554882
2021-07-21,momentum_top_quantile,0.00819791744363897,1.3395196368005449
2021-07-22,momentum_top_quantile,0.004227778479615818,1.345182829094033
2021-07-23,momentum_top_quantile,-0.0055494869841345,1.3377177544926946
2021-07-26,momentum_top_quantile,-0.022432548829302793,1.3077093356452119
2021-07-27,momentum_top_quantile,-0.02073914697585079,1.2805885595315736
2021-07-28,momentum_top_quantile,-0.01714757243010688,1.2586295744538396
2021-07-29,momentum_top_quantile,0.031283167549640736,1.298003494314412
2021-07-30,momentum_top_quantile,0.00258245700127292,1.3013555325259811
2021-08-02,momentum_top_quantile,0.011851356059979959,1.3167783603025713
2021-08-03,momentum_top_quantile,-0.012934918647442608,1.2997459393353448
2021-08-04,momentum_top_quantile,0.009442926436660348,1.3120193446268367
2021-08-05,momentum_top_quantile,-0.002163911626604331,1.3091802507126689
2021-08-06,momentum_top_quantile,-0.0004406376850948909,1.308603376557623
2021-08-09,momentum_top_quantile,-0.012033604119009594,1.2928561615753293
2021-08-10,momentum_top_quantile,0.007823599475772271,1.3029709503632791
2021-08-11,momentum_top_quantile,0.006022667779805181,1.3108183115240541
2021-08-12,momentum_top_quantile,-0.0028216884764949096,1.3071195905996482
2021-08-13,momentum_top_quantile,-0.0013241956209934735,1.3053887085616613
2021-08-16,momentum_top_quantile,-0.0079414439723561,1.2950220372704726
2021-08-17,momentum_top_quantile,-0.016244815889359363,1.2739846427023507
2021-08-18,momentum_top_quantile,0.016093104401165625,1.2944870105628412
2021-08-19,momentum_top_quantile,-0.011942364905656934,1.2790277743170668
2021-08-20,momentum_top_quantile,-0.0067016099728267504,1.2704562290291812
2021-08-23,momentum_top_quantile,0.011183401342108632,1.2846642509259965
2021-08-24,momentum_top_quantile,0.005411271602119883,1.291615918105291
2021-08-25,momentum_top_quantile,-0.003628985471099422,1.2869286627042462
2021-08-26,momentum_top_quantile,-0.003738356387721531,1.282117664717484
2021-08-27,momentum_top_quantile,-0.0009946595689803942,1.280842394113714
2021-08-30,momentum_top_quantile,0.0002871023878877859,1.281210127023572
2021-08-31,momentum_top_quantile,0.008834194146395236,1.292528586028026
2021-09-01,momentum_top_quantile,-0.014387753691973393,1.2739320030924202
2021-09-02,momentum_top_quantile,0.011203583098296577,1.2882046061506456
2021-09-03,momentum_top_quantile,-0.008418196849134297,1.277360246194108
2021-09-06,momentum_top_quantile,0.00611967558330332,1.2851772765038243
2021-09-07,momentum_top_quantile,0.019245484914129564,1.3099111363907607
2021-09-08,momentum_top_quantile,0.005648611651263369,1.3173103156978971
2021-09-09,momentum_top_quantile,0.005060347764889251,1.3239763640096045
2021-09-10,momentum_top_quantile,-0.0001891811223661442,1.323725892675075
2021-09-13,momentum_top_quantile,0.0071839490401030244,1.3332354720311177
2021-09-14,momentum_top_quantile,-0.01153492558464271,1.3178567000744328
2021-09-15,momentum_top_quantile,-0.0023843428539442766,1.3147144778690878
2021-09-16,momentum_top_quantile,-0.009758567671129738,1.3018847476685884
2021-09-17,momentum_top_quantile,-0.0029280822676869267,1.298072722024368
2021-09-22,momentum_top_quantile,0.0017277939162217558,1.300315524176295
2021-09-23,momentum_top_quantile,0.0029208792849079288,1.3041135888547057
2021-09-24,momentum_top_quantile,0.0020095700172054532,1.3067342964218982
2021-09-27,momentum_top_quantile,0.0013831657820291303,1.3085417265869128
2021-09-28,momentum_top_quantile,0.00433671723431448,1.3142165020444219
2021-09-29,momentum_top_quantile,-0.00816072128750046,1.3034915474598037
2021-09-30,momentum_top_quantile,0.002760836107123521,1.3070902739893608
2021-10-08,momentum_top_quantile,0.003683334795399114,1.3119047250762736
2021-10-11,momentum_top_quantile,0.003431325857869221,1.3164062976824888
2021-10-12,momentum_top_quantile,-0.008757722396550227,1.304877576766315
2021-10-13,momentum_top_quantile,0.007341382113666983,1.3144571816689123
2021-10-14,momentum_top_quantile,0.0001533892037426487,1.3146588052093624
2021-10-15,momentum_top_quantile,0.005058854735001628,1.3213094731310073
2021-10-18,momentum_top_quantile,-0.007654417963133014,1.3111956181650155
2021-10-19,momentum_top_quantile,0.008085798474160811,1.3217976816937007
2021-10-20,momentum_top_quantile,-0.003999586922423715,1.3165110369719086
2021-10-21,momentum_top_quantile,0.0001250087605838224,1.3166756123849352
2021-10-22,momentum_top_quantile,0.0007809575842475545,1.3177038801904208
2021-10-25,momentum_top_quantile,0.0023553167971155837,1.3208074902730575
2021-10-26,momentum_top_quantile,0.00034897996843991124,1.3212684256293283
2021-10-27,momentum_top_quantile,-0.00430373403516221,1.3155820377363623
2021-10-28,momentum_top_quantile,-0.014517572069124974,1.2964829806906784
2021-10-29,momentum_top_quantile,0.00875995684309867,1.3078401156493407
2021-11-01,momentum_top_quantile,0.005021401594280262,1.3144073060911259
2021-11-02,momentum_top_quantile,0.005997576304865283,1.3222905642050797
2021-11-03,momentum_top_quantile,-0.0028581089037255317,1.318511313770213
2021-11-04,momentum_top_quantile,0.01012702822438778,1.3318639150589384
2021-11-05,momentum_top_quantile,-0.0014043403210826427,1.3299935248608261
2021-11-08,momentum_top_quantile,0.0006587667911206862,1.3308696804274098
2021-11-09,momentum_top_quantile,0.0115102304935078,1.3461882972059502
2021-11-10,momentum_top_quantile,-0.0036258506712547045,1.3413072194648907
2021-11-11,momentum_top_quantile,0.006089758621593178,1.349475456668832
2021-11-12,momentum_top_quantile,0.005121691164700915,1.3563870531922335
2021-11-15,momentum_top_quantile,-0.002428292845793871,1.3530933482148395
2021-11-16,momentum_top_quantile,-0.009850953698069877,1.339764088292409
2021-11-17,momentum_top_quantile,0.006072049603182772,1.3478992022930834
2021-11-18,momentum_top_quantile,-0.003557406406474717,1.3431041770355638
2021-11-19,momentum_top_quantile,0.006452645379411703,1.3517707519975808
2021-11-22,momentum_top_quantile,0.011940957787023913,1.3679121894849176
2021-11-23,momentum_top_quantile,-0.004761625270976722,1.361398704234989
2021-11-24,momentum_top_quantile,-0.0008296842127280436,1.360269173222857
2021-11-25,momentum_top_quantile,-0.001378159878164309,1.3583945048248174
2021-11-26,momentum_top_quantile,-0.0040486413479402855,1.3528948526657687
2021-11-29,momentum_top_quantile,0.003620792865774728,1.3577934046964444
2021-11-30,momentum_top_quantile,0.0009865825090234705,1.3591329799203853
2021-12-01,momentum_top_quantile,0.005373169423590041,1.3664358316906864
2021-12-02,momentum_top_quantile,-0.0025814790401832654,1.3629084062314216
2021-12-03,momentum_top_quantile,0.011999212600551612,1.3792622339528715
2021-12-06,momentum_top_quantile,-0.011051441015365631,1.36401939872962
2021-12-07,momentum_top_quantile,-0.0065052734235403024,1.3551460795858707
2021-12-08,momentum_top_quantile,0.007427673384114309,1.3652116620527976
2021-12-09,momentum_top_quantile,0.0038929974903299525,1.3705264276269382
2021-12-10,momentum_top_quantile,-0.0013251618244421223,1.368710258325658
2021-12-13,momentum_top_quantile,0.0019936399894556695,1.371438973830634
2021-12-14,momentum_top_quantile,-0.010221636652589784,1.3574206229489367
2021-12-15,momentum_top_quantile,-0.0030985416304889937,1.3532145986386452
2021-12-16,momentum_top_quantile,0.014207891541414653,1.372440924888362
2021-12-17,momentum_top_quantile,-0.013239806331837547,1.354270072840952
2021-12-20,momentum_top_quantile,-0.014329317694013745,1.334864306723719
2021-12-21,momentum_top_quantile,0.006581958635694319,1.3436503283748393
2021-12-22,momentum_top_quantile,0.004568376273375497,1.3497886286547
2021-12-23,momentum_top_quantile,0.009094960125190977,1.3620649024097509
2021-12-24,momentum_top_quantile,-0.005698025216751945,1.3543038222489672
2021-12-27,momentum_top_quantile,-0.005898009328830818,1.3463161256712717
2021-12-28,momentum_top_quantile,0.002914153805203723,1.350239497931904
2021-12-29,momentum_top_quantile,-0.005848368081135347,1.3423428003503108
2021-12-30,momentum_top_quantile,0.0006751783790378882,1.3432491211863646
2021-12-31,momentum_top_quantile,-0.0001617852644564819,1.3430318032720627
2022-01-04,momentum_top_quantile,-0.0007274510196651078,1.3420548134173298
2022-01-05,momentum_top_quantile,-0.012091129920805866,1.325827854307458
2022-01-06,momentum_top_quantile,-0.01514448253836517,1.3057488775190205
2022-01-07,momentum_top_quantile,0.0020633840127636696,1.3084431388775775
2022-01-10,momentum_top_quantile,-0.004617112132950598,1.3024019101857898
2022-01-11,momentum_top_quantile,-0.0026333546327984574,1.2989722240818364
2022-01-12,momentum_top_quantile,0.008697993283501093,1.3102706757623548
2022-01-13,momentum_top_quantile,-0.0021778214604047047,1.3074171401657406
2022-01-14,momentum_top_quantile,-0.0035732937520274403,1.3027453546674927
2022-01-17,momentum_top_quantile,-0.0027290078523809313,1.2991901523649523
2022-01-18,momentum_top_quantile,0.004849155334051303,1.3054901272222397
2022-01-19,momentum_top_quantile,-0.0002457902056650867,1.305169250535376
2022-01-20,momentum_top_quantile,0.010295746482018477,1.3186069422550144
2022-01-21,momentum_top_quantile,-0.00019812024227783268,1.3183456995281455
2022-01-24,momentum_top_quantile,-0.007501873065135112,1.3084556374343186
2022-01-25,momentum_top_quantile,-0.017398861008187442,1.2856899996632196
2022-01-26,momentum_top_quantile,0.003377715683520244,1.2900326949392271
2022-01-27,momentum_top_quantile,-0.01983797318029671,1.264441060935317
2022-01-28,momentum_top_quantile,-0.004144406276081947,1.259200703466641
2022-02-07,momentum_top_quantile,0.006378609199775826,1.2672326526581374
2022-02-08,momentum_top_quantile,0.0023026142652593402,1.2701506006415506
2022-02-09,momentum_top_quantile,0.003882971240819544,1.2750825588953514
2022-02-10,momentum_top_quantile,0.0036602190138506855,1.2797496403216495
2022-02-11,momentum_top_quantile,-0.007553327917849407,1.2700832716355501
2022-02-14,momentum_top_quantile,-0.0030784431048138283,1.2661733925454441
2022-02-15,momentum_top_quantile,-0.008863515258537957,1.254950645360663
2022-02-16,momentum_top_quantile,0.007768218388790349,1.264699376040978
2022-02-17,momentum_top_quantile,0.0003810280485380678,1.2651812619762182
2022-02-18,momentum_top_quantile,0.0032098061889876297,1.2692422486211006
2022-02-21,momentum_top_quantile,-0.0009647899541341128,1.2680176964502683
2022-02-22,momentum_top_quantile,-0.0017307910305381482,1.2658230227946885
2022-02-23,momentum_top_quantile,0.018369503826860534,1.2890755636560438
2022-02-24,momentum_top_quantile,-0.006455785018493476,1.280753568944487
2022-02-25,momentum_top_quantile,0.007555405525076209,1.2904301815355512
2022-02-28,momentum_top_quantile,0.005399543398262168,1.2973979153031796
2022-03-01,momentum_top_quantile,0.006100676235618819,1.3053129199332112
2022-03-02,momentum_top_quantile,0.0020732521915922345,1.3080191628051765
2022-03-03,momentum_top_quantile,-0.002984495815821886,1.3041153850867697
2022-03-04,momentum_top_quantile,-0.003794909016282067,1.2991663858536318
2022-03-07,momentum_top_quantile,0.0018432562600911948,1.3015610824272565
2022-03-08,momentum_top_quantile,-0.017812650722555178,1.278376829471909
2022-03-09,momentum_top_quantile,-0.0007928966732974711,1.2773632087366
2022-03-10,momentum_top_quantile,0.0014225030712478942,1.2791802618241268
2022-03-11,momentum_top_quantile,0.0029552766794633148,1.2829605934207255
2022-03-14,momentum_top_quantile,-0.015254730961188703,1.2633893747342855
2022-03-15,momentum_top_quantile,-0.020915688128699362,1.2369647165872306
2022-03-16,momentum_top_quantile,0.016138793346272863,1.256927834524863
2022-03-17,momentum_top_quantile,0.002838248201290617,1.2604953076903551
2022-03-18,momentum_top_quantile,0.009894693619133577,1.2729675225683066
2022-03-21,momentum_top_quantile,-0.0009447006187822879,1.2717649493620466
2022-03-22,momentum_top_quantile,0.004383442300041008,1.27733965763679
2022-03-23,momentum_top_quantile,0.011450791456068875,1.2919662076749552
2022-03-24,momentum_top_quantile,-0.008135575228790649,1.2814553193993603
2022-03-25,momentum_top_quantile,-0.005220137733441388,1.2747659461328444
2022-03-28,momentum_top_quantile,-0.0039705681161669205,1.269704401111554
2022-03-29,momentum_top_quantile,0.005106920535336412,1.2761886805913976
2022-03-30,momentum_top_quantile,-0.0010779599877644218,1.2748130002568823
2022-03-31,momentum_top_quantile,-0.0029756941961770924,1.2710195466108067
2022-04-01,momentum_top_quantile,-0.008636998604041336,1.26004175256102
2022-04-06,momentum_top_quantile,0.0036781849185665294,1.264676419132054
2022-04-07,momentum_top_quantile,-0.00931066735927232,1.2529014376763998
2022-04-08,momentum_top_quantile,0.006205619588090206,1.2606764673799908
2022-04-11,momentum_top_quantile,-0.011598872488482488,1.2460540417856198
2022-04-12,momentum_top_quantile,0.009748413890167907,1.2582010923144629
2022-04-13,momentum_top_quantile,-0.0014989887596814965,1.2563150630196644
2022-04-14,momentum_top_quantile,0.008657050794937907,1.2671910463346714
2022-04-15,momentum_top_quantile,-0.002007102511718062,1.2646476640027464
2022-04-18,momentum_top_quantile,-0.006519181538430281,1.2564031962989608
2022-04-19,momentum_top_quantile,0.0077198889762525764,1.2661024894837978
2022-04-20,momentum_top_quantile,-0.014486863906533202,1.247760635026923
2022-04-21,momentum_top_quantile,0.00029674020528158707,1.2481308957739032
2022-04-22,momentum_top_quantile,-0.005845682447072077,1.2408347189048294
2022-04-25,momentum_top_quantile,-0.03437190327441244,1.1981848679670999
2022-04-26,momentum_top_quantile,0.008941391837750412,1.2088983083656568
2022-04-27,momentum_top_quantile,-0.00805798631847181,1.1991570223364227
2022-04-28,momentum_top_quantile,0.007749060773391515,1.2084493629793467
2022-04-29,momentum_top_quantile,0.011019158513865457,1.2217654580659958
2022-05-05,momentum_top_quantile,0.005032661661321941,1.2279141902459318
2022-05-06,momentum_top_quantile,-0.01081816074578729,1.214630417153818
2022-05-09,momentum_top_quantile,-0.0028570260988503484,1.2111601863515522
2022-05-10,momentum_top_quantile,0.0071672647103845025,1.2198408920138124
2022-05-11,momentum_top_quantile,0.01805086701761859,1.241860077738207
2022-05-12,momentum_top_quantile,-0.0003806542248754876,1.2413873584529116
2022-05-13,momentum_top_quantile,0.0061598224832184354,1.249034084213893
2022-05-16,momentum_top_quantile,-0.001751083478994966,1.2468469212643243
2022-05-17,momentum_top_quantile,0.01414521302277292,1.2644838365723967
2022-05-18,momentum_top_quantile,0.0022912867684137697,1.267381131656008
2022-05-19,momentum_top_quantile,0.011802566667443792,1.2823394819554383
2022-05-20,momentum_top_quantile,0.009155607404375909,1.2940800788113531
2022-05-23,momentum_top_quantile,0.003089361994403529,1.2980779606245476
2022-05-24,momentum_top_quantile,-0.019666459823755134,1.272549362563823
2022-05-25,momentum_top_quantile,0.009506764313655693,1.28464718943121
2022-05-26,momentum_top_quantile,0.007431414947759608,1.2941939357573464
2022-05-27,momentum_top_quantile,0.009841786401793142,1.3069311160355663
2022-05-30,momentum_top_quantile,0.008664778907073137,1.3182553852027887
2022-05-31,momentum_top_quantile,0.0024929914983320084,1.3215417846707298
2022-06-01,momentum_top_quantile,-0.0026900133647341008,1.317986819607911
2022-06-02,momentum_top_quantile,-0.0015585969401661019,1.3159326093836907
2022-06-06,momentum_top_quantile,0.014648404985876707,1.3352089231800643
2022-06-07,momentum_top_quantile,-0.002448545009514547,1.3319396040345526
2022-06-08,momentum_top_quantile,0.013495649412889011,1.3499149939697452
2022-06-09,momentum_top_quantile,-0.011963693241030193,1.333765025080424
2022-06-10,momentum_top_quantile,0.006684210446494653,1.3426801911942357
2022-06-13,momentum_top_quantile,-0.016134997165552514,1.3210160501150732
2022-06-14,momentum_top_quantile,0.00929704908312361,1.3332976011725872
2022-06-15,momentum_top_quantile,0.003789165414565821,1.338349686330274
2022-06-16,momentum_top_quantile,-0.01169807552479091,1.3226935706210021
2022-06-17,momentum_top_quantile,0.0034193193658071056,1.3272162823620552
2022-06-20,momentum_top_quantile,-0.00876653555974508,1.3155811936272557
2022-06-21,momentum_top_quantile,-0.005003851221085054,1.3089982210650875
2022-06-22,momentum_top_quantile,-0.01103058211125433,1.294559208704143
2022-06-23,momentum_top_quantile,0.026358559909790524,1.3286819251635424
2022-06-24,momentum_top_quantile,0.011757592780894702,1.3443040261749504
2022-06-27,momentum_top_quantile,0.007021176242192038,1.353742621665813
2022-06-28,momentum_top_quantile,0.012514878709803234,1.3706845463802517
2022-06-29,momentum_top_quantile,-0.021908290325430093,1.3406551913935727
2022-06-30,momentum_top_quantile,0.010481038651185805,1.3547066502724816
2022-07-01,momentum_top_quantile,-0.0031364400534731997,1.3504576940738604
2022-07-04,momentum_top_quantile,0.01142901775677942,1.36589209903921
2022-07-05,momentum_top_quantile,0.0036527501409078676,1.3708813615964404
2022-07-06,momentum_top_quantile,-0.014430348050397212,1.3510990664128013
2022-07-07,momentum_top_quantile,0.004342738120095413,1.3569665358325373
2022-07-08,momentum_top_quantile,-0.0030233150666912905,1.352863998459759
2022-07-11,momentum_top_quantile,-0.01904315625360544,1.3271011979472125
2022-07-12,momentum_top_quantile,-0.012064657694015391,1.3110901762686615
2022-07-13,momentum_top_quantile,0.005354717277095122,1.318110693487357
2022-07-14,momentum_top_quantile,0.011201011186527632,1.3328748661101908
2022-07-15,momentum_top_quantile,-0.0061381271243904694,1.3246935107411015
2022-07-18,momentum_top_quantile,0.007545858713375425,1.3346894608116793
2022-07-19,momentum_top_quantile,-0.0018232782810755472,1.332255950505801
2022-07-20,momentum_top_quantile,0.005620760797149882,1.3397442425241737
2022-07-21,momentum_top_quantile,0.0016866055909709025,1.3420038626540862
2022-07-22,momentum_top_quantile,-0.0004547965365804596,1.3413935239452737
2022-07-25,momentum_top_quantile,-0.005318881754940181,1.3342588104045663
2022-07-26,momentum_top_quantile,0.011464909728289653,1.34955596722003
2022-07-27,momentum_top_quantile,-0.0001793752485614859,1.3493138902829622
2022-07-28,momentum_top_quantile,0.01697094809397235,1.3722130262774304
2022-07-29,momentum_top_quantile,0.00356563606925031,1.3771058385386201
2022-08-01,momentum_top_quantile,0.011098048882802426,1.3923890264515144
2022-08-02,momentum_top_quantile,-0.007744546838677736,1.3816056044184997
2022-08-03,momentum_top_quantile,-0.006508134099836639,1.3726139298718583
2022-08-04,momentum_top_quantile,-0.0026055613674974333,1.3690375000436952
2022-08-05,momentum_top_quantile,0.010330010912725085,1.3831796723590766
2022-08-08,momentum_top_quantile,0.0010909404100210352,1.3846886389579727
2022-08-09,momentum_top_quantile,0.0024350810948379435,1.388060468084936
2022-08-10,momentum_top_quantile,-0.006103430071908333,1.3795885380823993
2022-08-11,momentum_top_quantile,0.014581384510329209,1.399704849022222
2022-08-12,momentum_top_quantile,-0.005176663038654416,1.3924590486652633
2022-08-15,momentum_top_quantile,0.005097602950353695,1.3995572520199862
2022-08-16,momentum_top_quantile,0.00010896307984709086,1.3997097520885884
2022-08-17,momentum_top_quantile,0.003938687076421987,1.4052227707998814
2022-08-18,momentum_top_quantile,-0.001201617630470575,1.4035342303437497
2022-08-19,momentum_top_quantile,-0.0100146365275243,1.3894783451729185
2022-08-22,momentum_top_quantile,0.005931412530942968,1.397719914440951
2022-08-23,momentum_top_quantile,0.00550367945362501,1.405412516815982
2022-08-24,momentum_top_quantile,-0.014881115100916976,1.384498411388974
2022-08-25,momentum_top_quantile,0.006069156000348962,1.392901148229929
2022-08-26,momentum_top_quantile,-0.0063458768129118544,1.3840619691306983
2022-08-29,momentum_top_quantile,-0.004077037059687545,1.3784190971896484
2022-08-30,momentum_top_quantile,-0.00640747707625129,1.3695869084229386
2022-08-31,momentum_top_quantile,-0.0052115198621288,1.362449279046781
2022-09-01,momentum_top_quantile,-0.003994159412265197,1.3570074394351423
2022-09-02,momentum_top_quantile,-0.004574223460472382,1.3508001841696424
2022-09-05,momentum_top_quantile,0.011956170594960853,1.3669505816112792
2022-09-06,momentum_top_quantile,0.002253077063915754,1.3700304266142138
2022-09-07,momentum_top_quantile,-0.0016514645357600614,1.3677678699517481
2022-09-08,momentum_top_quantile,-0.002302524671557715,1.3646185506862203
2022-09-09,momentum_top_quantile,0.006329595957214895,1.3732560347477842
2022-09-13,momentum_top_quantile,0.005875504285651858,1.381324606465242
2022-09-14,momentum_top_quantile,-0.013148511293369669,1.3631622442773244
2022-09-15,momentum_top_quantile,-0.015561007590948497,1.3419500662464305
2022-09-16,momentum_top_quantile,-0.018443805453736705,1.3171994002959524
2022-09-19,momentum_top_quantile,-0.006438257350909951,1.3087189315743828
2022-09-20,momentum_top_quantile,0.01008882072071109,1.3219223622488372
2022-09-21,momentum_top_quantile,-0.004359230167226536,1.3161597984085907
2022-09-22,momentum_top_quantile,-0.008787959674109114,1.3045934391754923
2022-09-23,momentum_top_quantile,-0.0024436754580111518,1.3014054362054968
2022-09-26,momentum_top_quantile,-0.02349864373909982,1.270824173499976
2022-09-27,momentum_top_quantile,0.0014853143644845358,1.2727117468996096
2022-09-28,momentum_top_quantile,-0.007603223546544658,1.2630350349776185
2022-09-29,momentum_top_quantile,0.009377763599845813,1.2748794789539615
2022-09-30,momentum_top_quantile,-0.003039782412073555,1.2710041227363238
2022-10-10,momentum_top_quantile,0.003075155808650461,1.274912658447175
2022-10-11,momentum_top_quantile,0.00019757612154440703,1.275164550745539
2022-10-12,momentum_top_quantile,0.005520915254541514,1.2822046261658004
2022-10-13,momentum_top_quantile,-0.0014655060679880205,1.2803255475057522
2022-10-14,momentum_top_quantile,0.013000950679726987,1.296970996802869
2022-10-17,momentum_top_quantile,-0.008287173691186077,1.286222772879933
2022-10-18,momentum_top_quantile,0.001804888183745801,1.2885442611643687
2022-10-19,momentum_top_quantile,-0.005073283997369604,1.2820071101843011
2022-10-20,momentum_top_quantile,0.0020728688177877536,1.2846645427471843
2022-10-21,momentum_top_quantile,-0.0012392492123266875,1.2830725232244808
2022-10-24,momentum_top_quantile,0.0021068610759551894,1.28577577878129
2022-10-25,momentum_top_quantile,0.006905473983373089,1.2946546699701156
2022-10-26,momentum_top_quantile,0.01159080229342586,1.3096607562879998
2022-10-27,momentum_top_quantile,0.0031481078495530393,1.3137837095951217
2022-10-28,momentum_top_quantile,-0.017802929706466266,1.2903945105636994
2022-10-31,momentum_top_quantile,0.02027351266202607,1.3165553400126215
2022-11-01,momentum_top_quantile,0.008685875555662536,1.327990775858114
2022-11-02,momentum_top_quantile,0.0011393089013375212,1.3295037675699435
2022-11-03,momentum_top_quantile,-0.009831680487626915,1.3164325113200996
2022-11-04,momentum_top_quantile,0.005935555137895444,1.3242462690763583
2022-11-07,momentum_top_quantile,0.002168383964867669,1.3271177434517594
2022-11-08,momentum_top_quantile,-0.005043246348551767,1.320424761737998
2022-11-09,momentum_top_quantile,-0.006970408313816912,1.3112208620010097
2022-11-10,momentum_top_quantile,-0.007732503152925507,1.3010818425514052
2022-11-11,momentum_top_quantile,0.01027166480796674,1.3144461191258252
2022-11-14,momentum_top_quantile,-0.004331426807948234,1.30875269196784
2022-11-15,momentum_top_quantile,0.014473782261398083,1.3276952934654012
2022-11-16,momentum_top_quantile,-0.0006137280860480267,1.3268804495740878
2022-11-17,momentum_top_quantile,-0.004480975417391164,1.3209347308977295
2022-11-18,momentum_top_quantile,-0.005789947327826229,1.3132865883823353
2022-11-21,momentum_top_quantile,-0.008399759769838838,1.3022552965309724
2022-11-22,momentum_top_quantile,-0.005458384634482084,1.2951470862302148
2022-11-23,momentum_top_quantile,0.0062168932256073456,1.3031988773767644
2022-11-24,momentum_top_quantile,0.0020082173080639754,1.305815983918162
2022-11-25,momentum_top_quantile,0.0014308061984181775,1.3076843535219458
2022-11-28,momentum_top_quantile,-0.00921434091948542,1.2956349040735178
2022-11-29,momentum_top_quantile,0.0013416238851868493,1.2973731588073045
2022-11-30,momentum_top_quantile,-0.0015524934142162384,1.2953589955224751
2022-12-01,momentum_top_quantile,0.009051354676451209,1.3070837492242806
2022-12-02,momentum_top_quantile,-0.0035696656480126328,1.302417897265599
2022-12-05,momentum_top_quantile,-0.0038245487654037817,1.297436736504572
2022-12-06,momentum_top_quantile,-0.0018124127395419687,1.2950852456345814
2022-12-07,momentum_top_quantile,-0.004618405894648237,1.2891040163020706
2022-12-08,momentum_top_quantile,0.0025337720018110523,1.292370311965999
2022-12-09,momentum_top_quantile,0.009429230262791322,1.304556369222322
2022-12-12,momentum_top_quantile,-0.012546754685790504,1.288188420483904
2022-12-13,momentum_top_quantile,-0.0022578614973494003,1.2852798694479621
2022-12-14,momentum_top_quantile,0.004636471482544868,1.2912390329097465
2022-12-15,momentum_top_quantile,-0.0030047790458333943,1.287359144920497
2022-12-16,momentum_top_quantile,-0.0026465856203357176,1.2839520387193428
2022-12-19,momentum_top_quantile,-0.013664861821654082,1.266407011524612
2022-12-20,momentum_top_quantile,-0.009366980678699411,1.2545446015162913
2022-12-21,momentum_top_quantile,0.006512018710811895,1.2627142194349135
2022-12-22,momentum_top_quantile,0.002814594313976005,1.2662682476971114
2022-12-23,momentum_top_quantile,-0.007461004388103121,1.2568206147445276
2022-12-26,momentum_top_quantile,0.0033789251102620856,1.2610673174787828
2022-12-27,momentum_top_quantile,0.006534502480714722,1.269307764993196
2022-12-28,momentum_top_quantile,-9.559071710019135e-05,1.2691864309537195
2022-12-29,momentum_top_quantile,-0.0049579384941959345,1.262893882691383
2022-12-30,momentum_top_quantile,0.004177697447238393,1.268169871241236
2023-01-03,momentum_top_quantile,-2.7509130355058884e-05,1.2681349849909356
2023-01-04,momentum_top_quantile,-0.00722457355154793,1.2589732505185773
2023-01-05,momentum_top_quantile,0.00807155333746652,1.2691351202605816
2023-01-06,momentum_top_quantile,0.002357917868535953,1.2721276366382306
2023-01-09,momentum_top_quantile,0.0004843742650379635,1.2727438225272618
2023-01-10,momentum_top_quantile,0.0014593024790950037,1.2746011407427287
2023-01-11,momentum_top_quantile,-0.007900194226396363,1.2645315441696747
2023-01-12,momentum_top_quantile,0.0012491086492331215,1.2661110814587253
2023-01-13,momentum_top_quantile,0.006511360394121003,1.2743551870090932
2023-01-16,momentum_top_quantile,0.010796253804197568,1.288113449044739
2023-01-17,momentum_top_quantile,0.0032387456660633806,1.2922853208952307
2023-01-18,momentum_top_quantile,0.0045274926261213875,1.2981361331564287
2023-01-19,momentum_top_quantile,0.00564142372831421,1.3054594691405994
2023-01-20,momentum_top_quantile,0.006141629731663522,1.3134771178297548
2023-01-30,momentum_top_quantile,0.0036884081436396217,1.3183217575276425
2023-01-31,momentum_top_quantile,-0.009491063488857377,1.3058094820282056
2023-02-01,momentum_top_quantile,0.015063789985018472,1.3254799218259243
2023-02-02,momentum_top_quantile,-0.0010371959330082716,1.3241051394417225
2023-02-03,momentum_top_quantile,0.0007826578352886361,1.3251414607038527
2023-02-06,momentum_top_quantile,-0.008473453479886373,1.3139129361823099
2023-02-07,momentum_top_quantile,0.002264430014314134,1.3168882000711968
2023-02-08,momentum_top_quantile,-0.0016186964893090345,1.3147565577649292
2023-02-09,momentum_top_quantile,0.0120041881179775,1.330539142813684
2023-02-10,momentum_top_quantile,-0.008889325741516563,1.3187115469613748
2023-02-13,momentum_top_quantile,0.004505883618888043,1.3246535077188666
2023-02-14,momentum_top_quantile,0.000936637716291089,1.3258942281552135
2023-02-15,momentum_top_quantile,0.005270135878421967,1.3328818708980068
2023-02-16,momentum_top_quantile,-0.009237993481752894,1.3205687168627045
2023-02-17,momentum_top_quantile,-0.016854893839102526,1.2983106713327437
2023-02-20,momentum_top_quantile,0.009471543271793439,1.310607677036503
2023-02-21,momentum_top_quantile,-0.002953976617188136,1.30673617260423
2023-02-22,momentum_top_quantile,-0.0033745548382387307,1.3023265197306666
2023-02-23,momentum_top_quantile,-0.001106633170378979,1.3008853220052685
2023-02-24,momentum_top_quantile,0.002264385427394356,1.3038310277711282
2023-02-27,momentum_top_quantile,-0.005127346168727135,1.2971458347462184
2023-02-28,momentum_top_quantile,0.004088028525670806,1.302448603920616
2023-03-01,momentum_top_quantile,0.007677780871474216,1.312448518897876
2023-03-02,momentum_top_quantile,-0.0008078471269312049,1.3113882611326393
2023-03-03,momentum_top_quantile,0.0010551322844825075,1.3127719492244516
2023-03-06,momentum_top_quantile,-0.005731321957792301,1.3052480305262877
2023-03-07,momentum_top_quantile,-0.010566904632575048,1.29145559906586
2023-03-08,momentum_top_quantile,-0.0010080031290680028,1.2901538077809493
2023-03-09,momentum_top_quantile,-0.0023846471482557694,1.2870772461824131
2023-03-10,momentum_top_quantile,-0.012532145993399314,1.2709474062284727
2023-03-13,momentum_top_quantile,0.009482290368255757,1.2829988985771124
2023-03-14,momentum_top_quantile,-0.006971804545868265,1.2740540810236685
2023-03-15,momentum_top_quantile,0.006279162709306552,1.2820540738988722
2023-03-16,momentum_top_quantile,-0.006701808361756068,1.2734619931861932
2023-03-17,momentum_top_quantile,0.011445533691822263,1.288037445334461
2023-03-20,momentum_top_quantile,-0.007316855166772687,1.2786130618975688
2023-03-21,momentum_top_quantile,0.0007033905023565824,1.2795124261814967
2023-03-22,momentum_top_quantile,0.00355879331283725,1.2840659464474835
2023-03-23,momentum_top_quantile,0.009674718417656249,1.2964889229090641
2023-03-24,momentum_top_quantile,0.0029706702443142437,1.300340363974433
2023-03-27,momentum_top_quantile,-0.0015859580581849106,1.2982780786958046
2023-03-28,momentum_top_quantile,-0.010364777509994205,1.2848217152640198
2023-03-29,momentum_top_quantile,0.01041508226156941,1.2982032391199452
2023-03-30,momentum_top_quantile,0.005159993383031437,1.3049019592436342
2023-03-31,momentum_top_quantile,0.008134593650955702,1.3155168064364169
2023-04-03,momentum_top_quantile,0.02239681346917507,1.3449801909657382
2023-04-04,momentum_top_quantile,0.004045178070128563,1.35042087533899
2023-04-06,momentum_top_quantile,-0.005344265423828598,1.3432038677472995
2023-04-07,momentum_top_quantile,0.0049526237955991965,1.3498562511850458
2023-04-10,momentum_top_quantile,-0.00586167762658721,1.3419438289983656
2023-04-11,momentum_top_quantile,0.0035813099211725262,1.3467497457468138
2023-04-12,momentum_top_quantile,0.008881574761673573,1.358711004298929
2023-04-13,momentum_top_quantile,-0.014435027248151003,1.3390979739295112
2023-04-14,momentum_top_quantile,0.012427332509813748,1.355739389714751
2023-04-17,momentum_top_quantile,0.0019422929399547642,1.3583726327598127
2023-04-18,momentum_top_quantile,-0.0024886005710214936,1.3549921858502667
2023-04-19,momentum_top_quantile,-0.003788819975263236,1.3498583643901916
2023-04-20,momentum_top_quantile,0.0005992409865398284,1.3506672548481578
2023-04-21,momentum_top_quantile,-0.007058353842066977,1.3411337674405461
2023-04-24,momentum_top_quantile,-0.004912385271547389,1.3345456016741963
2023-04-25,momentum_top_quantile,-0.006446942536368605,1.3259418628680393
2023-04-26,momentum_top_quantile,-0.007149723572641377,1.3164617450751395
2023-04-27,momentum_top_quantile,-0.0015081059584198034,1.31447638127336
2023-04-28,momentum_top_quantile,0.011631308174255863,1.329765461151731
2023-05-04,momentum_top_quantile,-0.007044543559135587,1.3203978704372137
2023-05-05,momentum_top_quantile,0.0019719154985045947,1.3230015834621212
2023-05-08,momentum_top_quantile,0.0030829928419883975,1.3270803878738742
2023-05-09,momentum_top_quantile,-0.001058320825391623,1.3256759110624186
2023-05-10,momentum_top_quantile,-0.007336021142662343,1.3159507245505466
2023-05-11,momentum_top_quantile,-0.002717180866899205,1.3123750484200158
2023-05-12,momentum_top_quantile,-0.006296537239085287,1.3041116300559927
2023-05-15,momentum_top_quantile,0.0031933900407770045,1.308276167147475
2023-05-16,momentum_top_quantile,-0.002276617112341139,1.305297723237679
2023-05-17,momentum_top_quantile,-0.001170878170059364,1.303769378628112
2023-05-18,momentum_top_quantile,0.003210675996160839,1.3079553596766027
2023-05-19,momentum_top_quantile,0.0008294721414859321,1.3090402722097616
2023-05-22,momentum_top_quantile,-0.003204590802988285,1.3048453337926968
2023-05-23,momentum_top_quantile,-0.0049853976953134205,1.2983401608728664
2023-05-24,momentum_top_quantile,-0.004866166136408378,1.2920222219484878
2023-05-25,momentum_top_quantile,0.0031307209536890145,1.296067182991374
2023-05-26,momentum_top_quantile,-0.0003015310552679115,1.2956763784859884
2023-05-29,momentum_top_quantile,0.007431336102243966,1.305304985134256
2023-05-30,momentum_top_quantile,0.0011683376295070994,1.3068300220663716
2023-05-31,momentum_top_quantile,-0.00437412454255709,1.3011137847939007
2023-06-01,momentum_top_quantile,0.0006902936069379861,1.3020119353214428
2023-06-02,momentum_top_quantile,0.004746809441464406,1.308192337868926
2023-06-05,momentum_top_quantile,0.004163529749402051,1.3136390355855831
2023-06-06,momentum_top_quantile,-0.012011158289368119,1.2978607091940717
2023-06-07,momentum_top_quantile,0.0017911655838419803,1.300185392629001
2023-06-08,momentum_top_quantile,-0.007832225650850167,1.2900020472459914
2023-06-09,momentum_top_quantile,0.015267038652886835,1.309696558363599
2023-06-12,momentum_top_quantile,0.0014405178479632947,1.3115831996313378
2023-06-13,momentum_top_quantile,0.00617384106858555,1.3196807058540887
2023-06-14,momentum_top_quantile,-0.0006372660269616027,1.3188397181738112
2023-06-15,momentum_top_quantile,0.00040140652674834957,1.319369109044421
2023-06-16,momentum_top_quantile,0.008328087798201378,1.3303569308227776
2023-06-19,momentum_top_quantile,-0.0008893540205292781,1.3291737725376114
2023-06-20,momentum_top_quantile,0.0033328386693006642,1.3336036942849447
2023-06-21,momentum_top_quantile,-0.010314982425503473,1.319847595615809
2023-06-26,momentum_top_quantile,-0.015305155164339841,1.2996471233716282
2023-06-27,momentum_top_quantile,0.004074305715689975,1.3049422830747615
2023-06-28,momentum_top_quantile,-0.004095002646163092,1.2995985409724802
2023-06-29,momentum_top_quantile,0.0027515659332246647,1.3031744720446885
2023-06-30,momentum_top_quantile,0.009406187499894459,1.3154323754738169
2023-07-03,momentum_top_quantile,0.009956845599382673,1.3285299325328388
2023-07-04,momentum_top_quantile,-0.0021807704014602637,1.325632713778517
2023-07-05,momentum_top_quantile,-0.0016423118276468916,1.3234556114935632
2023-07-06,momentum_top_quantile,-0.0019020850136969524,1.320938286408648
2023-07-07,momentum_top_quantile,-0.003054696497964482,1.3169032208511282
2023-07-10,momentum_top_quantile,0.0008667070117038358,1.3180445901063753
2023-07-11,momentum_top_quantile,0.008757954440653604,1.3295879645772768
2023-07-12,momentum_top_quantile,-0.004308364097084405,1.3238596155267766
2023-07-13,momentum_top_quantile,0.011861026593866843,1.339561949633086
2023-07-14,momentum_top_quantile,0.001743587360308685,1.3418975929168167
2023-07-17,momentum_top_quantile,-0.006338095911704662,1.3333925172692243
2023-07-18,momentum_top_quantile,0.0005481513407731953,1.3341234181653423
2023-07-19,momentum_top_quantile,0.005937947206364025,1.342045372589182
2023-07-20,momentum_top_quantile,-0.006375675333475083,1.3334889270107608
2023-07-21,momentum_top_quantile,0.0007415508796518981,1.334477776897592
2023-07-24,momentum_top_quantile,-0.005546546851426455,1.327076033385842
2023-07-25,momentum_top_quantile,0.0027239546998814148,1.3306909283840833
2023-07-26,momentum_top_quantile,0.001825045829984595,1.3331195003139291
2023-07-27,momentum_top_quantile,0.004442661201073284,1.339042098594368
2023-07-28,momentum_top_quantile,-0.006403249160034263,1.330467878401293
2023-07-31,momentum_top_quantile,0.0029688440581921087,1.3344178300567002
2023-08-01,momentum_top_quantile,-0.0016536986671135015,1.332211105069763
2023-08-02,momentum_top_quantile,-0.002726618030496175,1.3285786742502526
2023-08-03,momentum_top_quantile,0.00644269041880895,1.3371382953454785
2023-08-04,momentum_top_quantile,0.006088086106644719,1.345278908424034
2023-08-07,momentum_top_quantile,-0.0026721860831139966,1.3416840728470365
2023-08-08,momentum_top_quantile,-0.0046580548177342475,1.335434434887634
2023-08-09,momentum_top_quantile,-0.004308294403745617,1.3296809901852384
2023-08-10,momentum_top_quantile,0.0058997092327976,1.3375257213997098
2023-08-11,momentum_top_quantile,-0.02321578091087342,1.3064740172890363
2023-08-14,momentum_top_quantile,-0.005960758143534864,1.2986864416511639
2023-08-15,momentum_top_quantile,0.0071203389473461385,1.307933529302043
2023-08-16,momentum_top_quantile,-0.006153402202872582,1.299885288241625
2023-08-17,momentum_top_quantile,0.00037041677354887614,1.300366787556079
2023-08-18,momentum_top_quantile,-0.001308531202345487,1.2986652170400679
2023-08-21,momentum_top_quantile,-0.004007709523155885,1.293460544082345
2023-08-22,momentum_top_quantile,-0.000587097425939787,1.2927011567263595
2023-08-23,momentum_top_quantile,-0.000738358005816364,1.2917466804781625
2023-08-24,momentum_top_quantile,0.003766930518731837,1.2966126004713263
2023-08-25,momentum_top_quantile,-0.002839180517492623,1.2929312832373325
2023-08-28,momentum_top_quantile,0.0026366087498398637,1.296340237171658
2023-08-29,momentum_top_quantile,0.005975587660204996,1.304086631896328
2023-08-30,momentum_top_quantile,0.007957221651393098,1.3144635382789456
2023-08-31,momentum_top_quantile,0.0039632328504253245,1.319673063354539
2023-09-01,momentum_top_quantile,-0.00027337469529732335,1.3193122981329524
2023-09-04,momentum_top_quantile,-0.0012887489222896086,1.31761203583057
2023-09-05,momentum_top_quantile,-0.0032610773701286515,1.3133152010379139
2023-09-06,momentum_top_quantile,0.0072198187265199104,1.3227970987201907
2023-09-07,momentum_top_quantile,-0.018178024680975912,1.2987512604117317
2023-09-08,momentum_top_quantile,0.002213570003217824,1.3016261372434204
2023-09-11,momentum_top_quantile,0.0057123652954057065,1.3090615012174025
2023-09-12,momentum_top_quantile,-0.0032071713478676878,1.3048631166781015
2023-09-13,momentum_top_quantile,0.0015398859972931113,1.3068724571198582
2023-09-14,momentum_top_quantile,0.007198911023440623,1.3162805156576494
2023-09-15,momentum_top_quantile,-0.0015123108565708423,1.3142898903435276
2023-09-18,momentum_top_quantile,-0.0020124639690537174,1.3116449292943198
2023-09-19,momentum_top_quantile,0.000570506785814784,1.3123932316270617
2023-09-20,momentum_top_quantile,-0.0024344747951638105,1.309198243383322
2023-09-21,momentum_top_quantile,-0.0073586486018426996,1.2995643135601145
2023-09-22,momentum_top_quantile,0.0034822727079175,1.3040897509014084
2023-09-25,momentum_top_quantile,-0.00259497082492891,1.3007056760447304
2023-09-26,momentum_top_quantile,-0.0023796910820501286,1.2976103983470748
2023-09-27,momentum_top_quantile,-0.0016357982738789633,1.2954877694972913
2023-09-28,momentum_top_quantile,-0.001963545348332529,1.292944020513673
2023-10-09,momentum_top_quantile,-0.006564183850796877,1.2844568982542328
2023-10-10,momentum_top_quantile,-0.0049491577530095705,1.2780999184378312
2023-10-11,momentum_top_quantile,0.00586504872129,1.2855960367301458
2023-10-12,momentum_top_quantile,0.0037523054748116683,1.2904199857771645
2023-10-13,momentum_top_quantile,-0.005989228971000371,1.28269136501359
2023-10-16,momentum_top_quantile,-0.009217828257003792,1.270867736304153
2023-10-17,momentum_top_quantile,0.00877635022129284,1.2820213166428998
2023-10-18,momentum_top_quantile,-0.0063023799065453304,1.2739415312571267
2023-10-19,momentum_top_quantile,-0.009374666419204602,1.2619987543640205
2023-10-20,momentum_top_quantile,-0.010716305152987627,1.2484747906095655
2023-10-23,momentum_top_quantile,-0.01222440538410589,1.2332129286573175
2023-10-24,momentum_top_quantile,0.002633167785229895,1.2364601852133867
2023-10-25,momentum_top_quantile,0.0006610690580117207,1.2372775707832948
2023-10-26,momentum_top_quantile,-0.00036469189903931543,1.236826345676367
2023-10-27,momentum_top_quantile,0.0026769494235165067,1.2401372672494155
2023-10-30,momentum_top_quantile,-0.0017093446294061331,1.2380174452719164
2023-10-31,momentum_top_quantile,-0.0015789211591680898,1.2360627133321573
2023-11-01,momentum_top_quantile,-0.0006121109856963903,1.235306105766317
2023-11-02,momentum_top_quantile,-0.0026172430868058984,1.2320730094009111
2023-11-03,momentum_top_quantile,0.0058261855565601385,1.2392512953729105
2023-11-06,momentum_top_quantile,0.011135242136180922,1.2530506586144639
2023-11-07,momentum_top_quantile,-0.005471270624235281,1.246194879355308
2023-11-08,momentum_top_quantile,0.0009860524281353423,1.247423692842026
2023-11-09,momentum_top_quantile,0.002814982667428346,1.2509351689163157
2023-11-10,momentum_top_quantile,-0.0069591129151786455,1.242229769826259
2023-11-13,momentum_top_quantile,0.0036537113223397743,1.2467685188012207
2023-11-14,momentum_top_quantile,0.005941175590032478,1.2541757894915435
2023-11-15,momentum_top_quantile,0.003592921966923457,1.2586819452359914
2023-11-16,momentum_top_quantile,-0.012249700473155378,1.2432634684158819
2023-11-17,momentum_top_quantile,0.0040407755725177415,1.2482872170692605
2023-11-20,momentum_top_quantile,0.0005467397461849393,1.248969705305487
2023-11-21,momentum_top_quantile,0.00027383147111464956,1.2493117125172684
2023-11-22,momentum_top_quantile,-0.00407912401362449,1.2442156151102368
2023-11-23,momentum_top_quantile,0.004072340836964905,1.2492824851696398
2023-11-24,momentum_top_quantile,-0.0006162964282352302,1.248512556836173
2023-11-27,momentum_top_quantile,0.003980607267966517,1.2534823949940626
2023-11-28,momentum_top_quantile,0.0014092886971393882,1.2552489135653908
2023-11-29,momentum_top_quantile,-0.0009149642775473032,1.2541004056500484
2023-11-30,momentum_top_quantile,-0.00014722628132083347,1.2539157691109217
2023-12-01,momentum_top_quantile,0.001088490239364004,1.2552806441865836
2023-12-04,momentum_top_quantile,-0.0015364782900223759,1.2533519327289055
2023-12-05,momentum_top_quantile,-0.013399744835867401,1.236557336640797
2023-12-06,momentum_top_quantile,0.0054905816110997875,1.2433467556144273
2023-12-07,momentum_top_quantile,-0.004048277212729934,1.2383133432761517
2023-12-08,momentum_top_quantile,0.0032977542244156835,1.242396996335091
2023-12-11,momentum_top_quantile,0.0033661673912822824,1.2465791125911814
2023-12-12,momentum_top_quantile,0.0008080976992469232,1.2475864703039954
2023-12-13,momentum_top_quantile,-0.0015433448154442255,1.2456610141932334
2023-12-14,momentum_top_quantile,0.0018977635993306043,1.2480249843230746
2023-12-15,momentum_top_quantile,-0.003305350019378795,1.243899824916957
2023-12-18,momentum_top_quantile,-0.002812834033418727,1.240400941155267
2023-12-19,momentum_top_quantile,0.004762151577462903,1.2463079184538761
2023-12-20,momentum_top_quantile,-0.002473317314099377,1.243225403500465
2023-12-21,momentum_top_quantile,-0.0008131446286022139,1.2422144814414668
2023-12-22,momentum_top_quantile,-0.001730500603045282,1.2400648285322209
2023-12-25,momentum_top_quantile,0.0015069779458729208,1.2419335788802717
2023-12-26,momentum_top_quantile,-0.00025922121750170395,1.2416116433458981
2023-12-27,momentum_top_quantile,0.006283556601924323,1.2494133803844705
2023-12-28,momentum_top_quantile,0.006328972749033934,1.257320883621202
2023-12-29,momentum_top_quantile,-0.005599201052864622,1.2502808912058414
2024-01-02,momentum_top_quantile,-0.0008858118171346584,1.2491733776176737
2024-01-03,momentum_top_quantile,-0.006692845900658428,1.2408128526980735
2024-01-04,momentum_top_quantile,-0.009597043478098755,1.2289047178025463
2024-01-05,momentum_top_quantile,-0.00882367317201086,1.2180612642131143
2024-01-08,momentum_top_quantile,-0.010525453328147822,1.2052406172258145
2024-01-09,momentum_top_quantile,0.0038262859659830453,1.2098522124851383
2024-01-10,momentum_top_quantile,-0.004018952684115297,1.2049898736883882
2024-01-11,momentum_top_quantile,0.007428141564069735,1.213940709053416
2024-01-12,momentum_top_quantile,-0.00204091779775174,1.2114631558548936
2024-01-15,momentum_top_quantile,-0.0047280722922325635,1.2057352704746354
2024-01-16,momentum_top_quantile,-0.005125677040328469,1.1995550608820493
2024-01-17,momentum_top_quantile,-0.007508172130857349,1.1905485950045058
2024-01-18,momentum_top_quantile,0.00360725211962325,1.1948432039473504
2024-01-19,momentum_top_quantile,0.004485596680947924,1.2002027886572297
2024-01-22,momentum_top_quantile,0.00513049089173859,1.206360418132675
2024-01-23,momentum_top_quantile,-0.002599040343802372,1.203225038736782
2024-01-24,momentum_top_quantile,0.009268131813148974,1.2143766869966757
2024-01-25,momentum_top_quantile,0.0016605263395429895,1.2163931914715607
2024-01-26,momentum_top_quantile,0.0007673802395739783,1.2173266275702483
2024-01-29,momentum_top_quantile,0.0004653982956559879,1.2178931693079762
2024-01-30,momentum_top_quantile,-0.00438909874924669,1.2125477159218505
2024-01-31,momentum_top_quantile,-0.007105246053520953,1.203932266048591
2024-02-01,momentum_top_quantile,-0.005884951821326768,1.1968471826667542
2024-02-02,momentum_top_quantile,-0.0001414265945941294,1.19667791664546
2024-02-05,momentum_top_quantile,-0.005925574502698853,1.189586912494643
2024-02-06,momentum_top_quantile,0.00010117323312409655,1.1897072668486623
2024-02-07,momentum_top_quantile,0.0007509771131755438,1.1906007097774443
2024-02-08,momentum_top_quantile,0.006807421111237066,1.198705630184237
2024-02-19,momentum_top_quantile,0.010080967134655403,1.2107897422462506
2024-02-20,momentum_top_quantile,-0.003802869565990086,1.2061852667846493
2024-02-21,momentum_top_quantile,0.007463600380855262,1.2151877516012053
2024-02-22,momentum_top_quantile,0.009594546987216046,1.2268469275822325
2024-02-23,momentum_top_quantile,0.0033803186603803543,1.2309940611449688
2024-02-26,momentum_top_quantile,-0.0010946165488168978,1.2296465946741442
2024-02-27,momentum_top_quantile,0.019574220751047023,1.253715968564069
2024-02-28,momentum_top_quantile,-0.021808011662439633,1.226374916100237
2024-02-29,momentum_top_quantile,0.02337618816602103,1.2550428869010846
2024-03-01,momentum_top_quantile,0.014746387076375333,1.2735502351087795
2024-03-04,momentum_top_quantile,0.010354497859585816,1.2867372082922883
2024-03-05,momentum_top_quantile,-0.003403834511549664,1.2823573677754079
2024-03-06,momentum_top_quantile,-0.0008583042391604903,1.2812567150105276
2024-03-07,momentum_top_quantile,-0.01720247705335383,1.2592159257711035
2024-03-08,momentum_top_quantile,0.016066365805362918,1.279446949462481
2024-03-11,momentum_top_quantile,0.01569862704417899,1.2995325099449049
2024-03-12,momentum_top_quantile,-0.004169218013948905,1.2941144755947305
2024-03-13,momentum_top_quantile,-0.002048219649595273,1.2914638448969917
2024-03-14,momentum_top_quantile,0.004989131988049633,1.297907128476977
2024-03-15,momentum_top_quantile,0.0010718511398131628,1.2992982917120066
2024-03-18,momentum_top_quantile,0.0016096886220437635,1.3013897573888165
2024-03-19,momentum_top_quantile,-0.005018255621720658,1.2948590509227504
2024-03-20,momentum_top_quantile,0.003897374502847784,1.2999056015725985
2024-03-21,momentum_top_quantile,0.005833432726787125,1.3074885134505458
2024-03-22,momentum_top_quantile,-0.013552284068173971,1.2897690577003895
2024-03-25,momentum_top_quantile,-0.011271939546038452,1.2752308588536398
2024-03-26,momentum_top_quantile,0.0003906759784078947,1.2757290609171184
2024-03-27,momentum_top_quantile,-0.013700054982804456,1.2582515026393923
2024-03-28,momentum_top_quantile,0.01241258298541792,1.2738696538324308
2024-03-29,momentum_top_quantile,0.008624287352603122,1.2848558717768428
2024-04-01,momentum_top_quantile,0.011567933661848669,1.299718999266594
2024-04-02,momentum_top_quantile,-0.0018330771986921459,1.2973365140043314
2024-04-03,momentum_top_quantile,-0.0030161826379627946,1.2934235101351963
2024-04-08,momentum_top_quantile,-0.0005222951517121549,1.292747961306742
2024-04-09,momentum_top_quantile,0.0056479050289133465,1.3000492790185239
2024-04-10,momentum_top_quantile,-0.005041367129422303,1.2934952533166508
2024-04-11,momentum_top_quantile,-0.0006530658304051306,1.2926505157649184
2024-04-12,momentum_top_quantile,0.0040786712566476474,1.2979228122684594
2024-04-15,momentum_top_quantile,5.947607006668887e-05,1.2980000076165832
2024-04-16,momentum_top_quantile,-0.00767979395502043,1.288031635004473
2024-04-17,momentum_top_quantile,0.004051410183029947,1.2932499794865948
2024-04-18,momentum_top_quantile,0.003267766092681967,1.2974760179189226
2024-04-19,momentum_top_quantile,0.0018195223046404308,1.2998368044732622
2024-04-22,momentum_top_quantile,-0.011346729374915345,1.2850879080213493
2024-04-23,momentum_top_quantile,-0.012794210223268465,1.2686462231707438
2024-04-24,momentum_top_quantile,0.01222829083623217,1.284159598155963
2024-04-25,momentum_top_quantile,-5.656276886418794e-05,1.2840869625334277
2024-04-26,momentum_top_quantile,0.012736582078788418,1.3004418415280368
2024-04-29,momentum_top_quantile,0.0059339383561105635,1.3081585832513711
2024-04-30,momentum_top_quantile,-0.0003566878607378142,1.3076919789648054
2024-05-06,momentum_top_quantile,0.007818033214449847,1.3179155582906217
2024-05-07,momentum_top_quantile,-0.0031750103196162673,1.313731162792666
2024-05-08,momentum_top_quantile,-0.012617455913984388,1.2971552177633021
2024-05-09,momentum_top_quantile,0.012766491853391182,1.313715339283461
2024-05-10,momentum_top_quantile,-0.0038680424286205773,1.3086338326119829
2024-05-13,momentum_top_quantile,-0.0049565160785534175,1.3021475679797025
2024-05-14,momentum_top_quantile,-0.00285748128847011,1.2984267056693737
2024-05-15,momentum_top_quantile,-0.002567400249036955,1.2950931246218818
2024-05-16,momentum_top_quantile,0.0027083236275545763,1.298600655931179
2024-05-17,momentum_top_quantile,0.007685629182928333,1.3085812190293735
2024-05-20,momentum_top_quantile,0.007724933622877455,1.3186899220865196
2024-05-21,momentum_top_quantile,-0.0036749978614522226,1.313843739442933
2024-05-22,momentum_top_quantile,0.0010766335973838583,1.31525826775453
2024-05-23,momentum_top_quantile,-0.009807310920907576,1.302359120981367
2024-05-24,momentum_top_quantile,-0.008769624328631175,1.290937920749394
2024-05-27,momentum_top_quantile,0.010227925879619982,1.3041415381180097
2024-05-28,momentum_top_quantile,-0.0005593634956662317,1.3034120489484045
2024-05-29,momentum_top_quantile,0.005290858359956163,1.3103082174840508
2024-05-30,momentum_top_quantile,-0.011313717115662425,1.2954837609771084
2024-05-31,momentum_top_quantile,-0.0010344263207398895,1.2941436784766625
2024-06-03,momentum_top_quantile,-0.0069567932154693075,1.2851405885143936
2024-06-04,momentum_top_quantile,0.0027594949383673126,1.2886869274634896
2024-06-05,momentum_top_quantile,-0.008212091270996102,1.2781041127954198
2024-06-06,momentum_top_quantile,0.002823560818593474,1.2817129174903923
2024-06-07,momentum_top_quantile,0.0027061591654032437,1.2851814366494745
2024-06-11,momentum_top_quantile,-0.00803831268213647,1.2748507464084087
2024-06-12,momentum_top_quantile,0.001032694495322417,1.2761672777565825
2024-06-13,momentum_top_quantile,0.00851058447856018,1.2870282071827042
2024-06-14,momentum_top_quantile,-0.0026669438229011016,1.2835957752556588
2024-06-17,momentum_top_quantile,0.0006066194190364655,1.284374429379122
2024-06-18,momentum_top_quantile,0.005661591273562561,1.2916460324404815
2024-06-19,momentum_top_quantile,-0.0033108623096122724,1.287369570274314
2024-06-20,momentum_top_quantile,-0.0008202795825260956,1.2863135673006527
2024-06-21,momentum_top_quantile,-0.0009901757797057269,1.2850398907612048
2024-06-24,momentum_top_quantile,-0.017945033106792223,1.2619798073779465
2024-06-25,momentum_top_quantile,-0.010536131661638339,1.2486834219730834
2024-06-26,momentum_top_quantile,0.011231894879752615,1.2627085029067746
2024-06-27,momentum_top_quantile,-0.007995335137064243,1.2526127252456143
2024-06-28,momentum_top_quantile,0.004657082785173051,1.2584462464048443
2024-07-01,momentum_top_quantile,-0.001259179353894899,1.2568616368733847
2024-07-02,momentum_top_quantile,0.0011710008285218954,1.2583334228915009
2024-07-03,momentum_top_quantile,0.0026890480033087026,1.2617171418698236
2024-07-04,momentum_top_quantile,0.0005512664802552199,1.2624126842377
2024-07-05,momentum_top_quantile,0.0025238746672631815,1.265598855631079
2024-07-08,momentum_top_quantile,-0.004455090415932872,1.2599604982989414
2024-07-09,momentum_top_quantile,0.00580742845792056,1.2672776287526184
2024-07-10,momentum_top_quantile,-0.007390407889109165,1.2579119301673936
2024-07-11,momentum_top_quantile,0.007094093716333583,1.266835675286895
2024-07-12,momentum_top_quantile,-0.003950035808646958,1.2618316290058402
2024-07-15,momentum_top_quantile,0.005237758323293239,1.2684407981232602
2024-07-16,momentum_top_quantile,0.011904242115470864,1.2835406244932606
2024-07-17,momentum_top_quantile,-0.008480488709369372,1.2726555727192286
2024-07-18,momentum_top_quantile,0.0017153414239425074,1.2748386115415253
2024-07-19,momentum_top_quantile,0.004727102274405016,1.2808649040416427
2024-07-22,momentum_top_quantile,-0.0007718278493837837,1.2798762968374051
2024-07-23,momentum_top_quantile,-0.02256698618660148,1.2509933461261167
2024-07-24,momentum_top_quantile,-0.007866971617929397,1.241151816977924
2024-07-25,momentum_top_quantile,-0.001793230182115757,1.2389261460791314
2024-07-26,momentum_top_quantile,0.006892652525349785,1.2474656335086258
2024-07-29,momentum_top_quantile,-0.008314459141006638,1.2370936314690084
2024-07-30,momentum_top_quantile,8.867348359431628e-06,1.2371046012091917
2024-07-31,momentum_top_quantile,0.01645045430321539,1.257455533919681
2024-08-01,momentum_top_quantile,-0.002728502907578068,1.2540245628392308
2024-08-02,momentum_top_quantile,-0.006312868324230436,1.2461080708986763
2024-08-05,momentum_top_quantile,-0.007459682932719198,1.2368124997898697
2024-08-06,momentum_top_quantile,0.014029455112972511,1.254164305238835
2024-08-07,momentum_top_quantile,-0.0008803906267386252,1.2530601507401125
2024-08-08,momentum_top_quantile,-0.004776999116818903,1.247074283506706
2024-08-09,momentum_top_quantile,0.0005258636997148241,1.2477300746032498
2024-08-12,momentum_top_quantile,-0.002206952482765731,1.2449763936172826
2024-08-13,momentum_top_quantile,-6.340765853910527e-05,1.244897452579227
2024-08-14,momentum_top_quantile,-0.006869942943606522,1.2363450781093666
2024-08-15,momentum_top_quantile,0.006961583769947965,1.2449519979391876
2024-08-16,momentum_top_quantile,-0.004063198164984905,1.2398935112656668
2024-08-19,momentum_top_quantile,-0.00016613462612537346,1.2396875220207375
2024-08-20,momentum_top_quantile,0.009335047449653222,1.251260063861544
2024-08-21,momentum_top_quantile,-0.0021571931474995477,1.2485608542260422
2024-08-22,momentum_top_quantile,-0.0004637915166466722,1.247981782293835
2024-08-23,momentum_top_quantile,-0.002277503997170183,1.2451394987962652
2024-08-26,momentum_top_quantile,0.00573697316237771,1.252282830684276
2024-08-27,momentum_top_quantile,-0.0007339942538560074,1.2513636622823512
2024-08-28,momentum_top_quantile,-0.00022247644396619095,1.251085263344658
2024-08-29,momentum_top_quantile,-0.004868338328584942,1.2449945570047896
2024-08-30,momentum_top_quantile,0.0026940798913438484,1.248348671805649
2024-09-02,momentum_top_quantile,-0.006633299384394773,1.2400680013294505
2024-09-03,momentum_top_quantile,0.005618698059808503,1.247035569002551
2024-09-04,momentum_top_quantile,-0.009492387300324647,1.235198224404298
2024-09-05,momentum_top_quantile,0.0036884427560471725,1.2397541823473843
2024-09-06,momentum_top_quantile,-0.006307947553795356,1.2319338779855387
2024-09-09,momentum_top_quantile,-0.009057851028497418,1.2207752044417866
2024-09-10,momentum_top_quantile,-0.002452127850870168,1.2177817075633233
2024-09-11,momentum_top_quantile,0.0033465412093472207,1.221857064231673
2024-09-12,momentum_top_quantile,-0.0017254976039863816,1.2197487527949273
2024-09-13,momentum_top_quantile,-0.005973667977331865,1.2124623787299658
2024-09-18,momentum_top_quantile,0.22287817607421673,1.4826937822599067
2024-09-19,momentum_top_quantile,0.0071378058819686835,1.4932769626600797
2024-09-20,momentum_top_quantile,0.004094355054014421,1.4993909687391904
2024-09-23,momentum_top_quantile,-0.0001778600339043243,1.4991242870106547
2024-09-24,momentum_top_quantile,0.009503769865090406,1.5133716192335718
2024-09-25,momentum_top_quantile,0.0009648256690099164,1.5148317590185596
2024-09-26,momentum_top_quantile,0.010945155732814528,1.5314118285300313
2024-09-27,momentum_top_quantile,0.006237968642044556,1.5409647274944578
2024-09-30,momentum_top_quantile,0.01960851207140811,1.571180752955147
2024-10-08,momentum_top_quantile,0.05190810506954568,1.6527377685627904
2024-10-09,momentum_top_quantile,-0.06200855581948217,1.5502538863858983
2024-10-10,momentum_top_quantile,-0.011250200545682888,1.5328132192673327
2024-10-11,momentum_top_quantile,-0.027168668171790457,1.4911687255437247
2024-10-14,momentum_top_quantile,0.017120366103610767,1.516698080047288
2024-10-15,momentum_top_quantile,-0.02006815294560297,1.4862607510045966
2024-10-16,momentum_top_quantile,-0.015603275362083448,1.463070215246815
2024-10-17,momentum_top_quantile,0.0022952266381026545,1.466428292978264
2024-10-18,momentum_top_quantile,0.06733676177653931,1.5651728256049184
2024-10-21,momentum_top_quantile,0.013174573804501481,1.5857933105126505
2024-10-22,momentum_top_quantile,-0.0030365677058298074,1.580977941757827
2024-10-23,momentum_top_quantile,-0.0016272969415871419,1.5784052211884876
2024-10-24,momentum_top_quantile,-0.0055776494942593735,1.5696014301047891
2024-10-25,momentum_top_quantile,0.0007670242864913136,1.5708053525217909
2024-10-28,momentum_top_quantile,0.004262071559786503,1.5775002373407345
2024-10-29,momentum_top_quantile,-0.011029762165138547,1.5601007849074167
2024-10-30,momentum_top_quantile,-0.004937301793817084,1.5523980965035578
2024-10-31,momentum_top_quantile,0.011184445818423462,1.5697608089025255
2024-11-01,momentum_top_quantile,-0.023719629714780064,1.532526663774584
2024-11-04,momentum_top_quantile,0.01694385967582347,1.5584935805150386
2024-11-05,momentum_top_quantile,0.029744742535730055,1.6048505708110465
2024-11-06,momentum_top_quantile,0.0058272288312273945,1.6142024023270882
2024-11-07,momentum_top_quantile,0.01704714690544816,1.6417199478146853
2024-11-08,momentum_top_quantile,-0.0014690795143218031,1.6393081306710973
2024-11-11,momentum_top_quantile,0.014600232089711212,1.663242409845446
2024-11-12,momentum_top_quantile,-0.012216806477801425,1.642922899198692
2024-11-13,momentum_top_quantile,0.002267922304582737,1.6466489206864943
2024-11-14,momentum_top_quantile,-0.0199736379714799,1.6137593512785742
2024-11-15,momentum_top_quantile,-0.023703100817903288,1.575508250679384
2024-11-18,momentum_top_quantile,-0.014652222807827235,1.5524235527548598
2024-11-19,momentum_top_quantile,0.012031910033279181,1.5711021732751498
2024-11-20,momentum_top_quantile,0.0016573192167160025,1.5737059910983429
2024-11-21,momentum_top_quantile,0.0017976432953655363,1.5765349531221173
2024-11-22,momentum_top_quantile,-0.01003504579217376,1.5607143526745744
2024-11-25,momentum_top_quantile,0.003730250796132209,1.5665362086311738
2024-11-26,momentum_top_quantile,-0.00805110975386082,1.5539238536820872
2024-11-27,momentum_top_quantile,0.008105214652739768,1.5665187400701932
2024-11-28,momentum_top_quantile,-0.005721578233748326,1.5575557805442488
2024-11-29,momentum_top_quantile,0.010661057271390394,1.5741609719240162
2024-12-02,momentum_top_quantile,0.004946572805828574,1.5819476737797322
2024-12-03,momentum_top_quantile,0.005764261273492388,1.5910664334923919
2024-12-04,momentum_top_quantile,0.000323037636534329,1.5915804078326365
2024-12-05,momentum_top_quantile,0.0004189130582217711,1.5922471416486874
2024-12-06,momentum_top_quantile,-0.000935771308488964,1.590757162457509
2024-12-09,momentum_top_quantile,0.0012026898393251045,1.5926703499336303
2024-12-10,momentum_top_quantile,0.005296881496864736,1.601106536040799
2024-12-11,momentum_top_quantile,5.196846876642791e-05,1.601189743095809
2024-12-12,momentum_top_quantile,0.006569061248456876,1.6117080565886062
2024-12-13,momentum_top_quantile,-0.014555358975911049,1.588249067260591
2024-12-16,momentum_top_quantile,-0.006290991653439928,1.5782574056348708
2024-12-17,momentum_top_quantile,-0.005228134747413049,1.5700060632521093
2024-12-18,momentum_top_quantile,0.004911086343152293,1.577716498588013
2024-12-19,momentum_top_quantile,-0.001797497283683691,1.574880557467378
2024-12-20,momentum_top_quantile,-0.0006315428318680928,1.5738859529402611
2024-12-23,momentum_top_quantile,-0.009504527959314139,1.5589269098957688
2024-12-24,momentum_top_quantile,0.0040938458685520485,1.56530891638522
2024-12-25,momentum_top_quantile,0.001832580926401317,1.5681774716493135
2024-12-26,momentum_top_quantile,0.005187692435972635,1.5763126940572514
2024-12-27,momentum_top_quantile,-0.0038083418520621143,1.5703095564525362
2024-12-30,momentum_top_quantile,-0.00028974230036142183,1.5698545713493701
2024-12-31,momentum_top_quantile,-0.015446035633308354,1.5456065417011957
2025-01-02,momentum_top_quantile,-0.011091048516672631,1.528464144559501
2025-01-03,momentum_top_quantile,-0.007762367104898372,1.5165996447627557
2025-01-06,momentum_top_quantile,0.006607936409914301,1.5266212387746465
2025-01-07,momentum_top_quantile,0.0009318014120466179,1.528043746600597
2025-01-08,momentum_top_quantile,0.005579904820778925,1.5365700852686148
2025-01-09,momentum_top_quantile,0.0013892306401213752,1.5387047355117638
2025-01-10,momentum_top_quantile,-0.0009511789088957443,1.537241152020327
2025-01-13,momentum_top_quantile,0.0003252464651125942,1.5377411342710474
2025-01-14,momentum_top_quantile,0.01341076044843922,1.5583634122544676
2025-01-15,momentum_top_quantile,0.004792607398596927,1.565832036273741
2025-01-16,momentum_top_quantile,0.004573027041636023,1.5729926285182807
2025-01-17,momentum_top_quantile,0.004609616426512475,1.5802435211774815
2025-01-20,momentum_top_quantile,0.002496023491646454,1.5841878461288625
2025-01-21,momentum_top_quantile,0.005079816331842635,1.5922352294223345
2025-01-22,momentum_top_quantile,-0.0029057443984757073,1.587608600823385
2025-01-23,momentum_top_quantile,0.0002579758665729459,1.5880181655279608
2025-01-24,momentum_top_quantile,0.00911659318489928,1.6024954811133094
2025-01-27,momentum_top_quantile,-0.023189338306308777,1.5653346712674419
2025-02-05,momentum_top_quantile,0.011996002356172585,1.5841124296721645
2025-02-06,momentum_top_quantile,0.01787004801299664,1.612420594848391
2025-02-07,momentum_top_quantile,0.012925278523849948,1.6332615801343981
2025-02-10,momentum_top_quantile,0.000724743508545849,1.6344452758623578
2025-02-11,momentum_top_quantile,-0.00510600961603559,1.6260997825669206
2025-02-12,momentum_top_quantile,0.012156773088739992,1.645867908643236
2025-02-13,momentum_top_quantile,-0.00976085563815953,1.6298028295874898
2025-02-14,momentum_top_quantile,0.007909654555880797,1.642694006963724
2025-02-17,momentum_top_quantile,0.003616803561083015,1.6486353084978802
2025-02-18,momentum_top_quantile,-0.011464480990878125,1.6297345603427158
2025-02-19,momentum_top_quantile,0.012418304144047123,1.6499730997871165
2025-02-20,momentum_top_quantile,-0.0022442015883427867,1.6462702275358514
2025-02-21,momentum_top_quantile,0.019112755046913878,1.6777349871357714
2025-02-24,momentum_top_quantile,-0.001439877963753473,1.6753192534987764
2025-02-25,momentum_top_quantile,-0.00453759050277569,1.667717340764983
2025-02-26,momentum_top_quantile,0.0060876739785674545,1.6778698602239634
2025-02-27,momentum_top_quantile,-0.003146473184328524,1.6725904877019757
2025-02-28,momentum_top_quantile,-0.03589203249284506,1.6125578155701528
2025-03-03,momentum_top_quantile,0.003021160618688446,1.6174296117379117
2025-03-04,momentum_top_quantile,0.009483343315535487,1.6327682520347355
2025-03-05,momentum_top_quantile,0.004977151702555272,1.6408947873202282
2025-03-06,momentum_top_quantile,0.024431165096317427,1.6809837587749352
2025-03-07,momentum_top_quantile,-0.00927467790728498,1.6653931758449205
2025-03-10,momentum_top_quantile,-0.0029950320535188156,1.6604052699015535
2025-03-11,momentum_top_quantile,-0.0016112024555482332,1.6577300208534829
2025-03-12,momentum_top_quantile,0.0009458094777463734,1.6592979176187508
2025-03-13,momentum_top_quantile,-0.0031222963876501365,1.6541170977245343
2025-03-14,momentum_top_quantile,0.01436704194092988,1.6778818674427518
2025-03-17,momentum_top_quantile,0.0010869035614911443,1.6797055632202367
2025-03-18,momentum_top_quantile,-0.0008321807654636634,1.6783077445588825
2025-03-19,momentum_top_quantile,0.003265074773348853,1.6837875448375579
2025-03-20,momentum_top_quantile,-0.0009234622775406322,1.6822326305565076
2025-03-21,momentum_top_quantile,-0.008006774380120752,1.6687633734287646
2025-03-24,momentum_top_quantile,0.00248335705566076,1.6729075087263972
2025-03-25,momentum_top_quantile,-0.0019762385190564054,1.6696014444688334
2025-03-26,momentum_top_quantile,0.0015303796732751727,1.6721565685819193
2025-03-27,momentum_top_quantile,-0.005186181856122496,1.6634844605253436
2025-03-28,momentum_top_quantile,-0.005719122006620813,1.6539707899394813
2025-03-31,momentum_top_quantile,-0.01560959143432154,1.628152981664224
2025-04-01,momentum_top_quantile,0.006009281779641818,1.6379370117114083
2025-04-02,momentum_top_quantile,-4.572724854084992e-05,1.6378621133585796
2025-04-03,momentum_top_quantile,-0.005034766522701673,1.6296158600214405
2025-04-07,momentum_top_quantile,-0.05300573535247474,1.5432368730189485
2025-04-08,momentum_top_quantile,0.002275272702756381,1.5467481577500157
2025-04-09,momentum_top_quantile,0.0014142842802930993,1.548935699355094
2025-04-10,momentum_top_quantile,0.013169605867824907,1.5693345720302045
2025-04-11,momentum_top_quantile,0.002532752263015481,1.5733093077189424
2025-04-14,momentum_top_quantile,0.004890276714343885,1.581003225590941
2025-04-15,momentum_top_quantile,-0.0047302908804289,1.5735246204509996
2025-04-16,momentum_top_quantile,-0.0019313866126218775,1.5704855360644296
2025-04-17,momentum_top_quantile,0.002676380064848416,1.5746887522452853
2025-04-18,momentum_top_quantile,-0.0020476463428775404,1.5714643465805798
2025-04-21,momentum_top_quantile,0.0029577135793998036,1.5761122880180038
2025-04-22,momentum_top_quantile,0.0005944568547648472,1.5770492187714953
2025-04-23,momentum_top_quantile,0.0011580615122778414,1.5788755387747226
2025-04-24,momentum_top_quantile,-0.004011740726927804,1.57254149947307
2025-04-25,momentum_top_quantile,0.0020758201213470716,1.5758058127593295
2025-04-28,momentum_top_quantile,-0.005164173792337207,1.567668077679265
2025-04-29,momentum_top_quantile,0.0008598279245914386,1.5690160024689443
2025-04-30,momentum_top_quantile,0.005100063543711675,1.5770180837826364
2025-05-06,momentum_top_quantile,0.015555682290781829,1.6015496760607768
2025-05-07,momentum_top_quantile,0.0001376771461340298,1.6017701728495688
2025-05-08,momentum_top_quantile,0.003598249652048902,1.6075337418166868
2025-05-09,momentum_top_quantile,0.0011052044731894026,1.6093103952989456
2025-05-12,momentum_top_quantile,0.01269009167981678,1.6297326917565713
2025-05-13,momentum_top_quantile,-0.008196513215933331,1.61637456621015
2025-05-14,momentum_top_quantile,0.004195177311331589,1.6231555441169283
2025-05-15,momentum_top_quantile,-0.016348066536345084,1.5966200892828672
2025-05-16,momentum_top_quantile,0.0032527956084942417,1.6018135680977201
2025-05-19,momentum_top_quantile,-0.0019294011778580407,1.5987230271127235
2025-05-20,momentum_top_quantile,0.0025572394774211584,1.6028113447511183
2025-05-21,momentum_top_quantile,0.002351869973624599,1.6065809486262235
2025-05-22,momentum_top_quantile,-0.008665115816612324,1.5926597386376142
2025-05-23,momentum_top_quantile,-0.005175686919196398,1.584416630461617
2025-05-26,momentum_top_quantile,-0.001201871650006172,1.5825123650316668
2025-05-27,momentum_top_quantile,-0.00301595932705413,1.5777395721041712
2025-05-28,momentum_top_quantile,-0.0004106376923682654,1.5770916927671241
2025-05-29,momentum_top_quantile,0.005029397460300665,1.5850235137213884
2025-05-30,momentum_top_quantile,-0.0014851058047987255,1.5826695861004183
2025-06-03,momentum_top_quantile,0.004648408739046245,1.59002648123547
2025-06-04,momentum_top_quantile,0.006982319475560873,1.6011285541020581
2025-06-05,momentum_top_quantile,0.001944735293551714,1.6042423253107339
2025-06-06,momentum_top_quantile,-0.0006467531377894131,1.6032047765530646
2025-06-09,momentum_top_quantile,0.005900083497361363,1.6126638185980962
2025-06-10,momentum_top_quantile,-0.010379748970507963,1.595924772987227
2025-06-11,momentum_top_quantile,0.004823667626886585,1.603622983649632
2025-06-12,momentum_top_quantile,-0.0027775234487027014,1.5991688832096667
2025-06-13,momentum_top_quantile,-0.008762508035688565,1.5851561530201188
2025-06-16,momentum_top_quantile,0.00657366322842478,1.5955764357345386
2025-06-17,momentum_top_quantile,0.0006217566330296463,1.5965684959669622
2025-06-18,momentum_top_quantile,0.0016666249757354087,1.599229376897813
2025-06-19,momentum_top_quantile,-0.009224687880393522,1.5844769850467744
2025-06-20,momentum_top_quantile,-0.004325952746564144,1.5776226124814436
2025-06-23,momentum_top_quantile,0.004812234585017732,1.5852145025793327
2025-06-24,momentum_top_quantile,0.0006718642998098552,1.5862795516111565
2025-06-25,momentum_top_quantile,0.006423489110428316,1.5964690010370257
2025-06-26,momentum_top_quantile,-0.0017161026275823393,1.5937292963894922
2025-06-27,momentum_top_quantile,0.0036726501277061564,1.5995825064934062
2025-06-30,momentum_top_quantile,0.007888463406029871,1.612200754560805
2025-07-01,momentum_top_quantile,-0.004823910413870081,1.6044236425516298
2025-07-02,momentum_top_quantile,-0.004759520610165768,1.596787355157468
2025-07-03,momentum_top_quantile,0.004832291454865412,1.6045034970490328
2025-07-04,momentum_top_quantile,-0.004238144086334383,1.5977033800415117
2025-07-07,momentum_top_quantile,-0.0030889441937997984,1.592768163462318
2025-07-08,momentum_top_quantile,0.00795351955278756,1.605436276193473
2025-07-09,momentum_top_quantile,0.0009740169631591187,1.6069999983597565
2025-07-10,momentum_top_quantile,0.0051527492818384205,1.6152804664472191
2025-07-11,momentum_top_quantile,0.0017420638040511198,1.6180943880812075
2025-07-14,momentum_top_quantile,6.132842897994893e-06,1.6181043115998837
2025-07-15,momentum_top_quantile,-0.0047842373277705574,1.610362916552101
2025-07-16,momentum_top_quantile,-0.005206630049693339,1.601978352599869
2025-07-17,momentum_top_quantile,0.004215756691263728,1.6087319035591015
2025-07-18,momentum_top_quantile,0.006710074999916804,1.6195266152867418
2025-07-21,momentum_top_quantile,0.007109987100925666,1.6310414286310364
2025-07-22,momentum_top_quantile,0.0027721099415104256,1.6355628547903598
2025-07-23,momentum_top_quantile,0.0010679528085072998,1.6373095587346234
2025-07-24,momentum_top_quantile,0.005743116562012341,1.6467128183785333
2025-07-25,momentum_top_quantile,0.0037022414921173974,1.6528093469003362
2025-07-28,momentum_top_quantile,0.0012593222330242715,1.6548907664578378
2025-07-29,momentum_top_quantile,0.0020621917347929406,1.6583034685184124
2025-07-30,momentum_top_quantile,-0.006913284520529761,1.6468391448191633
2025-07-31,momentum_top_quantile,-0.01647653958347526,1.6197049344619336
2025-08-01,momentum_top_quantile,-0.002812843870984361,1.6151489573642293
2025-08-04,momentum_top_quantile,0.0017058961339005154,1.6179042337262703
2025-08-05,momentum_top_quantile,0.00597937028317106,1.6275782822224296
2025-08-06,momentum_top_quantile,0.005029726345623919,1.6357645555880889
2025-08-07,momentum_top_quantile,0.0009210227015134521,1.6372711318781166
2025-08-08,momentum_top_quantile,-0.0067130193322501586,1.6262800991176836
2025-08-11,momentum_top_quantile,0.0059644826274170655,1.635980018516185
2025-08-12,momentum_top_quantile,0.0030833445408235847,1.6410243085751735
2025-08-13,momentum_top_quantile,0.005016865592220565,1.6492571069648616
2025-08-14,momentum_top_quantile,-0.0053706907771513875,1.640399457031334
2025-08-15,momentum_top_quantile,0.007600258659650261,1.652866917209922
2025-08-18,momentum_top_quantile,0.008329086266849832,1.6666337883509856
2025-08-19,momentum_top_quantile,-0.009269654208138866,1.6511846694413714
2025-08-20,momentum_top_quantile,0.012577465885033692,1.6719523882911609
2025-08-21,momentum_top_quantile,-0.004940700477295379,1.6636917723283158
2025-08-22,momentum_top_quantile,0.04507374716162922,1.738680594629125
2025-08-25,momentum_top_quantile,0.019268491279156672,1.7721823465039754
2025-08-26,momentum_top_quantile,-0.008096987807418311,1.7578330076518107
2025-08-27,momentum_top_quantile,-0.007704695618003832,1.7442894393805735
2025-08-28,momentum_top_quantile,0.03464314281555474,1.8047171075406985
2025-08-29,momentum_top_quantile,0.0005024237844896695,1.8056238403398024
2025-09-01,momentum_top_quantile,0.007891032505610598,1.819872076756829
2025-09-02,momentum_top_quantile,-0.018408904124535976,1.7863702261768923
2025-09-03,momentum_top_quantile,-0.015252239175817773,1.7591240802306827
2025-09-04,momentum_top_quantile,-0.041043278307391906,1.6869238610285398
2025-09-05,momentum_top_quantile,0.03186069851580564,1.740670433583889
2025-09-08,momentum_top_quantile,0.0036296502987293107,1.7469884585431361
2025-09-09,momentum_top_quantile,0.001553400199302557,1.7497022307628163
2025-09-10,momentum_top_quantile,-0.0010881627688555274,1.747798269938717
2025-09-11,momentum_top_quantile,0.0034927078612379766,1.75390281869599
2025-09-12,momentum_top_quantile,0.0027183939371621113,1.7586706174847049
2025-09-15,momentum_top_quantile,0.0013529614681266591,1.7610500310652883
2025-09-16,momentum_top_quantile,0.01258527194059227,1.7832133246072335
2025-09-17,momentum_top_quantile,0.00867865663675451,1.798689220761585
2025-09-18,momentum_top_quantile,-5.363870014409868e-05,1.7985927414098202
2025-09-19,momentum_top_quantile,-0.008145630426761231,1.7839420696500405
2025-09-22,momentum_top_quantile,0.01640543684068138,1.8132084186011188
2025-09-23,momentum_top_quantile,0.0029026661011716695,1.8184715572121515
2025-09-24,momentum_top_quantile,0.015119693205809227,1.8459662892606896
2025-09-25,momentum_top_quantile,0.0018030542978697108,1.8492946667122638
2025-09-26,momentum_top_quantile,-0.014084144818926338,1.82324893281342
2025-09-29,momentum_top_quantile,0.007911538839720823,1.837673637559853
2025-09-30,momentum_top_quantile,0.00863405501264395,1.8535402128418303
2025-10-09,momentum_top_quantile,0.027887925990976142,1.9052316051188614
2025-10-10,momentum_top_quantile,-0.025348859119145285,1.8569361575713603
2025-10-13,momentum_top_quantile,0.006248338074636613,1.8685389224668827
2025-10-14,momentum_top_quantile,-0.01728412227096875,1.836242867262901
2025-10-15,momentum_top_quantile,0.015450731107893747,1.864614162053768
2025-10-16,momentum_top_quantile,0.0032330477092036517,1.8706425485989446
2025-10-17,momentum_top_quantile,-0.014770707476843427,1.8430118347198527
2025-10-20,momentum_top_quantile,-0.0023235258103730017,1.8387295491530582
2025-10-21,momentum_top_quantile,0.0008012587201472912,1.8402028472383096
2025-10-22,momentum_top_quantile,-0.008650989253345131,1.824283272182876
2025-10-23,momentum_top_quantile,0.0021087413911429543,1.8281302138280975
2025-10-24,momentum_top_quantile,-0.004783109473582414,1.819386066883394
2025-10-27,momentum_top_quantile,0.005131237980496622,1.8287217697709726
2025-10-28,momentum_top_quantile,-0.0029940098366518127,1.823246558803779
2025-10-29,momentum_top_quantile,0.00936652289845108,1.840324039446337
2025-10-30,momentum_top_quantile,-0.006500143894127498,1.8283616683781139
2025-10-31,momentum_top_quantile,-0.0034863144553926467,1.8219874246639616
2025-11-03,momentum_top_quantile,0.007313250505511305,1.8353120751184206
2025-11-04,momentum_top_quantile,-0.023149859041024234,1.7928248592831397
2025-11-05,momentum_top_quantile,-0.0043779132901761286,1.784976027504726
2025-11-06,momentum_top_quantile,0.021542725041089915,1.8234292752701973
2025-11-07,momentum_top_quantile,-0.007065529031391482,1.8105457827890865
2025-11-10,momentum_top_quantile,0.002536411845946231,1.815138072560181
2025-11-11,momentum_top_quantile,0.0010562487654763755,1.8170553099084918
2025-11-12,momentum_top_quantile,-0.0028867733919809347,1.8118098829880902
2025-11-13,momentum_top_quantile,0.01465626162248992,1.8383642426433764
2025-11-14,momentum_top_quantile,-0.008963356789905797,1.821886328026759
2025-11-17,momentum_top_quantile,-0.006539178147291014,1.8099726887636782
2025-11-18,momentum_top_quantile,-0.01528327862654173,1.782310371854872
2025-11-19,momentum_top_quantile,0.007224265417809273,1.795186255038066
2025-11-20,momentum_top_quantile,-0.000411757318863704,1.7944470739588305
2025-11-21,momentum_top_quantile,-0.01996255699108688,1.7586253219774384
2025-11-24,momentum_top_quantile,0.004677086764981095,1.7668505651954196
2025-11-25,momentum_top_quantile,0.0008524822858604453,1.7683567740040111
2025-11-26,momentum_top_quantile,-0.003776078342126632,1.7616793202885417
2025-11-27,momentum_top_quantile,0.002174037743936963,1.7655092776235621
2025-11-28,momentum_top_quantile,0.0026656160736357685,1.7702154475321485
2025-12-01,momentum_top_quantile,0.001670442228282985,1.773172490168865
2025-12-02,momentum_top_quantile,-0.0023472705191913356,1.7690103746572505
2025-12-03,momentum_top_quantile,0.004496493653878997,1.7769647185805428
2025-12-04,momentum_top_quantile,0.0026302029035373043,1.7816384963428367
2025-12-05,momentum_top_quantile,0.0051987900674173365,1.7909008608613521
2025-12-08,momentum_top_quantile,0.0012679393417462943,1.7931716145200056
2025-12-09,momentum_top_quantile,-0.006994532182632773,1.780629217953262
2025-12-10,momentum_top_quantile,0.009805542236030407,1.7980892529566124
2025-12-11,momentum_top_quantile,-0.0017336097118861072,1.7949720679648489
2025-12-12,momentum_top_quantile,0.010217857332615533,1.8133128364713436
2025-12-15,momentum_top_quantile,-0.009324608422579395,1.7964044043236114
2025-12-16,momentum_top_quantile,-0.01478045154689155,1.7698527360668836
2025-12-17,momentum_top_quantile,0.027464590027276903,1.818461015871615
2025-12-18,momentum_top_quantile,-0.0040269026870214395,1.811138250320558
2025-12-19,momentum_top_quantile,0.0058591017050435784,1.8217498935310807
2025-12-22,momentum_top_quantile,0.021021993909787796,1.8600467086980477
2025-12-23,momentum_top_quantile,0.007955752037285945,1.8748447790902192
2025-12-24,momentum_top_quantile,0.01045309325126429,1.8944427063976952
2025-12-25,momentum_top_quantile,-0.005999469043028916,1.8830770560268701
2025-12-26,momentum_top_quantile,-0.00646598089416406,1.8709011157603617
2025-12-29,momentum_top_quantile,-0.0007352417322160317,1.869525551183205
2025-12-30,momentum_top_quantile,-0.0003028073421414532,1.8689594451199856
2025-12-31,momentum_top_quantile,-0.008460573471672816,1.853146976418971
2026-01-05,momentum_top_quantile,0.03247067695515527,1.9133199132406942
2026-01-06,momentum_top_quantile,0.02115130928307518,1.9537891344831149
2026-01-07,momentum_top_quantile,0.007901240370909102,1.9692264920687363
2026-01-08,momentum_top_quantile,0.0009018369100940672,1.9710024132036192
2026-01-09,momentum_top_quantile,0.013353011977649579,1.9973212320351033
2026-01-12,momentum_top_quantile,0.028742136996435158,2.0547285125121446
2026-01-13,momentum_top_quantile,-0.020194623072833307,2.0132340446849586
2026-01-14,momentum_top_quantile,0.015723842632525874,2.0448898199860284
2026-01-15,momentum_top_quantile,0.0017289881921865758,2.0484254103391066
2026-01-16,momentum_top_quantile,0.0029827429989871318,2.054535336890743
2026-01-19,momentum_top_quantile,0.011638588209532159,2.0784472276387467
2026-01-20,momentum_top_quantile,-0.0006920550975678575,2.0770088276398333
2026-01-21,momentum_top_quantile,0.023078408548728183,2.1249428859234203
2026-01-22,momentum_top_quantile,0.003416870084390888,2.132203539701371
2026-01-23,momentum_top_quantile,0.010436383159904408,2.154456032816599
2026-01-26,momentum_top_quantile,0.001358153230352222,2.1573821142372203
2026-01-27,momentum_top_quantile,0.009676844440492405,2.1782587653553946
2026-01-28,momentum_top_quantile,0.03440956359140819,2.2532116988604334
2026-01-29,momentum_top_quantile,0.017862777375971618,2.2934603178181123
2026-01-30,momentum_top_quantile,-0.016224602204625075,2.2562498364894203
2026-02-02,momentum_top_quantile,-0.049625045454147594,2.14428333579772
2026-02-03,momentum_top_quantile,0.022614772840519038,2.192775816342496
2026-02-04,momentum_top_quantile,0.020712381286127846,2.238193425125582
2026-02-05,momentum_top_quantile,-0.011068121661764917,2.2134208279937297
2026-02-06,momentum_top_quantile,-0.004840555666500813,2.202706641262434
2026-02-09,momentum_top_quantile,0.012440737243122408,2.2301099358100602
2026-02-10,momentum_top_quantile,0.004288633006914667,2.2396740588898236
2026-02-11,momentum_top_quantile,0.004162187106995008,2.248996001381606
2026-02-12,momentum_top_quantile,-0.0011463589832442556,2.2464178446121417
2026-02-13,momentum_top_quantile,-0.0024105725366351696,2.2410026914501127
2026-02-24,momentum_top_quantile,0.0036881811099774417,2.2492679152441273
2026-02-25,momentum_top_quantile,0.0072177190771349434,2.2655024991855726
2026-02-26,momentum_top_quantile,0.010263798815790771,2.2887551610538845
2026-02-27,momentum_top_quantile,0.001646377367563856,2.292523315750939
2026-03-02,momentum_top_quantile,-0.004547885316245232,2.282097182626085
2026-03-03,momentum_top_quantile,-0.048604389022565225,2.171177243374427
2026-03-04,momentum_top_quantile,-0.008505805859087357,2.1527096312566156
2026-03-05,momentum_top_quantile,0.01785295002871995,2.1911418487297842
2026-03-06,momentum_top_quantile,0.002350659820101986,2.196292477833737
2026-03-09,momentum_top_quantile,-0.01740800015307844,2.1580594180434023
2026-03-10,momentum_top_quantile,-0.007980111660747491,2.140837862916888
2026-03-11,momentum_top_quantile,0.006004959943597033,2.1536935085294395
2026-03-12,momentum_top_quantile,0.007261359804935786,2.1693322520044265
2026-03-13,momentum_top_quantile,-0.0019438605554391811,2.165115372608113
2026-03-16,momentum_top_quantile,-0.011692221063354089,2.1398003650439126
2026-03-17,momentum_top_quantile,-0.011537757182149035,2.115111868013762
2026-03-18,momentum_top_quantile,0.001513809949145206,2.1183137454031162
2026-03-19,momentum_top_quantile,-0.007799986363225797,2.101790927075938
2026-03-20,momentum_top_quantile,-0.002279581697437405,2.0969997229467356
2026-03-23,momentum_top_quantile,-0.02048213840990944,2.054048684375799
2026-03-24,momentum_top_quantile,0.004808348752737368,2.063925266805379
2026-03-25,momentum_top_quantile,0.004858243727680645,2.0739523187872377
2026-03-26,momentum_top_quantile,-0.003597464273489126,2.0664913494154806
2026-03-27,momentum_top_quantile,0.003922803487617788,2.0745977888880995
2026-03-30,momentum_top_quantile,0.006201439855589986,2.0874632823004293
2026-03-31,momentum_top_quantile,-0.012761954169420298,2.0608231715613634
2026-04-01,momentum_top_quantile,-0.0009202854281438512,2.058926626026594
2026-04-02,momentum_top_quantile,-0.0044769635515784605,2.0497088865664987
2026-04-03,momentum_top_quantile,-0.00875147305406121,2.0317709144770424
2026-04-07,momentum_top_quantile,0.004033219961670066,2.039965493486852
2026-04-08,momentum_top_quantile,0.019626523628179272,2.080002924445442
2026-04-09,momentum_top_quantile,-0.007207053588220592,2.065012231905308
2026-04-10,momentum_top_quantile,-0.0011181355638624215,2.062703268289004
2026-04-13,momentum_top_quantile,-0.0017953428105587504,2.0590000088059655
2026-04-14,momentum_top_quantile,0.01700121993694075,2.0940055208058386
2026-04-15,momentum_top_quantile,-0.0018252932421298552,2.090183346679729
2026-04-16,momentum_top_quantile,0.015545494263375748,2.122676279904942
2026-04-17,momentum_top_quantile,0.0028509274862945403,2.1287278760558284
2026-04-20,momentum_top_quantile,0.005554578791575623,2.140552062769204
2026-04-21,momentum_top_quantile,-0.0026699811501249447,2.1348368291107493
2026-04-22,momentum_top_quantile,0.01251072498546546,2.161545185568597
2026-04-23,momentum_top_quantile,-0.008556297944085457,2.143050360941269
2026-04-24,momentum_top_quantile,0.0002846085754146688,2.1436602914515386
2026-04-27,momentum_top_quantile,0.015096207244181453,2.1760214314724133
2026-04-28,momentum_top_quantile,-0.001962195864238247,2.1717516512190844
2026-04-29,momentum_top_quantile,0.006726777012871743,2.1863605403041713
2026-04-30,momentum_top_quantile,0.01436108405388884,2.2177590477955853
2026-05-06,momentum_top_quantile,0.026127821950401562,2.2757042613252803
2026-05-07,momentum_top_quantile,0.002148553532194231,2.2805937337541806
2026-05-08,momentum_top_quantile,-0.008168254004701126,2.2619652648553465
2026-05-11,momentum_top_quantile,0.026846874668751738,2.322691962825988
2026-05-12,momentum_top_quantile,-0.002959225485427375,2.315818593574796
2026-05-13,momentum_top_quantile,0.027552491516993613,2.379625165729162
2026-05-14,momentum_top_quantile,-0.013296991597444865,2.3479833098953926
2026-05-15,momentum_top_quantile,-0.009114530287330901,2.3265825449032036
2026-05-18,momentum_top_quantile,-0.006574279625791005,2.3112869406805254
2026-05-19,momentum_top_quantile,0.005249064215571619,2.3234190342527694
2026-05-20,momentum_top_quantile,0.01051770140386511,2.347856061891097
2026-05-21,momentum_top_quantile,-0.011727933933071777,2.320320561112876
2026-05-22,momentum_top_quantile,0.017012695820507486,2.3597954690251584
2026-05-25,momentum_top_quantile,0.030758784474552256,2.4323799092609284
2026-05-26,momentum_top_quantile,-0.0016629606102702033,2.428334957282615
2026-05-27,momentum_top_quantile,-0.011836108113553945,2.3995929221922956
2026-05-28,momentum_top_quantile,0.002850577712983815,2.406433148296531
2026-05-29,momentum_top_quantile,-0.01546815164054768,2.3692100754458396
2026-06-01,momentum_top_quantile,-0.010378081739966651,2.34462221962371
2026-06-02,momentum_top_quantile,0.00598517621996061,2.358655196777393
2026-06-03,momentum_top_quantile,0.01801011370470723,2.4011348450615526
2026-06-04,momentum_top_quantile,-0.003965569625162902,2.3916129776540562
2026-06-05,momentum_top_quantile,-0.02812874647752938,2.3243399025332563
2026-06-08,momentum_top_quantile,-0.0345551291485682,2.244022037016049
2026-06-09,momentum_top_quantile,0.0050582369931411195,2.2553728322971076
2026-06-10,momentum_top_quantile,-0.01989413241182114,2.210504146533365
2026-06-11,momentum_top_quantile,-0.0018375342477783387,2.2064422694592536
2026-06-12,momentum_top_quantile,0.007843305585621952,2.2237480704356556
2026-06-15,momentum_top_quantile,0.010199116360841047,2.2464283357632246
2026-06-16,momentum_top_quantile,-0.0021483718981102793,2.2416021722555524
2026-06-17,momentum_top_quantile,-0.002011121047996756,2.237094038945694
2026-06-18,momentum_top_quantile,-0.010178757186372312,2.214323201920185
2026-06-22,momentum_top_quantile,0.01481680832193529,2.2471324043658503
2026-06-23,momentum_top_quantile,-0.0315609483155588,2.1762107746934425
2026-06-24,momentum_top_quantile,0.018770423117231216,2.217059171726716
2026-06-25,momentum_top_quantile,0.018903951707049962,2.25897035124071
2026-06-26,momentum_top_quantile,-0.022144468034973823,2.2089466545057066
2026-06-29,momentum_top_quantile,0.013170866816970465,2.238040396697994
2026-06-30,momentum_top_quantile,0.021555091028397564,2.2862815611740497
2026-07-01,momentum_top_quantile,-0.004410263895684807,2.276198456149434
2026-07-02,momentum_top_quantile,-0.04769667673312672,2.1676313542060326
2026-07-03,momentum_top_quantile,-0.04439497868123731,2.071399406447274
2026-07-06,momentum_top_quantile,-0.0011145981013294753,2.069090628601753
2026-07-07,momentum_top_quantile,-0.00886184379062521,2.050754670662438
2026-07-08,momentum_top_quantile,-8.14555028471389e-05,2.050587625409523
2026-07-09,momentum_top_quantile,-0.0017729497677548283,2.0469520365552922
2026-07-10,momentum_top_quantile,-0.00044584594512261347,2.0460394112899336
2026-07-13,momentum_top_quantile,-0.0033502057411592887,2.039184758307592
2026-07-14,momentum_top_quantile,0.011995873134848513,2.0636465599667666
2026-07-15,momentum_top_quantile,-0.008939014920637357,2.045199592576302
2026-07-16,momentum_top_quantile,-0.019312562817952208,2.005701546969422
2026-07-17,momentum_top_quantile,-0.031065612516518973,1.9433931998874872
2026-07-20,momentum_top_quantile,0.012369101746715967,1.9674312281107715
2026-07-21,momentum_top_quantile,-0.0038498908661965814,1.959856832595798
2026-07-22,momentum_top_quantile,0.007214290639614684,1.9739958093981786
2026-07-23,momentum_top_quantile,0.00466398379447217,1.9832024938635677
2026-07-24,momentum_top_quantile,-0.012751985322069358,1.957912724771128
2026-07-27,momentum_top_quantile,-0.0010146237181584137,1.9559261800824912
2026-07-28,momentum_top_quantile,-0.015214984065062952,1.9261667944200966
2026-07-29,momentum_top_quantile,0.009735077653115898,1.9449181777366298
2026-07-30,momentum_top_quantile,0.0001500264657662622,1.9452099669370404
2026-07-31,momentum_top_quantile,0.002804364291357298,1.950665044307511
2026-08-03,momentum_top_quantile,-0.002518278679093597,1.9457527261163783
2026-08-04,momentum_top_quantile,-0.001635029805420174,1.9425713624152003
2026-08-05,momentum_top_quantile,0.002287079112874102,1.9470141768034477
2026-08-06,momentum_top_quantile,-0.0034332228877295813,1.940329643168912
2026-08-07,momentum_top_quantile,0.0019896225004042535,1.9441901666851624
2026-08-10,momentum_top_quantile,0.005705557578898609,1.9552828556255133
2026-08-11,momentum_top_quantile,-0.002106911041956916,1.9511632485868469
2026-08-12,momentum_top_quantile,0.007584560206413605,1.9659619637182952
2026-08-13,momentum_top_quantile,-0.004417021451735204,1.9572782675512561
2026-08-14,momentum_top_quantile,0.009732222367102429,1.9763269348853618
2026-08-17,momentum_top_quantile,0.0195094736775455,2.0148840331997317
2026-08-18,momentum_top_quantile,-0.003714537605381008,2.0073996706879296
2026-08-19,momentum_top_quantile,-0.03007166386910847,1.9470338225400432
2026-08-20,momentum_top_quantile,0.006534404343429967,1.9597565288068537
2026-08-21,momentum_top_quantile,0.0017947198861548495,1.9632737428211249
2018-01-02,crowding_top_quantile,0.0,1.0
2018-01-03,crowding_top_quantile,0.0,1.0
2018-01-04,crowding_top_quantile,0.0,1.0
2018-01-05,crowding_top_quantile,0.0,1.0
2018-01-08,crowding_top_quantile,0.0,1.0
2018-01-09,crowding_top_quantile,0.0,1.0
2018-01-10,crowding_top_quantile,0.0,1.0
2018-01-11,crowding_top_quantile,0.0,1.0
2018-01-12,crowding_top_quantile,0.0,1.0
2018-01-15,crowding_top_quantile,0.0,1.0
2018-01-16,crowding_top_quantile,0.0,1.0
2018-01-17,crowding_top_quantile,0.0,1.0
2018-01-18,crowding_top_quantile,0.0,1.0
2018-01-19,crowding_top_quantile,0.0,1.0
2018-01-22,crowding_top_quantile,0.0,1.0
2018-01-23,crowding_top_quantile,0.0,1.0
2018-01-24,crowding_top_quantile,0.0,1.0
2018-01-25,crowding_top_quantile,0.0,1.0
2018-01-26,crowding_top_quantile,0.0,1.0
2018-01-29,crowding_top_quantile,0.0,1.0
2018-01-30,crowding_top_quantile,0.0,1.0
2018-01-31,crowding_top_quantile,0.0,1.0
2018-02-01,crowding_top_quantile,0.0,1.0
2018-02-02,crowding_top_quantile,0.0,1.0
2018-02-05,crowding_top_quantile,0.0,1.0
2018-02-06,crowding_top_quantile,0.0,1.0
2018-02-07,crowding_top_quantile,0.0,1.0
2018-02-08,crowding_top_quantile,0.0,1.0
2018-02-09,crowding_top_quantile,0.0,1.0
2018-02-12,crowding_top_quantile,0.0,1.0
2018-02-13,crowding_top_quantile,0.0,1.0
2018-02-14,crowding_top_quantile,0.0,1.0
2018-02-22,crowding_top_quantile,-0.00018000000000000004,0.99982
2018-02-23,crowding_top_quantile,0.001729455393288715,1.001549144091318
2018-02-26,crowding_top_quantile,0.009424299173197323,1.0109880428618945
2018-02-27,crowding_top_quantile,-0.0014955720848886856,1.009476037366834
2018-02-28,crowding_top_quantile,-0.0024571366500825923,1.0069956167980396
2018-03-01,crowding_top_quantile,0.001214883772844988,1.0082189994322135
2018-03-02,crowding_top_quantile,-0.0013867070162471686,1.0068208950717872
2018-03-05,crowding_top_quantile,0.0029066906343545125,1.0097474119379648
2018-03-06,crowding_top_quantile,0.0018928800130244231,1.0116587426322254
2018-03-07,crowding_top_quantile,-0.0021797144529567825,1.00945361544945
2018-03-08,crowding_top_quantile,0.0008451552009585363,1.0103067604226734
2018-03-09,crowding_top_quantile,0.006459646679759945,1.0168329851331768
2018-03-12,crowding_top_quantile,0.004584434855173179,1.021494589712111
2018-03-13,crowding_top_quantile,-0.0014101567470226617,1.0200541222243815
2018-03-14,crowding_top_quantile,-0.0036890224636682463,1.0162911196533384
2018-03-15,crowding_top_quantile,0.00046712175293327495,1.0167658513426414
2018-03-16,crowding_top_quantile,-0.000679460506636731,1.0160749991021572
2018-03-19,crowding_top_quantile,0.0003274146095639499,1.016407676901276
2018-03-20,crowding_top_quantile,-0.0003353673122803326,1.0160668069904926
2018-03-21,crowding_top_quantile,-0.002129333351535101,1.01390326205098
2018-03-22,crowding_top_quantile,-9.554161042925064e-05,1.0138063921005043
2018-03-23,crowding_top_quantile,-0.016816859496685307,0.9967573524477086
2018-03-26,crowding_top_quantile,0.0055183846888852105,1.0022578429599898
2018-03-27,crowding_top_quantile,0.007880907289540606,1.0101565441005722
2018-03-28,crowding_top_quantile,-0.004101727497715769,1.0060131572266373
2018-03-29,crowding_top_quantile,-0.0017277067475309773,1.004275061506792
2018-03-30,crowding_top_quantile,0.008704018037949757,1.0130162897572101
2018-04-02,crowding_top_quantile,0.002220268385046041,1.0152654577988947
2018-04-03,crowding_top_quantile,-0.0034596344585528962,1.011753010436515
2018-04-04,crowding_top_quantile,-0.0030621499430110166,1.0086548710132657
2018-04-09,crowding_top_quantile,0.002631993403762119,1.0113096439804452
2018-04-10,crowding_top_quantile,0.0013385103701517686,1.0126632924263475
2018-04-11,crowding_top_quantile,0.00044566131680950916,1.013114597282735
2018-04-12,crowding_top_quantile,-0.003883398358827351,1.0091802697183432
2018-04-13,crowding_top_quantile,-0.0014574369166610703,1.0077094531376896
2018-04-16,crowding_top_quantile,-0.003388427367311894,1.004294902848379
2018-04-17,crowding_top_quantile,-0.001032456059506026,1.0032580124904023
2018-04-18,crowding_top_quantile,0.005900283770688209,1.0091775194593124
2018-04-19,crowding_top_quantile,0.006629280227172996,1.0158676400347715
2018-04-20,crowding_top_quantile,-0.004569179299596715,1.0112259586427943
2018-04-23,crowding_top_quantile,-0.0043064395088341385,1.0068711752221362
2018-04-24,crowding_top_quantile,0.0061250495866427505,1.013038311097733
2018-04-25,crowding_top_quantile,-0.002054672415748837,1.0109568492238237
2018-04-26,crowding_top_quantile,-0.002145065050917228,1.0087882810185682
2018-04-27,crowding_top_quantile,0.0012118863278405279,1.0100108177440204
2018-05-02,crowding_top_quantile,-0.0028135521532199914,1.0071690996329812
2018-05-03,crowding_top_quantile,0.0007083597808904664,1.007882537715717
2018-05-04,crowding_top_quantile,-0.002915589404109209,1.0049439660681665
2018-05-07,crowding_top_quantile,0.0035351413430675404,1.0084965850300804
2018-05-08,crowding_top_quantile,0.0012725845318669496,1.0097799821846303
2018-05-09,crowding_top_quantile,0.0019049087635192084,1.01170352092192
2018-05-10,crowding_top_quantile,0.003607364359991028,1.0153531041461712
2018-05-11,crowding_top_quantile,-0.001018473025439448,1.0143189943983022
2018-05-14,crowding_top_quantile,-0.0013186908734272394,1.0129814211976451
2018-05-15,crowding_top_quantile,0.0013434746282399714,1.0143423360359025
2018-05-16,crowding_top_quantile,-0.0016253346108974667,1.012693690329845
2018-05-17,crowding_top_quantile,0.0005402872562109697,1.0132408358251754
2018-05-18,crowding_top_quantile,0.0035870022598626264,1.0168753329930653
2018-05-21,crowding_top_quantile,0.0020782491713359705,1.0189886533112102
2018-05-22,crowding_top_quantile,0.0019471039702510075,1.0209727301637133
2018-05-23,crowding_top_quantile,-0.008145879358935439,1.0126560094750368
2018-05-24,crowding_top_quantile,-0.0019471854304568773,1.0106841804473223
2018-05-25,crowding_top_quantile,-0.0004940936582119471,1.0101848078033082
2018-05-28,crowding_top_quantile,0.0009374783490461598,1.011131834189159
2018-05-29,crowding_top_quantile,-0.001958208623641189,1.0091518271118118
2018-05-30,crowding_top_quantile,-0.000492976970182646,1.008654338501628
2018-05-31,crowding_top_quantile,0.011443936686450185,1.020197314889954
2018-06-01,crowding_top_quantile,-0.0017537821084046114,1.0184081110920575
2018-06-04,crowding_top_quantile,0.005091759549242639,1.0235936003167365
2018-06-05,crowding_top_quantile,-0.00015689224016774957,1.0234330064237613
2018-06-06,crowding_top_quantile,0.0003043922402902744,1.0237445314893738
2018-06-07,crowding_top_quantile,-0.0006718663306564233,1.0230567120074725
2018-06-08,crowding_top_quantile,-0.002304774791869014,1.0206987966869854
2018-06-11,crowding_top_quantile,0.0003842831998342524,1.0210910340866433
2018-06-12,crowding_top_quantile,0.004675948735872126,1.025865603416691
2018-06-13,crowding_top_quantile,-0.003366452399568276,1.0224120756944344
2018-06-14,crowding_top_quantile,-0.0020739415415767406,1.0202916528180421
2018-06-15,crowding_top_quantile,0.0023322166871674434,1.022671194036522
2018-06-19,crowding_top_quantile,-0.020974798935993032,1.001220871363974
2018-06-20,crowding_top_quantile,0.00421947221345358,1.0054454950102243
2018-06-21,crowding_top_quantile,-0.000575431511879365,1.0048669299889184
2018-06-22,crowding_top_quantile,-0.0038668465690646194,1.0009812637483242
2018-06-25,crowding_top_quantile,0.0002282036705596259,1.001209691346873
2018-06-26,crowding_top_quantile,-0.0036725660553184165,0.9975326826201768
2018-06-27,crowding_top_quantile,-0.0071562690034078676,0.9903940704036558
2018-06-28,crowding_top_quantile,-0.00393890328097617,0.9864930039502835
2018-06-29,crowding_top_quantile,0.011610394902325072,0.9979465772945273
2018-07-02,crowding_top_quantile,-0.007317470176534502,0.9906441329774
2018-07-03,crowding_top_quantile,0.005869582867400514,0.9964588008080149
2018-07-04,crowding_top_quantile,-0.004935646819877815,0.9915406320966675
2018-07-05,crowding_top_quantile,-0.003450187683234407,0.9881196308203811
2018-07-06,crowding_top_quantile,0.003260961193763601,0.9913418505912823
2018-07-09,crowding_top_quantile,0.008756294765551838,1.0000223320484871
2018-07-10,crowding_top_quantile,0.0019441180435535777,1.0019664935081791
2018-07-11,crowding_top_quantile,-0.005232523152636737,0.9967236806327313
2018-07-12,crowding_top_quantile,0.009643147040614497,1.006335233643935
2018-07-13,crowding_top_quantile,0.00017378898436631873,1.006510123622122
2018-07-16,crowding_top_quantile,0.0012314895471499756,1.0077496303184632
2018-07-17,crowding_top_quantile,-0.00233192623734767,1.0053996325148462
2018-07-18,crowding_top_quantile,-0.0008929486770078211,1.0045018622431279
2018-07-19,crowding_top_quantile,-0.003267007997344784,1.001220146625832
2018-07-20,crowding_top_quantile,0.004473360313470775,1.0056989650947954
2018-07-23,crowding_top_quantile,0.0033729511234966898,1.0090911385490113
2018-07-24,crowding_top_quantile,0.006460679133411585,1.0156105526115455
2018-07-25,crowding_top_quantile,0.0005739338872164822,1.016193445923904
2018-07-26,crowding_top_quantile,0.0005184758596644915,1.0167203176943649
2018-07-27,crowding_top_quantile,0.003489955656866395,1.0202686265185532
2018-07-30,crowding_top_quantile,-0.007286483513126187,1.0128344559924658
2018-07-31,crowding_top_quantile,-0.0038786726730599026,1.0089060026656744
2018-08-01,crowding_top_quantile,-0.0042619401548324555,1.004606105660462
2018-08-02,crowding_top_quantile,-0.010291699152465583,0.9942670018542745
2018-08-03,crowding_top_quantile,0.002030116992477805,0.9962854801897989
2018-08-06,crowding_top_quantile,-0.0051034521640626815,0.9912009848999
2018-08-07,crowding_top_quantile,0.007431702900538484,0.9985672961343972
2018-08-08,crowding_top_quantile,-0.006081035280391167,0.9924949731767592
2018-08-09,crowding_top_quantile,0.006972880142152095,0.9994155216664091
2018-08-10,crowding_top_quantile,0.00034687693186452595,0.9997621958562224
2018-08-13,crowding_top_quantile,-0.002724964253810738,0.9970378796102028
2018-08-14,crowding_top_quantile,-4.055657432721076e-05,0.9969974431693314
2018-08-15,crowding_top_quantile,-0.005707889397338296,0.9913066920342917
2018-08-16,crowding_top_quantile,-0.005821027181993121,0.9855362688342684
2018-08-17,crowding_top_quantile,-0.0032835689326734417,0.9823001925599013
2018-08-20,crowding_top_quantile,7.837387757853275e-05,0.9823771792349383
2018-08-21,crowding_top_quantile,0.0012841251454387748,0.983638674473099
2018-08-22,crowding_top_quantile,0.0007482739876622737,0.9843747057064659
2018-08-23,crowding_top_quantile,0.0014007313699536228,0.9857535502365378
2018-08-24,crowding_top_quantile,0.0012820148802692999,0.9870173009562192
2018-08-27,crowding_top_quantile,0.0036607144143980547,0.99063048941709
2018-08-28,crowding_top_quantile,0.002167545341609778,0.9927777259196825
2018-08-29,crowding_top_quantile,-0.00010120987851599541,0.9926772470066487
2018-08-30,crowding_top_quantile,-0.0006384971514162953,0.9920434254121592
2018-08-31,crowding_top_quantile,-0.0021735810166622184,0.9898871386549788
2018-09-03,crowding_top_quantile,-0.00014511710962626697,0.989743489094561
2018-09-04,crowding_top_quantile,0.0031052539651496456,0.992816893988553
2018-09-05,crowding_top_quantile,-0.005861545636609322,0.9869974524556423
2018-09-06,crowding_top_quantile,-0.006141720099746884,0.9809355903634965
2018-09-07,crowding_top_quantile,-0.0007367314741165477,0.9802129042399946
2018-09-10,crowding_top_quantile,-0.001720257606046163,0.9785266855359311
2018-09-11,crowding_top_quantile,0.004478499727430508,0.9829090170303874
2018-09-12,crowding_top_quantile,0.002354096633137193,0.9852228798380588
2018-09-13,crowding_top_quantile,0.002052524020389435,0.9872450734643636
2018-09-14,crowding_top_quantile,-0.0018762312404633334,0.9853927734155363
2018-09-17,crowding_top_quantile,-0.002166554675576924,0.9832578660950132
2018-09-18,crowding_top_quantile,0.005509576146688078,0.9886752001800937
2018-09-19,crowding_top_quantile,0.005663286158759795,0.9942743507567827
2018-09-20,crowding_top_quantile,-0.0016401185245238927,0.9926436229756475
2018-09-21,crowding_top_quantile,0.009563358932671484,1.002136630234391
2018-09-25,crowding_top_quantile,-0.0012706789316202704,1.0008632363317473
2018-09-26,crowding_top_quantile,0.002802989973906245,1.0036686459484365
2018-09-27,crowding_top_quantile,-0.002097386982473859,1.001563564395707
2018-09-28,crowding_top_quantile,0.003189399338319454,1.0047579505652755
2018-10-08,crowding_top_quantile,-0.01195187384137306,0.9927492102990028
2018-10-09,crowding_top_quantile,0.0008851838793582534,0.993627975896205
2018-10-10,crowding_top_quantile,0.0006004539916685924,0.9942246037805655
2018-10-11,crowding_top_quantile,-0.017657416479860303,0.976669165877088
2018-10-12,crowding_top_quantile,0.0033952246568729754,0.9799851771106813
2018-10-15,crowding_top_quantile,-0.002480682471993909,0.977554145059009
2018-10-16,crowding_top_quantile,-0.002965881018477479,0.9746548357756444
2018-10-17,crowding_top_quantile,0.005079704859371526,0.979605794681144
2018-10-18,crowding_top_quantile,-0.00958896044210088,0.9702123934670936
2018-10-19,crowding_top_quantile,0.006356972274338757,0.9763800067525839
2018-10-22,crowding_top_quantile,0.012804056799694196,0.9888816318171296
2018-10-23,crowding_top_quantile,-0.012309140638691164,0.9767093487360742
2018-10-24,crowding_top_quantile,-0.0019898298570411813,0.9747658633123079
2018-10-25,crowding_top_quantile,-0.00521624853226188,0.969681242308506
2018-10-26,crowding_top_quantile,-0.001941141074304864,0.967798954220078
2018-10-29,crowding_top_quantile,-0.008497120633096041,0.9595754497574858
2018-10-30,crowding_top_quantile,0.004724924718996693,0.9641093715197873
2018-10-31,crowding_top_quantile,0.00232284757113872,0.9663488506317341
2018-11-01,crowding_top_quantile,0.0040022467735212125,0.9702164172012709
2018-11-02,crowding_top_quantile,0.015076541728707541,0.984843925501083
2018-11-05,crowding_top_quantile,-0.004336851029768665,0.9805728041086123
2018-11-06,crowding_top_quantile,-0.002292351946376537,0.9783249861325499
2018-11-07,crowding_top_quantile,-0.0032626065430703794,0.9751330966315446
2018-11-08,crowding_top_quantile,-0.004681163428912627,0.9705683392412706
2018-11-09,crowding_top_quantile,-0.002085208203888256,0.9685445021778505
2018-11-12,crowding_top_quantile,0.008601859925756324,0.9768757863174456
2018-11-13,crowding_top_quantile,0.0045039339972285375,0.9812755703825102
2018-11-14,crowding_top_quantile,-0.005801576738773073,0.9755826248590527
2018-11-15,crowding_top_quantile,0.008504318646103348,0.9838792903664559
2018-11-16,crowding_top_quantile,0.005705315076490924,0.9894926317152309
2018-11-19,crowding_top_quantile,0.005094106576689275,0.994533212638037
2018-11-20,crowding_top_quantile,-0.012657578914202551,0.9819448300162755
2018-11-21,crowding_top_quantile,0.00045180258147426973,0.9823884752253423
2018-11-22,crowding_top_quantile,-0.0006769194447903694,0.9817234773641242
2018-11-23,crowding_top_quantile,-0.012892668415547382,0.9690664420947105
2018-11-26,crowding_top_quantile,0.002217082318026456,0.9712149421684716
2018-11-27,crowding_top_quantile,0.0026419101504920775,0.973780804782496
2018-11-28,crowding_top_quantile,0.009991604270484511,0.9835104372300767
2018-11-29,crowding_top_quantile,-0.012220011336226723,0.9714919285378278
2018-11-30,crowding_top_quantile,0.005908356066319032,0.9772318487671844
2018-12-03,crowding_top_quantile,0.01694775638809571,0.993793736074779
2018-12-04,crowding_top_quantile,-0.0001810547260794994,0.9936138050221145
2018-12-05,crowding_top_quantile,-0.0038492818322088283,0.9897891054542111
2018-12-06,crowding_top_quantile,-0.00803438350736826,0.9818367601895769
2018-12-07,crowding_top_quantile,-3.5185530975456714e-05,0.9818022137418384
2018-12-10,crowding_top_quantile,-0.0070928581450588925,0.9748384299132627
2018-12-11,crowding_top_quantile,0.002703706842519504,0.9774741072465702
2018-12-12,crowding_top_quantile,0.0023122585830984924,0.9797342801408078
2018-12-13,crowding_top_quantile,0.005634555098199091,0.9852546469238556
2018-12-14,crowding_top_quantile,-0.010486668554427815,0.9749226079998553
2018-12-17,crowding_top_quantile,-0.0024583249654013973,0.972525931413275
2018-12-18,crowding_top_quantile,-0.004062164303079708,0.9685753712908687
2018-12-19,crowding_top_quantile,-0.0019231073341237973,0.9667126968906875
2018-12-20,crowding_top_quantile,-0.0032511841884675374,0.9635697358557658
2018-12-21,crowding_top_quantile,-0.0012030619088886918,0.9624105018099998
2018-12-24,crowding_top_quantile,-0.0009660485330430312,0.961480766556541
2018-12-25,crowding_top_quantile,-0.012413897269016105,0.9495450430943733
2018-12-26,crowding_top_quantile,-0.0016150850545164186,0.9480114470866814
2018-12-27,crowding_top_quantile,0.01477800967211872,0.9620211694210076
2018-12-28,crowding_top_quantile,-0.0006632176939472489,0.9613831399594958
2019-01-02,crowding_top_quantile,-0.0044328562743990475,0.9571214666754249
2019-01-03,crowding_top_quantile,0.0025651728696011516,0.9595766486946536
2019-01-04,crowding_top_quantile,0.007195521209945965,0.9664813028229049
2019-01-07,crowding_top_quantile,0.012328469439929383,0.9783965380290203
2019-01-08,crowding_top_quantile,0.0008368765408659051,0.9792153351393612
2019-01-09,crowding_top_quantile,0.005168904018611387,0.984276805220249
2019-01-10,crowding_top_quantile,-0.003908508831690505,0.9804297506342176
2019-01-11,crowding_top_quantile,0.003636253636240749,0.9839948418800397
2019-01-14,crowding_top_quantile,-0.005857060462555771,0.9782315245963054
2019-01-15,crowding_top_quantile,0.007009921165040178,0.9850888504648826
2019-01-16,crowding_top_quantile,-0.004422944139300989,0.9807318575070282
2019-01-17,crowding_top_quantile,-0.0035596198113304724,0.9772408249574432
2019-01-18,crowding_top_quantile,0.006824095242404061,0.9839096094217185
2019-01-21,crowding_top_quantile,0.0008125371910733192,0.9847090725720279
2019-01-22,crowding_top_quantile,-0.006454629123516065,0.978353140714014
2019-01-23,crowding_top_quantile,-0.0006546928838009003,0.9777126198749443
2019-01-24,crowding_top_quantile,0.004115844734857155,0.9817367332136601
2019-01-25,crowding_top_quantile,0.000997647483972286,0.9827161603954739
2019-01-28,crowding_top_quantile,0.0007913820835856055,0.983493864358061
2019-01-29,crowding_top_quantile,-0.003790525052509275,0.9797659062262225
2019-01-30,crowding_top_quantile,-0.002183811211613585,0.9776262824554489
2019-01-31,crowding_top_quantile,0.005365459673732608,0.9828716968499448
2019-02-01,crowding_top_quantile,0.008046144585457271,0.9907800246317531
2019-02-11,crowding_top_quantile,0.00404657614612189,0.994789291445482
2019-02-12,crowding_top_quantile,0.004662585851518686,0.9994275819210179
2019-02-13,crowding_top_quantile,0.011870650046128218,1.0112914369924506
2019-02-14,crowding_top_quantile,0.002660404822826923,1.013981881608709
2019-02-15,crowding_top_quantile,-0.006544382708958908,1.0073459961155113
2019-02-18,crowding_top_quantile,0.024081642867818807,1.0316045426382923
2019-02-19,crowding_top_quantile,-0.00021600938346481017,1.0313817063770574
2019-02-20,crowding_top_quantile,0.0011756746818781694,1.0325942757365971
2019-02-21,crowding_top_quantile,-0.00026004433540447467,1.0323257554444207
2019-02-22,crowding_top_quantile,0.016741983780389314,1.0496089364981493
2019-02-25,crowding_top_quantile,0.032033124245783626,1.0832311899704794
2019-02-26,crowding_top_quantile,-0.009775683261638557,1.0726418649582001
2019-02-27,crowding_top_quantile,-0.00015266048434771102,1.072478114931564
2019-02-28,crowding_top_quantile,-0.0027318923582133063,1.0695482201650315
2019-03-01,crowding_top_quantile,0.011850785148718047,1.082223206328401
2019-03-04,crowding_top_quantile,0.00986195408441914,1.0928960418983045
2019-03-05,crowding_top_quantile,0.007119007876741113,1.1006763774290378
2019-03-06,crowding_top_quantile,0.008231686714537566,1.1097368005421258
2019-03-07,crowding_top_quantile,-0.0013644157995184258,1.1082226581181591
2019-03-08,crowding_top_quantile,-0.02163853114124207,1.0842423476190393
2019-03-11,crowding_top_quantile,0.014607974773634784,1.1000809324815648
2019-03-12,crowding_top_quantile,0.009245036392696427,1.1102512207372681
2019-03-13,crowding_top_quantile,-0.013521214507845837,1.0952392758240819
2019-03-14,crowding_top_quantile,-0.009331748785726136,1.0850187780418308
2019-03-15,crowding_top_quantile,0.00623012863601382,1.091778584601522
2019-03-18,crowding_top_quantile,0.018792184573556858,1.1122954892768104
2019-03-19,crowding_top_quantile,-0.00046418669216993227,1.1117791765129275
2019-03-20,crowding_top_quantile,-0.0007412008648866932,1.110955124825733
2019-03-21,crowding_top_quantile,0.003119370783449959,1.1144206057838384
2019-03-22,crowding_top_quantile,-0.0006128201724518999,1.113737666356018
2019-03-25,crowding_top_quantile,-0.004699146131179402,1.1085040503100123
2019-03-26,crowding_top_quantile,-0.008619528319342217,1.0989492682562596
2019-03-27,crowding_top_quantile,0.0028282818056642235,1.1020574064770168
2019-03-28,crowding_top_quantile,-0.0028841105902978953,1.0988789510398802
2019-03-29,crowding_top_quantile,0.015447457068524482,1.115853836459574
2019-04-01,crowding_top_quantile,0.010716159893985526,1.127811504589392
2019-04-02,crowding_top_quantile,6.856734933737853e-05,1.127888835634814
2019-04-03,crowding_top_quantile,0.0037027718054738813,1.1320651506151114
2019-04-04,crowding_top_quantile,0.005696711354371742,1.1385141990125092
2019-04-08,crowding_top_quantile,0.0009230732404558251,1.1395651310034967
2019-04-09,crowding_top_quantile,-0.002477109293818236,1.1367423036265767
2019-04-10,crowding_top_quantile,-0.002620163699665601,1.1337638527067402
2019-04-11,crowding_top_quantile,-0.009221990671472658,1.1233082930334257
2019-04-12,crowding_top_quantile,-0.0007262293983941625,1.122492513527565
2019-04-15,crowding_top_quantile,-0.0032626954718876313,1.1188301622864507
2019-04-16,crowding_top_quantile,0.008230173627581362,1.1280383287818432
2019-04-17,crowding_top_quantile,0.0015455157854332826,1.1297817298255495
2019-04-18,crowding_top_quantile,-0.0023030023816647317,1.127179839811
2019-04-19,crowding_top_quantile,0.003986167021812115,1.131672966916106
2019-04-22,crowding_top_quantile,-0.004969207628080117,1.1260494489764146
2019-04-23,crowding_top_quantile,-0.004771624411852538,1.1206763639367257
2019-04-24,crowding_top_quantile,0.0032869241022021826,1.1243599420881176
2019-04-25,crowding_top_quantile,-0.009250302880215389,1.1139592720774212
2019-04-26,crowding_top_quantile,-0.0019178708147378767,1.1118228421006973
2019-04-29,crowding_top_quantile,-0.005753029846959122,1.105426492105561
2019-04-30,crowding_top_quantile,0.002412535894834844,1.108093373196867
2019-05-06,crowding_top_quantile,-0.02402530306322326,1.0814710940834629
2019-05-07,crowding_top_quantile,0.007218001467493118,1.0892771540276087
2019-05-08,crowding_top_quantile,-0.006589535483869303,1.0820993235693757
2019-05-09,crowding_top_quantile,-0.006940933465256861,1.0745885441616811
2019-05-10,crowding_top_quantile,0.01623861249951082,1.0920383711267363
2019-05-13,crowding_top_quantile,-0.006113469414732928,1.0853622279451383
2019-05-14,crowding_top_quantile,-0.00564327297130457,1.0792372326201005
2019-05-15,crowding_top_quantile,0.011743445772555195,1.0919111965370971
2019-05-16,crowding_top_quantile,0.004340217282999537,1.0966503283838083
2019-05-17,crowding_top_quantile,-0.0036885725173325216,1.092605254121408
2019-05-20,crowding_top_quantile,-0.005078380657677904,1.0870565887324006
2019-05-21,crowding_top_quantile,0.0005390596191625742,1.0876425770431308
2019-05-22,crowding_top_quantile,-0.0023996528896003573,1.085032612390277
2019-05-23,crowding_top_quantile,-0.005941407163773349,1.0785859918540937
2019-05-24,crowding_top_quantile,-0.0012447671555062768,1.0772434034370446
2019-05-27,crowding_top_quantile,0.004369073532619357,1.0819499590791903
2019-05-28,crowding_top_quantile,0.00048610174390459885,1.0824758968411163
2019-05-29,crowding_top_quantile,-0.0040646529629440155,1.0780760079797056
2019-05-30,crowding_top_quantile,-0.0012137825707090987,1.0767674581113202
2019-05-31,crowding_top_quantile,-0.004254063273483855,1.0721868212136862
2019-06-03,crowding_top_quantile,-0.003629322662284842,1.0682955092852522
2019-06-04,crowding_top_quantile,-0.0018807733486195244,1.0662862875629386
2019-06-05,crowding_top_quantile,0.0027103215912663964,1.069176266310592
2019-06-06,crowding_top_quantile,-0.0006917064896777793,1.0684367101485754
2019-06-10,crowding_top_quantile,0.00679252294261236,1.075694091014989
2019-06-11,crowding_top_quantile,-0.0009612388468952182,1.0746600920673297
2019-06-12,crowding_top_quantile,-0.00030757818484975484,1.0743295500668812
2019-06-13,crowding_top_quantile,0.0004221362639948434,1.0747830635294457
2019-06-14,crowding_top_quantile,0.001631644713666325,1.0765367276333917
2019-06-17,crowding_top_quantile,-0.002524743248697434,1.0738187487983244
2019-06-18,crowding_top_quantile,0.00047918738148632344,1.0743333091927518
2019-06-19,crowding_top_quantile,0.004650687414039167,1.0793296975922975
2019-06-20,crowding_top_quantile,0.006831050520557991,1.0867026532848891
2019-06-21,crowding_top_quantile,0.003025509825936923,1.0899904828402742
2019-06-24,crowding_top_quantile,0.00033846048860181093,1.0903594015516678
2019-06-25,crowding_top_quantile,-0.0017785606400836816,1.088420131236523
2019-06-26,crowding_top_quantile,-0.003372853395994213,1.0847490497006134
2019-06-27,crowding_top_quantile,0.004465310085887586,1.0895927905728984
2019-06-28,crowding_top_quantile,-9.874592481435847e-05,1.089485197725122
2019-07-01,crowding_top_quantile,0.009454133576950694,1.099785336314526
2019-07-02,crowding_top_quantile,-0.00036588821442514743,1.099382937821571
2019-07-03,crowding_top_quantile,-0.00388442590694138,1.0951124662562475
2019-07-04,crowding_top_quantile,-0.0027430196970537946,1.0921085511908175
2019-07-05,crowding_top_quantile,0.002894928586824064,1.0952701274555747
2019-07-08,crowding_top_quantile,-0.008123213782610014,1.0863730140605465
2019-07-09,crowding_top_quantile,-0.0015018073668319198,1.084741491064903
2019-07-10,crowding_top_quantile,0.0009351894250114402,1.0857559298362178
2019-07-11,crowding_top_quantile,0.0019778437769574554,1.087903385445339
2019-07-12,crowding_top_quantile,0.0011162504069109902,1.0891177580420222
2019-07-15,crowding_top_quantile,0.004745854601087921,1.0942865525651524
2019-07-16,crowding_top_quantile,0.00142708236244522,1.095848189603779
2019-07-17,crowding_top_quantile,3.490993380258502e-05,1.0958864455915358
2019-07-18,crowding_top_quantile,0.002497798037738708,1.0986237486049188
2019-07-19,crowding_top_quantile,0.00520795569128607,1.104345332409048
2019-07-22,crowding_top_quantile,-0.002536913253599147,1.101543704098709
2019-07-23,crowding_top_quantile,5.642090099956527e-05,1.1016058541869849
2019-07-24,crowding_top_quantile,0.0033249682612488396,1.1052686586885625
2019-07-25,crowding_top_quantile,0.001273203629714126,1.1066758907566139
2019-07-26,crowding_top_quantile,-0.0034168047114471966,1.1028945953590317
2019-07-29,crowding_top_quantile,0.0005664198069529249,1.1035192967028242
2019-07-30,crowding_top_quantile,-0.0006743191818613937,1.1027751724735033
2019-07-31,crowding_top_quantile,-0.0008342003624038696,1.101855237024976
2019-08-01,crowding_top_quantile,-0.0052202442358508135,1.0961032835751543
2019-08-02,crowding_top_quantile,-0.0037977755346134566,1.091940529341383
2019-08-05,crowding_top_quantile,-0.00070816922437509,1.0911672506636556
2019-08-06,crowding_top_quantile,-0.002983919323809681,1.087911295618892
2019-08-07,crowding_top_quantile,-0.0009755457434180935,1.0868499883852347
2019-08-08,crowding_top_quantile,0.005816592757326245,1.0931717521559763
2019-08-09,crowding_top_quantile,-0.0022689116443094905,1.0906914420382794
2019-08-12,crowding_top_quantile,0.0035906287294237083,1.0946077100649985
2019-08-13,crowding_top_quantile,0.004535542278373673,1.099572349612232
2019-08-14,crowding_top_quantile,-0.0030731020297373735,1.0961932515927955
2019-08-15,crowding_top_quantile,0.004615041971104562,1.101252229457338
2019-08-16,crowding_top_quantile,0.0021782288065820055,1.1036510087868545
2019-08-19,crowding_top_quantile,0.008992605360277304,1.1135757067643466
2019-08-20,crowding_top_quantile,0.0004326966962235446,1.1140575472936585
2019-08-21,crowding_top_quantile,0.0008588952598022171,1.1150144060401759
2019-08-22,crowding_top_quantile,0.0010660008920288734,1.1162030123916398
2019-08-23,crowding_top_quantile,-0.001863064515640167,1.1141234541670022
2019-08-26,crowding_top_quantile,0.0019249658261883424,1.1162681037424287
2019-08-27,crowding_top_quantile,0.007769477377664891,1.1249409235218644
2019-08-28,crowding_top_quantile,0.0015466170711401215,1.1266807763582072
2019-08-29,crowding_top_quantile,0.004380040576305522,1.1316156838751994
2019-08-30,crowding_top_quantile,-0.0001814189585134904,1.1314103873363932
2019-09-02,crowding_top_quantile,0.010787257159568351,1.1436152021375978
2019-09-03,crowding_top_quantile,0.0018479133439951777,1.1457285039300238
2019-09-04,crowding_top_quantile,0.007220721025545174,1.1540014898279178
2019-09-05,crowding_top_quantile,0.0016207066527549885,1.155871787719771
2019-09-06,crowding_top_quantile,-0.006818734281020611,1.1479902051363817
2019-09-09,crowding_top_quantile,0.0009612597807488093,1.149093721949273
2019-09-10,crowding_top_quantile,-0.00584770168619746,1.1423741646538312
2019-09-11,crowding_top_quantile,-0.0014303682697013767,1.1407401488965838
2019-09-12,crowding_top_quantile,0.002654394412119221,1.1437681231734949
2019-09-16,crowding_top_quantile,-0.0011771107033694684,1.1424217814735345
2019-09-17,crowding_top_quantile,-0.012056950962402257,1.128647658075928
2019-09-18,crowding_top_quantile,0.0014452972967313295,1.1302788894851072
2019-09-19,crowding_top_quantile,0.0031312374263983036,1.133818061046131
2019-09-20,crowding_top_quantile,0.0017893809630531777,1.135846893500133
2019-09-23,crowding_top_quantile,0.001586395798193487,1.1376487962393727
2019-09-24,crowding_top_quantile,0.00017332987901664821,1.1378459847675884
2019-09-25,crowding_top_quantile,-0.013448421165528412,1.1225437527429285
2019-09-26,crowding_top_quantile,-0.011026471960297525,1.1101660555291015
2019-09-27,crowding_top_quantile,0.0027743297917072756,1.1132460222906981
2019-09-30,crowding_top_quantile,-0.0047315712978697605,1.1079786193641599
2019-10-08,crowding_top_quantile,-0.0037525611041706285,1.1038208618928813
2019-10-09,crowding_top_quantile,0.005851756778049756,1.1102801531032158
2019-10-10,crowding_top_quantile,0.004220702800076803,1.1149663156542884
2019-10-11,crowding_top_quantile,0.001667429546359833,1.1168254434322065
2019-10-14,crowding_top_quantile,0.00476157480265588,1.1221432913226184
2019-10-15,crowding_top_quantile,-0.004476141879032958,1.1171204187420534
2019-10-16,crowding_top_quantile,-9.311004477271503e-05,1.1170164036098478
2019-10-17,crowding_top_quantile,0.000600538790076799,1.1176872152893675
2019-10-18,crowding_top_quantile,-0.0032014393585644836,1.114109007447776
2019-10-21,crowding_top_quantile,-0.0006248268950807078,1.1134128821758709
2019-10-22,crowding_top_quantile,0.0015929524400107422,1.1151864959432722
2019-10-23,crowding_top_quantile,-0.0011795841639622108,1.113871039612793
2019-10-24,crowding_top_quantile,0.002056327628387289,1.1161615234060094
2019-10-25,crowding_top_quantile,0.0011471019770246894,1.1174418744961871
2019-10-28,crowding_top_quantile,0.0015820523238370158,1.1192097260104867
2019-10-29,crowding_top_quantile,-0.0034775961992297042,1.1153175665211716
2019-10-30,crowding_top_quantile,-0.0009502725929181114,1.1142577108053064
2019-10-31,crowding_top_quantile,-0.0011864314020158973,1.1129357204672687
2019-11-01,crowding_top_quantile,0.0031350524357320665,1.1164248323085328
2019-11-04,crowding_top_quantile,0.003099822049080383,1.1198855506198637
2019-11-05,crowding_top_quantile,0.0026502108178372286,1.1228534834208561
2019-11-06,crowding_top_quantile,-0.0037872060810253405,1.1186010058803442
2019-11-07,crowding_top_quantile,0.0017355354347107443,1.1205423775633527
2019-11-08,crowding_top_quantile,-0.0008866453946808738,1.1195488538247413
2019-11-11,crowding_top_quantile,-0.009266614954879925,1.1091744256731704
2019-11-12,crowding_top_quantile,0.0003164825300316699,1.109525460001654
2019-11-13,crowding_top_quantile,-0.0003178408159942082,1.1091728075240808
2019-11-14,crowding_top_quantile,-0.0005911995647017388,1.1085170650430936
2019-11-15,crowding_top_quantile,-0.003090699352749027,1.1050909720676536
2019-11-18,crowding_top_quantile,0.0029120743852652734,1.1083090791807997
2019-11-19,crowding_top_quantile,0.0017608575081600854,1.1102606535442372
2019-11-20,crowding_top_quantile,-0.002884670919059751,1.107057916924382
2019-11-21,crowding_top_quantile,-0.000725569765786882,1.1062546691708866
2019-11-22,crowding_top_quantile,-0.0015761589079629878,1.104511036019597
2019-11-25,crowding_top_quantile,-0.004063319032387845,1.1000230553054562
2019-11-26,crowding_top_quantile,0.0007927884326905389,1.1008951408593952
2019-11-27,crowding_top_quantile,0.0044916727759120485,1.1058400015927272
2019-11-28,crowding_top_quantile,-0.0010883951765637057,1.1046364106689426
2019-11-29,crowding_top_quantile,-0.00022472400253638065,1.1043881723533897
2019-12-02,crowding_top_quantile,0.0022928504565925276,1.1069203692786256
2019-12-03,crowding_top_quantile,-0.00912864107581054,1.0968156905279773
2019-12-04,crowding_top_quantile,-0.0022913311494987543,1.0943025225710117
2019-12-05,crowding_top_quantile,0.002389637402354017,1.0969175088084377
2019-12-06,crowding_top_quantile,0.00012597494364843256,1.0970556929297968
2019-12-09,crowding_top_quantile,0.001670944542609616,1.0988888121528366
2019-12-10,crowding_top_quantile,0.002623667736856317,1.1017719312756744
2019-12-11,crowding_top_quantile,-0.0005783945613053289,1.1011346723828257
2019-12-12,crowding_top_quantile,0.003407005910448413,1.1048862447198338
2019-12-13,crowding_top_quantile,0.006369344854071147,1.111923646236974
2019-12-16,crowding_top_quantile,0.0042221880908002345,1.116618397013995
2019-12-17,crowding_top_quantile,0.004317315154115054,1.1214391905407872
2019-12-18,crowding_top_quantile,-0.0020314750209392773,1.1191610148377014
2019-12-19,crowding_top_quantile,-0.0022317974085468207,1.11666327418504
2019-12-20,crowding_top_quantile,-0.002615066365312658,1.1137431256153387
2019-12-23,crowding_top_quantile,-0.007981820645439328,1.1048534277415862
2019-12-24,crowding_top_quantile,0.007242463751046714,1.1128552886422243
2019-12-25,crowding_top_quantile,0.00623678955971656,1.1197959328879035
2019-12-26,crowding_top_quantile,0.0037244533348194777,1.123966560584465
2019-12-27,crowding_top_quantile,-0.005041520159411362,1.1183000605107742
2019-12-30,crowding_top_quantile,0.007388545696890511,1.1265626716106936
2019-12-31,crowding_top_quantile,0.000472008814881153,1.1270944191222099
2020-01-02,crowding_top_quantile,0.00872240320529808,1.1369253910962351
2020-01-03,crowding_top_quantile,0.0019225216066195649,1.1391111547257322
2020-01-06,crowding_top_quantile,0.002296261727525932,1.1417268520737267
2020-01-07,crowding_top_quantile,0.004142393880738171,1.1464563343992313
2020-01-08,crowding_top_quantile,-0.009392108814699297,1.1356886917552524
2020-01-09,crowding_top_quantile,0.009202812691221031,1.146140222061014
2020-01-10,crowding_top_quantile,0.005117405208307214,1.1520054860028393
2020-01-13,crowding_top_quantile,0.00893137749060084,1.1622944818695737
2020-01-14,crowding_top_quantile,-0.002124268879498837,1.159825455872925
2020-01-15,crowding_top_quantile,0.001316197076578296,1.161352014747286
2020-01-16,crowding_top_quantile,0.0008238437997312834,1.1623087874039408
2020-01-17,crowding_top_quantile,-0.006309657553846671,1.154975016983595
2020-01-20,crowding_top_quantile,0.010232204304769009,1.1667929573242752
2020-01-21,crowding_top_quantile,-0.0029308768037504375,1.1633732309108742
2020-01-22,crowding_top_quantile,0.008148038533862258,1.1728524408256
2020-01-23,crowding_top_quantile,-0.006875324744258948,1.1647886994178271
2020-02-03,crowding_top_quantile,-0.03311446835199135,1.1262173408941982
2020-02-04,crowding_top_quantile,0.022645678127668344,1.1517212962978867
2020-02-05,crowding_top_quantile,0.011600973134335791,1.1650823841144808
2020-02-06,crowding_top_quantile,0.018555883566266206,1.186701517179217
2020-02-07,crowding_top_quantile,0.008980772381654921,1.197359013389968
2020-02-10,crowding_top_quantile,0.003385582671977441,1.2014127713178373
2020-02-11,crowding_top_quantile,0.005119579596648704,1.2075634996290294
2020-02-12,crowding_top_quantile,0.010077584973170085,1.2197328234070395
2020-02-13,crowding_top_quantile,0.011899461863988282,1.2342469876234263
2020-02-14,crowding_top_quantile,-0.008656358032184522,1.2235629037984126
2020-02-17,crowding_top_quantile,0.009519697832203803,1.2352108529212673
2020-02-18,crowding_top_quantile,-0.00038735515109479274,1.2347323876347
2020-02-19,crowding_top_quantile,-0.0014882723407611208,1.2328947695739414
2020-02-20,crowding_top_quantile,0.009050611740430536,1.2440532214501627
2020-02-21,crowding_top_quantile,-0.00038702235638544665,1.2435717450409283
2020-02-24,crowding_top_quantile,-0.003791598252617328,1.2388566205854268
2020-02-25,crowding_top_quantile,-0.00011561390519209194,1.2387133915335478
2020-02-26,crowding_top_quantile,-0.021220303460843012,1.2124275174641959
2020-02-27,crowding_top_quantile,-0.001016363210028015,1.2111952507406196
2020-02-28,crowding_top_quantile,-0.03152272421823103,1.173015076877092
2020-03-02,crowding_top_quantile,0.013842297378497063,1.1892523004006852
2020-03-03,crowding_top_quantile,-0.00035679620335562465,1.1888279796950703
2020-03-04,crowding_top_quantile,-0.003248468297955398,1.1849661096913084
2020-03-05,crowding_top_quantile,0.0053528374639647425,1.1913090406767926
2020-03-06,crowding_top_quantile,-0.004208766453495627,1.186295099150646
2020-03-09,crowding_top_quantile,-0.02587461569318256,1.155600169361417
2020-03-10,crowding_top_quantile,0.019692097838272027,1.1783563609584058
2020-03-11,crowding_top_quantile,-0.013538656279726481,1.1624029992123606
2020-03-12,crowding_top_quantile,-0.013388103708662592,1.146840627307645
2020-03-13,crowding_top_quantile,-0.0064623720897613365,1.1394293164463278
2020-03-16,crowding_top_quantile,-0.03124661713102035,1.103826004847469
2020-03-17,crowding_top_quantile,0.0008872036938104674,1.104805323356294
2020-03-18,crowding_top_quantile,-0.021816491635488225,1.0807023472604484
2020-03-19,crowding_top_quantile,-0.012223083970333393,1.0674928317229475
2020-03-20,crowding_top_quantile,0.019500375371961632,1.0883093426484232
2020-03-23,crowding_top_quantile,-0.01818220947954266,1.0685214742018463
2020-03-24,crowding_top_quantile,0.01066618672289621,1.0799185237631077
2020-03-25,crowding_top_quantile,0.018739186870319148,1.1001553187846236
2020-03-26,crowding_top_quantile,-0.005032270818803586,1.0946190392777522
2020-03-27,crowding_top_quantile,0.0027532145275750985,1.0976327603188518
2020-03-30,crowding_top_quantile,-0.002186880463135612,1.0952323686796128
2020-03-31,crowding_top_quantile,0.0029335460366299417,1.0984452832539418
2020-04-01,crowding_top_quantile,-0.00841802547073802,1.089198542881298
2020-04-02,crowding_top_quantile,0.0024262464728202595,1.0918412070041648
2020-04-03,crowding_top_quantile,-0.0024614273630449105,1.0891537191811447
2020-04-07,crowding_top_quantile,0.01645317344711415,1.1070737542334015
2020-04-08,crowding_top_quantile,-0.001179894671754167,1.1057675238095426
2020-04-09,crowding_top_quantile,0.002469856606705534,1.108498611033704
2020-04-10,crowding_top_quantile,0.000970689668025737,1.1095746191824554
2020-04-13,crowding_top_quantile,-0.0008193996104243294,1.1086654341717606
2020-04-14,crowding_top_quantile,0.006419577452797898,1.1157825977956661
2020-04-15,crowding_top_quantile,0.0033289032832007795,1.1194969301488062
2020-04-16,crowding_top_quantile,-0.0022767328583827573,1.1169481347030779
2020-04-17,crowding_top_quantile,0.00800608485660811,1.1258905162499409
2020-04-20,crowding_top_quantile,-0.0016998730818644535,1.1239766452682411
2020-04-21,crowding_top_quantile,-0.005774197480745192,1.1174865821547169
2020-04-22,crowding_top_quantile,-0.007034177232817674,1.1096259834805449
2020-04-23,crowding_top_quantile,0.010940662244436773,1.1217660265834566
2020-04-24,crowding_top_quantile,-0.0016931727961327693,1.1198666828636195
2020-04-27,crowding_top_quantile,0.006927900790119582,1.127625008140659
2020-04-28,crowding_top_quantile,0.0010228092685081959,1.128778353450387
2020-04-29,crowding_top_quantile,0.0071279335835488615,1.136824210584329
2020-04-30,crowding_top_quantile,0.011835564085689343,1.1502791663828629
2020-05-06,crowding_top_quantile,-0.0020090698313514153,1.147968175212051
2020-05-07,crowding_top_quantile,-0.0016480735168080132,1.1460762392643455
2020-05-08,crowding_top_quantile,0.003395185611486362,1.1499673808215622
2020-05-11,crowding_top_quantile,-0.001921517551831422,1.14775769831528
2020-05-12,crowding_top_quantile,-0.004362338867949867,1.1427507902969305
2020-05-13,crowding_top_quantile,-0.002001997771447195,1.1404630057614367
2020-05-14,crowding_top_quantile,-0.006242132258592604,1.1333440848434417
2020-05-15,crowding_top_quantile,0.0032053980876862176,1.1369769038056894
2020-05-18,crowding_top_quantile,0.009537668349166554,1.1478210124348502
2020-05-19,crowding_top_quantile,0.004114770058433615,1.1525440319692581
2020-05-20,crowding_top_quantile,-0.0017647445180244748,1.1505100862070585
2020-05-21,crowding_top_quantile,-0.00255302396637539,1.1475728063834154
2020-05-22,crowding_top_quantile,-0.00909637599736769,1.1371340526521974
2020-05-25,crowding_top_quantile,0.004279852950902884,1.142000819183013
2020-05-26,crowding_top_quantile,0.013232940981621288,1.157112848624225
2020-05-27,crowding_top_quantile,-0.006217816985595105,1.149918132699799
2020-05-28,crowding_top_quantile,0.004337508033963277,1.1549059118387845
2020-05-29,crowding_top_quantile,-0.0006417186383300467,1.15416478718964
2020-06-01,crowding_top_quantile,0.018433786482480195,1.1754404144422912
2020-06-02,crowding_top_quantile,0.0021765210594283492,1.1779987852584282
2020-06-03,crowding_top_quantile,0.005750128192158532,1.1847724292838713
2020-06-04,crowding_top_quantile,6.110371396501608e-05,1.184844823279504
2020-06-05,crowding_top_quantile,0.008957723547889995,1.1954583356535902
2020-06-08,crowding_top_quantile,0.008864544303626005,1.2060555290331303
2020-06-09,crowding_top_quantile,0.011438377598892047,1.2198508475794427
2020-06-10,crowding_top_quantile,-0.004289381400574388,1.2146184420423605
2020-06-11,crowding_top_quantile,-0.012444438962621976,1.1995031969774894
2020-06-12,crowding_top_quantile,-0.007327830132046855,1.1907134413071911
2020-06-15,crowding_top_quantile,-0.010484992943909331,1.1782288192768673
2020-06-16,crowding_top_quantile,0.024181908008572565,1.2067206401976696
2020-06-17,crowding_top_quantile,0.0029425925470389137,1.2102715273598734
2020-06-18,crowding_top_quantile,0.0010887017575752608,1.2115891520988535
2020-06-19,crowding_top_quantile,0.005687664715958063,1.2184802649694837
2020-06-22,crowding_top_quantile,-0.005677325777195894,1.2115625555521679
2020-06-23,crowding_top_quantile,0.0037815549916238927,1.2161441459817806
2020-06-24,crowding_top_quantile,-0.0008393550894507551,1.215123369203345
2020-06-29,crowding_top_quantile,-0.014167932611144934,1.1979075831942445
2020-06-30,crowding_top_quantile,0.009385870228194948,1.2091509883154765
2020-07-01,crowding_top_quantile,0.009259382755227087,1.2203469801251507
2020-07-02,crowding_top_quantile,0.01852205525660862,1.242950314323264
2020-07-03,crowding_top_quantile,0.023473983258392544,1.2721273091927021
2020-07-06,crowding_top_quantile,0.03827898612597479,1.320823052811763
2020-07-07,crowding_top_quantile,-0.007576221038038589,1.3108162054115242
2020-07-08,crowding_top_quantile,0.025018034142468754,1.3436102499930112
2020-07-09,crowding_top_quantile,0.015677800918541828,1.3646751040045138
2020-07-10,crowding_top_quantile,-0.012551199471243835,1.3475467945607127
2020-07-13,crowding_top_quantile,0.01687230817575683,1.3702830193597944
2020-07-14,crowding_top_quantile,-0.0019721986491898274,1.3675805490400053
2020-07-15,crowding_top_quantile,-0.022138300739509256,1.3373046395598545
2020-07-16,crowding_top_quantile,-0.03367903692381277,1.2922655072257319
2020-07-17,crowding_top_quantile,-0.0018450276368044865,1.2898812416508112
2020-07-20,crowding_top_quantile,0.03212183883711357,1.3313145990141346
2020-07-21,crowding_top_quantile,-0.00233116661065208,1.3282110828726392
2020-07-22,crowding_top_quantile,0.008576923366478485,1.3396030475449454
2020-07-23,crowding_top_quantile,0.004456777798551481,1.3455733606661158
2020-07-24,crowding_top_quantile,-0.0306146385169084,1.3043791186313412
2020-07-27,crowding_top_quantile,0.0012147959801454614,1.30596367314124
2020-07-28,crowding_top_quantile,0.008497377448660304,1.31706093940616
2020-07-29,crowding_top_quantile,0.012032651244967775,1.332908674358404
2020-07-30,crowding_top_quantile,-0.005572708371081903,1.325480763030919
2020-07-31,crowding_top_quantile,0.006620579986732988,1.3342562144434411
2020-08-03,crowding_top_quantile,0.014279674629664145,1.3533089590583007
2020-08-04,crowding_top_quantile,-0.005962965272894229,1.3452392247319396
2020-08-05,crowding_top_quantile,0.016586270926499745,1.3675517269742978
2020-08-06,crowding_top_quantile,0.0047967084899283915,1.3741114739534916
2020-08-07,crowding_top_quantile,-0.0005814142844875136,1.373312545914057
2020-08-10,crowding_top_quantile,-0.002641103726307306,1.3696854850316587
2020-08-11,crowding_top_quantile,-0.010667348189306515,1.3550745730529867
2020-08-12,crowding_top_quantile,-0.025327750215591954,1.3207535827432006
2020-08-13,crowding_top_quantile,0.0026203984776900563,1.3242144834208245
2020-08-14,crowding_top_quantile,0.014218861081987513,1.343043305203341
2020-08-17,crowding_top_quantile,0.016417953116863837,1.3650933272220873
2020-08-18,crowding_top_quantile,0.00319057325158475,1.369448757477839
2020-08-19,crowding_top_quantile,7.285012941761178e-05,1.369548521997052
2020-08-20,crowding_top_quantile,-0.009544377545335127,1.3564770338364565
2020-08-21,crowding_top_quantile,0.0027117730260212587,1.3601554916672316
2020-08-24,crowding_top_quantile,0.0030215764726540515,1.3642653055000045
2020-08-25,crowding_top_quantile,-0.001917725205865684,1.361649019536159
2020-08-26,crowding_top_quantile,-0.007335853575312723,1.3516601617078736
2020-08-27,crowding_top_quantile,0.01151775128146524,1.36722824726749
2020-08-28,crowding_top_quantile,0.006665854203380528,1.3763419914265187
2020-08-31,crowding_top_quantile,0.004395986751357057,1.382392372586166
2020-09-01,crowding_top_quantile,0.006915326881223449,1.3919520677207093
2020-09-02,crowding_top_quantile,0.0016420717273848203,1.3942377528569885
2020-09-03,crowding_top_quantile,-0.004070629145163584,1.3885623280249215
2020-09-04,crowding_top_quantile,-0.014378458333478839,1.368596942447977
2020-09-07,crowding_top_quantile,-0.015930229737925936,1.3467948787361577
2020-09-08,crowding_top_quantile,0.012011695188089424,1.3629721683004163
2020-09-09,crowding_top_quantile,-0.015431897510085203,1.3419389214901056
2020-09-10,crowding_top_quantile,0.006960826065301396,1.3512799249128564
2020-09-11,crowding_top_quantile,-0.00035031835499935724,1.3508065467524173
2020-09-14,crowding_top_quantile,0.0052717200290126,1.3579276206802535
2020-09-15,crowding_top_quantile,-6.563501377621073e-05,1.357838493082163
2020-09-16,crowding_top_quantile,-0.0005879516654559879,1.357040149678735
2020-09-17,crowding_top_quantile,-0.009096087747336412,1.3446963934005987
2020-09-18,crowding_top_quantile,0.008369409608201851,1.3559507083156401
2020-09-21,crowding_top_quantile,-0.006911732538947232,1.3465787396837663
2020-09-22,crowding_top_quantile,-0.011701853947661791,1.3308212719429604
2020-09-23,crowding_top_quantile,0.001067343070951332,1.3322417148062433
2020-09-24,crowding_top_quantile,-0.013701879873868896,1.313987498867011
2020-09-25,crowding_top_quantile,0.0006681198831647195,1.3148654000412339
2020-09-28,crowding_top_quantile,0.006631927713002485,1.3235854923266355
2020-09-29,crowding_top_quantile,-0.0005152493890763221,1.322903515710324
2020-09-30,crowding_top_quantile,-0.002455573869689976,1.3196550284050246
2020-10-09,crowding_top_quantile,0.01730755049565952,1.3424950244459954
2020-10-12,crowding_top_quantile,0.00708235096306391,1.3520030453752891
2020-10-13,crowding_top_quantile,-0.00020798392050546126,1.3517218504813766
2020-10-14,crowding_top_quantile,-0.0033141330050126204,1.3472420644830996
2020-10-15,crowding_top_quantile,9.29008469175987e-05,1.3473672244118933
2020-10-16,crowding_top_quantile,0.002820000166640202,1.3511668002092605
2020-10-19,crowding_top_quantile,-0.003996453871147055,1.3457669244199988
2020-10-20,crowding_top_quantile,-0.002956437670396473,1.34178824838907
2020-10-21,crowding_top_quantile,0.0003427017210404391,1.3422480815310647
2020-10-22,crowding_top_quantile,-0.005234389778793081,1.3352222318924938
2020-10-23,crowding_top_quantile,-0.003540110213796122,1.3304953980316836
2020-10-26,crowding_top_quantile,-0.004024334117435189,1.3251410400082941
2020-10-27,crowding_top_quantile,0.0015273016459518953,1.3271649300998172
2020-10-28,crowding_top_quantile,-0.0002708981064954985,1.326805403633246
2020-10-29,crowding_top_quantile,-0.004102450245005817,1.3213622504800357
2020-10-30,crowding_top_quantile,-0.00999770931575489,1.3081516547989245
2020-11-02,crowding_top_quantile,0.004503700216641282,1.314043177690042
2020-11-03,crowding_top_quantile,0.012107396004479132,1.3299528188093195
2020-11-04,crowding_top_quantile,3.709346743773173e-05,1.3300021513708975
2020-11-05,crowding_top_quantile,0.005588508154678318,1.3374348792395734
2020-11-06,crowding_top_quantile,0.0023513464048140476,1.3405796519345463
2020-11-09,crowding_top_quantile,0.011297965027379238,1.355725473958519
2020-11-10,crowding_top_quantile,-0.0052275727466889795,1.3486383204188614
2020-11-11,crowding_top_quantile,0.004641299507206953,1.3548977547908219
2020-11-12,crowding_top_quantile,0.00011575107622263664,1.3550545856641105
2020-11-13,crowding_top_quantile,-0.0015568077694428808,1.3529450261571294
2020-11-16,crowding_top_quantile,0.005639536651808342,1.3605750092200242
2020-11-17,crowding_top_quantile,0.005082939162559175,1.3674907292179879
2020-11-18,crowding_top_quantile,-0.001339827681872652,1.3656585272842774
2020-11-19,crowding_top_quantile,-0.0011749862266163147,1.3640538973244574
2020-11-20,crowding_top_quantile,0.004918465627911473,1.3707629495330664
2020-11-23,crowding_top_quantile,0.008644759348371372,1.3826128653554435
2020-11-24,crowding_top_quantile,0.00900126501731089,1.3950581301728513
2020-11-25,crowding_top_quantile,-0.00470195699413617,1.3884986268404584
2020-11-26,crowding_top_quantile,-0.0010461999011780135,1.387045979714272
2020-11-27,crowding_top_quantile,0.004238514191630905,1.3929249937837358
2020-11-30,crowding_top_quantile,-0.0013985888393056721,1.39097686443344
2020-12-01,crowding_top_quantile,0.002454492446303125,1.3943910066401741
2020-12-02,crowding_top_quantile,0.001905525174786316,1.3970480538068226
2020-12-03,crowding_top_quantile,-0.002588608287926319,1.393431643636107
2020-12-04,crowding_top_quantile,0.0023870799805501782,1.3967578764168957
2020-12-07,crowding_top_quantile,0.0032434005810305293,1.4012881217248252
2020-12-08,crowding_top_quantile,-0.0010371026852718625,1.3998348420509448
2020-12-09,crowding_top_quantile,-0.007086724816417901,1.3899145977368959
2020-12-10,crowding_top_quantile,-0.000746683818085281,1.3888767709982452
2020-12-11,crowding_top_quantile,-0.0006677106225204902,1.3879494032248778
2020-12-14,crowding_top_quantile,-0.0044902668111092515,1.3817171400840784
2020-12-15,crowding_top_quantile,-0.006859631304887871,1.3722390699354576
2020-12-16,crowding_top_quantile,0.004414099358651348,1.3782962695339762
2020-12-17,crowding_top_quantile,0.004357885575406273,1.3843027269656145
2020-12-18,crowding_top_quantile,0.005288267969819127,1.3916232907371602
2020-12-21,crowding_top_quantile,0.0006868786446505948,1.3925791670569658
2020-12-22,crowding_top_quantile,-0.01959047945974163,1.3652978734886723
2020-12-23,crowding_top_quantile,0.003388658724419836,1.3699244020391015
2020-12-24,crowding_top_quantile,-0.0009192889568356731,1.3686650456646072
2020-12-25,crowding_top_quantile,0.006668781366810907,1.3777923736185407
2020-12-28,crowding_top_quantile,0.0051134886856553,1.3848376993322211
2020-12-29,crowding_top_quantile,-0.005533750591147813,1.3771743528948976
2020-12-30,crowding_top_quantile,0.0056120373196710815,1.3849031067590376
2020-12-31,crowding_top_quantile,0.010646773596500592,1.3996478565897914
2021-01-04,crowding_top_quantile,0.015574540093816407,1.4214467282494732
2021-01-05,crowding_top_quantile,-0.002917960146923904,1.4172990033454658
2021-01-06,crowding_top_quantile,0.0009694193053775835,1.4186729603608013
2021-01-07,crowding_top_quantile,0.008581731883125034,1.4308476313364569
2021-01-08,crowding_top_quantile,-0.0034117857275090535,1.425965885809623
2021-01-11,crowding_top_quantile,-0.012376071907192136,1.40831802946964
2021-01-12,crowding_top_quantile,0.02358586083548782,1.4415344225248192
2021-01-13,crowding_top_quantile,-0.001308181063944602,1.439648634490248
2021-01-14,crowding_top_quantile,-0.012883477405636704,1.421100953835737
2021-01-15,crowding_top_quantile,0.0008630566317853643,1.4223274444383815
2021-01-18,crowding_top_quantile,0.004647973890841252,1.428938385264358
2021-01-19,crowding_top_quantile,-0.008289663355992185,1.4170929670940613
2021-01-20,crowding_top_quantile,0.00221705109985686,1.4202347346153568
2021-01-21,crowding_top_quantile,0.007081749597283439,1.430292481375267
2021-01-22,crowding_top_quantile,-0.0053876460899134355,1.422586571680553
2021-01-25,crowding_top_quantile,-0.002078861208915439,1.4196292116403624
2021-01-26,crowding_top_quantile,-0.017330966582616635,1.3950256652137167
2021-01-27,crowding_top_quantile,0.0031012588277743117,1.3993520008729325
2021-01-28,crowding_top_quantile,-0.01207390748362952,1.382456354277361
2021-01-29,crowding_top_quantile,-0.007539846390549632,1.3720328457244704
2021-02-01,crowding_top_quantile,0.0009187599557337659,1.3732934145610736
2021-02-02,crowding_top_quantile,0.008418345401662378,1.3848542728626771
2021-02-03,crowding_top_quantile,-0.0036852625418260735,1.3797507212850084
2021-02-04,crowding_top_quantile,-0.005598917386022018,1.3720256109832294
2021-02-05,crowding_top_quantile,-0.003618451415503177,1.3670610029690604
2021-02-08,crowding_top_quantile,0.0037996426893428825,1.3722553463148777
2021-02-09,crowding_top_quantile,0.018094545638750847,1.3970856833067922
2021-02-10,crowding_top_quantile,0.00611035424398807,1.4056223717410006
2021-02-18,crowding_top_quantile,0.014432159429176913,1.4259085379071845
2021-02-19,crowding_top_quantile,-0.0022649958384842518,1.4226788610027656
2021-02-22,crowding_top_quantile,-0.004387587080188187,1.416436733612973
2021-02-23,crowding_top_quantile,-0.0024373220785242514,1.4129844210893054
2021-02-24,crowding_top_quantile,-0.012593879808152677,1.3951894651193146
2021-02-25,crowding_top_quantile,0.009232678247983583,1.4080708005457376
2021-02-26,crowding_top_quantile,-0.017535505047752475,1.383379567915175
2021-03-01,crowding_top_quantile,0.00933693013079749,1.3962960862851719
2021-03-02,crowding_top_quantile,-0.00665905210744624,1.3869980778891757
2021-03-03,crowding_top_quantile,0.010073492088510994,1.4009699920535723
2021-03-04,crowding_top_quantile,-0.014027292028332495,1.3813181768521061
2021-03-05,crowding_top_quantile,-0.002390184913450567,1.378016570985119
2021-03-08,crowding_top_quantile,0.003957983410842947,1.383470737712945
2021-03-09,crowding_top_quantile,-0.013317920434192623,1.36504578450505
2021-03-10,crowding_top_quantile,0.00034607018923497066,1.3655181861580084
2021-03-11,crowding_top_quantile,0.016827215451238733,1.388496054879074
2021-03-12,crowding_top_quantile,0.001049505266261685,1.389953288800853
2021-03-15,crowding_top_quantile,-0.009160811695020614,1.377220188457274
2021-03-16,crowding_top_quantile,0.000984595699544599,1.378576193532155
2021-03-17,crowding_top_quantile,-0.0003378461872204141,1.3781104468213774
2021-03-18,crowding_top_quantile,0.0009779409680960361,1.3794581574858853
2021-03-19,crowding_top_quantile,-0.01251240646773567,1.3621978163141881
2021-03-22,crowding_top_quantile,0.002439431430239237,1.3655208044815081
2021-03-23,crowding_top_quantile,-0.0007674020187911079,1.3644729010594479
2021-03-24,crowding_top_quantile,-0.004022765520643556,1.3589839465192135
2021-03-25,crowding_top_quantile,-0.002089451849324908,1.356144414998956
2021-03-26,crowding_top_quantile,0.006088210172705499,1.3644009072220107
2021-03-29,crowding_top_quantile,-0.0010198185580246586,1.36300946585624
2021-03-30,crowding_top_quantile,0.002310491760040756,1.3661586879959582
2021-03-31,crowding_top_quantile,-0.0010051211800962355,1.364785532963281
2021-04-01,crowding_top_quantile,0.0037252387160059304,1.3698696848697205
2021-04-02,crowding_top_quantile,0.0017454376250382376,1.3722607069590915
2021-04-06,crowding_top_quantile,0.002017181906218961,1.3750288064277845
2021-04-07,crowding_top_quantile,0.004515520359466641,1.3812377769980624
2021-04-08,crowding_top_quantile,-0.0004974188591397534,1.3805507232788272
2021-04-09,crowding_top_quantile,0.003831448102283053,1.3858402317276393
2021-04-12,crowding_top_quantile,-0.006734861649871398,1.376506789498128
2021-04-13,crowding_top_quantile,-0.0032549280099689382,1.3720263589930781
2021-04-14,crowding_top_quantile,0.005503397679524836,1.3795771656734077
2021-04-15,crowding_top_quantile,-0.0002661202484953495,1.37921003225526
2021-04-16,crowding_top_quantile,0.008186492774181198,1.390500925218396
2021-04-19,crowding_top_quantile,0.0065704016373185166,1.3996370747741438
2021-04-20,crowding_top_quantile,-0.0019538512214645866,1.396902392165989
2021-04-21,crowding_top_quantile,-0.0020690656582976535,1.3940121093983646
2021-04-22,crowding_top_quantile,0.0045817099648556075,1.4003990685711243
2021-04-23,crowding_top_quantile,-0.001273245772053877,1.3986160163778778
2021-04-26,crowding_top_quantile,0.0040778671774578,1.4043193867249317
2021-04-27,crowding_top_quantile,-0.001938744319585006,1.4015967704910357
2021-04-28,crowding_top_quantile,0.007205733604692578,1.4116963034403918
2021-04-29,crowding_top_quantile,0.0025490315928787923,1.4152947619174117
2021-04-30,crowding_top_quantile,-0.006814571420145944,1.405650134681767
2021-05-06,crowding_top_quantile,-0.0023733506838042274,1.4023140339734306
2021-05-07,crowding_top_quantile,0.0019073511667014092,1.4049887392822116
2021-05-10,crowding_top_quantile,0.006761951122928729,1.414489204465503
2021-05-11,crowding_top_quantile,-0.011642935191966653,1.3980203983281747
2021-05-12,crowding_top_quantile,0.006727378038561783,1.407425410053349
2021-05-13,crowding_top_quantile,-0.01664985428189648,1.3839919820633224
2021-05-14,crowding_top_quantile,0.0014597351558601646,1.3860122438149687
2021-05-17,crowding_top_quantile,0.006949196555666367,1.395643915325799
2021-05-18,crowding_top_quantile,0.003367737663826265,1.4003440779047316
2021-05-19,crowding_top_quantile,-0.0074032723372959635,1.3899769493300833
2021-05-20,crowding_top_quantile,-0.006764613681583464,1.3805742922415594
2021-05-21,crowding_top_quantile,-0.0008088395705786902,1.3794576291238707
2021-05-24,crowding_top_quantile,0.001491856526251701,1.3815155819905667
2021-05-25,crowding_top_quantile,0.011057571022925296,1.3967917886577053
2021-05-26,crowding_top_quantile,0.0010239581478634573,1.3982220449905702
2021-05-27,crowding_top_quantile,0.00098941047946014,1.399605460534496
2021-05-28,crowding_top_quantile,0.0033863519178981556,1.4043450171700778
2021-05-31,crowding_top_quantile,0.0077326468103478315,1.4152043211877259
2021-06-01,crowding_top_quantile,0.006878461202532093,1.4249387492046715
2021-06-02,crowding_top_quantile,-0.01007588920928516,1.4105812242376679
2021-06-03,crowding_top_quantile,-0.0009824505365140235,1.409195397957119
2021-06-04,crowding_top_quantile,0.004034804704527583,1.414881226178395
2021-06-07,crowding_top_quantile,0.009053800102687387,1.4276912779692594
2021-06-08,crowding_top_quantile,-0.0033134946567343507,1.422960630548242
2021-06-09,crowding_top_quantile,0.008518115082107505,1.4350815729565602
2021-06-10,crowding_top_quantile,0.002533267776332637,1.4387170188617397
2021-06-11,crowding_top_quantile,-0.006021973935439718,1.430053102473681
2021-06-15,crowding_top_quantile,-0.001369022538726454,1.4280953275448187
2021-06-16,crowding_top_quantile,-0.017457915580988193,1.4031637598749376
2021-06-17,crowding_top_quantile,0.02183982207561859,1.4338086067335623
2021-06-18,crowding_top_quantile,0.006173053661711392,1.4426595842035523
2021-06-21,crowding_top_quantile,0.007027308210382273,1.4527975977444125
2021-06-22,crowding_top_quantile,0.009436384757061189,1.4665067548508628
2021-06-23,crowding_top_quantile,0.01315994111965635,1.4858058973962784
2021-06-24,crowding_top_quantile,-0.007554933137516373,1.474580733186122
2021-06-25,crowding_top_quantile,0.011627614344895888,1.4917265892720242
2021-06-28,crowding_top_quantile,0.002486941506410061,1.4954364260431003
2021-06-29,crowding_top_quantile,-0.00542306661182459,1.4873265746909197
2021-06-30,crowding_top_quantile,0.011578858865243435,1.504548119185792
2021-07-01,crowding_top_quantile,-0.01026156430524444,1.4891091019104323
2021-07-02,crowding_top_quantile,-0.01424595488728181,1.4678953208223755
2021-07-05,crowding_top_quantile,0.01276198127838368,1.4866285734253377
2021-07-06,crowding_top_quantile,-0.00871742536372786,1.473668999792917
2021-07-07,crowding_top_quantile,0.015694341248577506,1.496797263963117
2021-07-08,crowding_top_quantile,0.013367630886937164,1.5168058973003535
2021-07-09,crowding_top_quantile,-0.006191824883502895,1.5074141008020052
2021-07-12,crowding_top_quantile,0.01528270923153296,1.530451472196075
2021-07-13,crowding_top_quantile,-0.00379355469041467,1.5246456208352734
2021-07-14,crowding_top_quantile,-0.012394006805725423,1.5057491526343216
2021-07-15,crowding_top_quantile,0.0014476569337818147,1.5079289608356687
2021-07-16,crowding_top_quantile,-0.003716750668596658,1.5023243648622866
2021-07-19,crowding_top_quantile,-0.006587010960110748,1.4924285378052973
2021-07-20,crowding_top_quantile,0.0018024438432283406,1.4951185564347225
2021-07-21,crowding_top_quantile,0.014635183216991577,1.5169998904392685
2021-07-22,crowding_top_quantile,0.011646924701229123,1.5346682739349877
2021-07-23,crowding_top_quantile,-0.004372727924666165,1.527957587118453
2021-07-26,crowding_top_quantile,-0.009170001430125224,1.513946213859406
2021-07-27,crowding_top_quantile,-0.009534637723545637,1.499511285177323
2021-07-28,crowding_top_quantile,-0.012255342505148092,1.4811342607871398
2021-07-29,crowding_top_quantile,0.026576627393404485,1.5204978141556853
2021-07-30,crowding_top_quantile,-0.00038444732935950516,1.5199132628317362
2021-08-02,crowding_top_quantile,0.010473394334257953,1.5358319137872416
2021-08-03,crowding_top_quantile,-0.018975502496836594,1.5066887314724506
2021-08-04,crowding_top_quantile,0.023666088592879088,1.5423461604733701
2021-08-05,crowding_top_quantile,0.002512571572576239,1.5462214155912477
2021-08-06,crowding_top_quantile,0.000679810124755231,1.5472725525646798
2021-08-09,crowding_top_quantile,-0.008328487679852423,1.5343861121732711
2021-08-10,crowding_top_quantile,0.0031326334152230744,1.5391927813801194
2021-08-11,crowding_top_quantile,0.007947770619840689,1.5514259325462432
2021-08-12,crowding_top_quantile,0.0008517109611190011,1.552747299018357
2021-08-13,crowding_top_quantile,-0.0037026245101691507,1.546998058810913
2021-08-16,crowding_top_quantile,-0.005479937635085378,1.5385206059270309
2021-08-17,crowding_top_quantile,-0.011686181812279848,1.5205411744042285
2021-08-18,crowding_top_quantile,0.0040998681279996955,1.5267751927024797
2021-08-19,crowding_top_quantile,-0.0007698852294539932,1.5255997510329213
2021-08-20,crowding_top_quantile,0.0006727738176707132,1.5266261346016612
2021-08-23,crowding_top_quantile,0.015478514633002077,1.5502560395652165
2021-08-24,crowding_top_quantile,0.0068699805882475595,1.560906268463843
2021-08-25,crowding_top_quantile,0.001042949258646475,1.5625342144993541
2021-08-26,crowding_top_quantile,-0.0008257507221737465,1.5612439507433102
2021-08-27,crowding_top_quantile,-7.904176664297324e-07,1.56124271670851
2021-08-30,crowding_top_quantile,0.005835499587540864,1.5703533479379137
2021-08-31,crowding_top_quantile,0.011511485772539388,1.5884304481605604
2021-09-01,crowding_top_quantile,-0.005030412037479004,1.5804399885134355
2021-09-02,crowding_top_quantile,0.011288796246145982,1.5982812535230249
2021-09-03,crowding_top_quantile,-0.009838543773275423,1.582556493448233
2021-09-06,crowding_top_quantile,0.010400790335138691,1.5990163317301003
2021-09-07,crowding_top_quantile,0.014717176159951096,1.6225493367668111
2021-09-08,crowding_top_quantile,0.0036430868737762356,1.6284604249576407
2021-09-09,crowding_top_quantile,0.0074366697105222035,1.640570747274707
2021-09-10,crowding_top_quantile,-0.0017649582084137139,1.6376752084678212
2021-09-13,crowding_top_quantile,0.006098375653908163,1.6476623670881503
2021-09-14,crowding_top_quantile,-0.010765050284709244,1.6299251988542234
2021-09-15,crowding_top_quantile,-0.001994876060816597,1.6266737000941074
2021-09-16,crowding_top_quantile,-0.0036041167793339998,1.6208109781170967
2021-09-17,crowding_top_quantile,-0.00701303301748475,1.6094441772124597
2021-09-22,crowding_top_quantile,0.0043091439433959175,1.6163795038409288
2021-09-23,crowding_top_quantile,0.0022381042877398162,1.6199971297390898
2021-09-24,crowding_top_quantile,-0.00845203320972723,1.6063048601988723
2021-09-27,crowding_top_quantile,-0.009247342403592079,1.5914508091520594
2021-09-28,crowding_top_quantile,0.009275512309753898,1.6062123307227172
2021-09-29,crowding_top_quantile,-0.013965553909703044,1.5837806858275794
2021-09-30,crowding_top_quantile,0.006936767565293789,1.594767004319567
2021-10-08,crowding_top_quantile,0.001198564523024573,1.5966784354734347
2021-10-11,crowding_top_quantile,0.007860354396016784,1.6092288938327335
2021-10-12,crowding_top_quantile,-0.01006342045772286,1.5930345468613785
2021-10-13,crowding_top_quantile,-0.0019602371249438865,1.5899118214013026
2021-10-14,crowding_top_quantile,0.003121011872837953,1.5948739550726616
2021-10-15,crowding_top_quantile,0.008277612628525312,1.6080757038640772
2021-10-18,crowding_top_quantile,-0.0008293094322754868,1.6067421115150498
2021-10-19,crowding_top_quantile,0.004688005797976436,1.614274527849685
2021-10-20,crowding_top_quantile,-0.00461844547024678,1.6068190889688028
2021-10-21,crowding_top_quantile,0.0008301210608221643,1.6081529433354869
2021-10-22,crowding_top_quantile,-0.000741321424185748,1.606960785105225
2021-10-25,crowding_top_quantile,0.0033574087095021034,1.6123560092409657
2021-10-26,crowding_top_quantile,0.0035592877734006434,1.6180948482710262
2021-10-27,crowding_top_quantile,-0.01185183920916385,1.5989174483041415
2021-10-28,crowding_top_quantile,-0.013256499436155911,1.5777214000522377
2021-10-29,crowding_top_quantile,0.0010728842035204079,1.5794141124199097
2021-11-01,crowding_top_quantile,0.0055757436320608995,1.5882205205996223
2021-11-02,crowding_top_quantile,-0.005074669891327322,1.5801608257429471
2021-11-03,crowding_top_quantile,0.004025051900232257,1.5865210550772764
2021-11-04,crowding_top_quantile,0.0016944869608926049,1.5892093943182863
2021-11-05,crowding_top_quantile,-0.010154843159178695,1.5730712221718908
2021-11-08,crowding_top_quantile,0.006044293690360833,1.5825793266345525
2021-11-09,crowding_top_quantile,0.005263862850557499,1.5909098071600845
2021-11-10,crowding_top_quantile,-0.0031284599718354065,1.5859327095095836
2021-11-11,crowding_top_quantile,0.0024461528905585844,1.589812143391182
2021-11-12,crowding_top_quantile,0.0001874480008396518,1.5901101504991715
2021-11-15,crowding_top_quantile,-0.004536583573482911,1.5828964829103884
2021-11-16,crowding_top_quantile,-0.004473735040704242,1.5758150234489847
2021-11-17,crowding_top_quantile,0.003150677691328319,1.5807799086890255
2021-11-18,crowding_top_quantile,-0.0033004353766761586,1.5755626467556494
2021-11-19,crowding_top_quantile,0.00715067348398526,1.5868289807961626
2021-11-22,crowding_top_quantile,0.009478789233026787,1.6018701982539882
2021-11-23,crowding_top_quantile,-0.00613230800633271,1.5920470368121296
2021-11-24,crowding_top_quantile,-0.0010796385545642439,1.5903282014505074
2021-11-25,crowding_top_quantile,0.0002991178367687807,1.5908038969818776
2021-11-26,crowding_top_quantile,-0.005555354000708158,1.5819664181884372
2021-11-29,crowding_top_quantile,-0.0003743942226371243,1.5813741391010616
2021-11-30,crowding_top_quantile,-0.002134104841125151,1.577999320895176
2021-12-01,crowding_top_quantile,0.0014635383415242621,1.580308783404205
2021-12-02,crowding_top_quantile,-0.00238552780503416,1.5765389128608547
2021-12-03,crowding_top_quantile,0.0047024320063712936,1.5839524799039815
2021-12-06,crowding_top_quantile,-0.006729467452244197,1.573293323244566
2021-12-07,crowding_top_quantile,0.0013962347601022883,1.5754900100703169
2021-12-08,crowding_top_quantile,0.012485601087197295,1.5951609498529191
2021-12-09,crowding_top_quantile,0.004054352143893492,1.6016282940698106
2021-12-10,crowding_top_quantile,-0.0036143107979420665,1.5958395116322646
2021-12-13,crowding_top_quantile,0.004541504701885131,1.6030870242777966
2021-12-14,crowding_top_quantile,-0.003161822994377894,1.598018346862446
2021-12-15,crowding_top_quantile,-0.000749604192997499,1.596820465609151
2021-12-16,crowding_top_quantile,0.0036899893045360017,1.6027127160485126
2021-12-17,crowding_top_quantile,-0.007838048388645347,1.5901505762270272
2021-12-20,crowding_top_quantile,-0.009261923199966321,1.5754227237136302
2021-12-21,crowding_top_quantile,0.004026643184115154,1.581766388886172
2021-12-22,crowding_top_quantile,0.004608358223675736,1.5890557350323296
2021-12-23,crowding_top_quantile,0.011045254308204579,1.6066072597356729
2021-12-24,crowding_top_quantile,0.00038131066193006777,1.6072198762133445
2021-12-27,crowding_top_quantile,-0.00444995740538788,1.6000678162231023
2021-12-28,crowding_top_quantile,0.0013393051628712177,1.602210795310314
2021-12-29,crowding_top_quantile,-0.007505520923703325,1.590185368661929
2021-12-30,crowding_top_quantile,0.0023706850059424522,1.5939551972720847
2021-12-31,crowding_top_quantile,-0.0017561890592347029,1.5911559105937252
2022-01-04,crowding_top_quantile,0.006745084538756987,1.6018883917250226
2022-01-05,crowding_top_quantile,-0.014919715023878457,1.5779886734204263
2022-01-06,crowding_top_quantile,-0.009806883545361156,1.5625135222642932
2022-01-07,crowding_top_quantile,-0.0010182237790762661,1.5609225338407955
2022-01-10,crowding_top_quantile,0.0002515274833622797,1.561315148757456
2022-01-11,crowding_top_quantile,-0.007623559189691209,1.549412370307142
2022-01-12,crowding_top_quantile,0.012076818189802486,1.5681243418043724
2022-01-13,crowding_top_quantile,-0.008933629583794745,1.5541152997933603
2022-01-14,crowding_top_quantile,-0.0032423468277373744,1.5490763189811372
2022-01-17,crowding_top_quantile,0.0075021594027429,1.5606977364531478
2022-01-18,crowding_top_quantile,0.002120552412969723,1.5640072778040999
2022-01-19,crowding_top_quantile,-0.002910838060247157,1.559454705893364
2022-01-20,crowding_top_quantile,0.004316311625095727,1.5661857983692218
2022-01-21,crowding_top_quantile,-0.007274808815129685,1.5547920961171144
2022-01-24,crowding_top_quantile,-0.005216080070362399,1.546682176051001
2022-01-25,crowding_top_quantile,-0.020490048469624635,1.5149905832966115
2022-01-26,crowding_top_quantile,0.001176612466395799,1.5167731401033906
2022-01-27,crowding_top_quantile,-0.01910599539899758,1.4877936794672522
2022-01-28,crowding_top_quantile,-0.00048182253093210744,1.4870768269511065
2022-02-07,crowding_top_quantile,0.012799890023484476,1.506111246792553
2022-02-08,crowding_top_quantile,-0.003045614668999197,1.501524212286177
2022-02-09,crowding_top_quantile,0.006485089340197159,1.511261730949322
2022-02-10,crowding_top_quantile,-0.0006532704177400479,1.5102744683670302
2022-02-11,crowding_top_quantile,-0.011041913464814625,1.4935981483792025
2022-02-14,crowding_top_quantile,-0.005645957455460525,1.4851653567778988
2022-02-15,crowding_top_quantile,-0.0011624385095589714,1.4834389433741173
2022-02-16,crowding_top_quantile,0.0015854834122955627,1.48579091121199
2022-02-17,crowding_top_quantile,0.0031445970956736845,1.4904631249961655
2022-02-18,crowding_top_quantile,0.0015735710089017198,1.4928084745594965
2022-02-21,crowding_top_quantile,-0.002386920046273986,1.4892452600863229
2022-02-22,crowding_top_quantile,0.00019092593205691797,1.4895295956256662
2022-02-23,crowding_top_quantile,0.007300401389366963,1.500403759555075
2022-02-24,crowding_top_quantile,0.0007497437347174112,1.5015286778733479
2022-02-25,crowding_top_quantile,-0.0010056880302626195,1.5000186084549147
2022-02-28,crowding_top_quantile,0.0019177185792714374,1.5028952220096015
2022-03-01,crowding_top_quantile,0.013141152502306552,1.5226449973170175
2022-03-02,crowding_top_quantile,0.0028442568630599576,1.5269757908006405
2022-03-03,crowding_top_quantile,0.00477475853102607,1.534266731484436
2022-03-04,crowding_top_quantile,-0.0110623936020524,1.5172940690102208
2022-03-07,crowding_top_quantile,0.012530017339612247,1.5363057900042099
2022-03-08,crowding_top_quantile,-0.005123698478006356,1.528434222366213
2022-03-09,crowding_top_quantile,0.0033299927812267312,1.5335238972932723
2022-03-10,crowding_top_quantile,-0.008706500417077323,1.5201722708418903
2022-03-11,crowding_top_quantile,0.0026700314065134408,1.5242311785483489
2022-03-14,crowding_top_quantile,-0.010807655766854324,1.5077578126614917
2022-03-15,crowding_top_quantile,-0.037640159851480184,1.451005567575595
2022-03-16,crowding_top_quantile,0.028291994267710244,1.4920574087758594
2022-03-17,crowding_top_quantile,0.010392559974022211,1.5075637048812467
2022-03-18,crowding_top_quantile,0.015174529986153462,1.5304402755270037
2022-03-21,crowding_top_quantile,0.004056287781114995,1.5366481817163502
2022-03-22,crowding_top_quantile,-0.0020258878084601696,1.5335351048991186
2022-03-23,crowding_top_quantile,0.010243964118986294,1.5492445834889108
2022-03-24,crowding_top_quantile,-0.007142927069635564,1.5381784424160216
2022-03-25,crowding_top_quantile,-0.01020975064825711,1.5224740240664296
2022-03-28,crowding_top_quantile,-0.007509417987415687,1.511041130244732
2022-03-29,crowding_top_quantile,0.0027916385503539923,1.5152594109150934
2022-03-30,crowding_top_quantile,0.0045268875339607995,1.5221188198530817
2022-03-31,crowding_top_quantile,-0.005778472326374729,1.5133232983751066
2022-04-01,crowding_top_quantile,-0.009729832126550953,1.4985989167287184
2022-04-06,crowding_top_quantile,-0.000953805047833285,1.497169545517265
2022-04-07,crowding_top_quantile,-0.009826143986283266,1.4824581419911342
2022-04-08,crowding_top_quantile,0.003914794322537485,1.4882616607088006
2022-04-11,crowding_top_quantile,-0.013412264183083042,1.4683007021418202
2022-04-12,crowding_top_quantile,0.0012161401612127195,1.4700863615944317
2022-04-13,crowding_top_quantile,0.0023727470633233216,1.4735745046917366
2022-04-14,crowding_top_quantile,0.011078461206950486,1.4898994426775154
2022-04-15,crowding_top_quantile,-0.010574022063900656,1.47414521309765
2022-04-18,crowding_top_quantile,-0.003468317778547314,1.4690324090469031
2022-04-19,crowding_top_quantile,0.0022294115838022662,1.472307486916613
2022-04-20,crowding_top_quantile,-0.010493060992912029,1.456858474656076
2022-04-21,crowding_top_quantile,-0.006830837324054728,1.4469069114115298
2022-04-22,crowding_top_quantile,-0.0027848509885155305,1.4428774912689954
2022-04-25,crowding_top_quantile,-0.025282483896845166,1.4063979643308666
2022-04-26,crowding_top_quantile,-0.005853325221312934,1.3981658596550455
2022-04-27,crowding_top_quantile,0.01135060519804525,1.4140358883293753
2022-04-28,crowding_top_quantile,0.010349092837883555,1.428669877013795
2022-04-29,crowding_top_quantile,0.012693299181135001,1.4468044111938065
2022-05-05,crowding_top_quantile,-0.0015291210670859187,1.4445920720886973
2022-05-06,crowding_top_quantile,-0.013753643265388816,1.4247236680651805
2022-05-09,crowding_top_quantile,-0.004028481348585701,1.4189841953414912
2022-05-10,crowding_top_quantile,0.0031887129875832645,1.4235089286743519
2022-05-11,crowding_top_quantile,0.005828717626839942,1.43180616025888
2022-05-12,crowding_top_quantile,-0.004815155412423966,1.4249117910767677
2022-05-13,crowding_top_quantile,0.006736689954634379,1.4345109800259546
2022-05-16,crowding_top_quantile,-0.0013128537985875913,1.4326276768367119
2022-05-17,crowding_top_quantile,0.009643848828519031,1.4464437215796777
2022-05-18,crowding_top_quantile,0.002376541302818103,1.4498812548262137
2022-05-19,crowding_top_quantile,-0.004978987357292075,1.4426623143888593
2022-05-20,crowding_top_quantile,0.011312401769370652,1.4589822901067562
2022-05-23,crowding_top_quantile,0.0004651617268028343,1.459660952828197
2022-05-24,crowding_top_quantile,-0.01771847210250379,1.4337979909563965
2022-05-25,crowding_top_quantile,0.005902023345473917,1.4422603001717147
2022-05-26,crowding_top_quantile,0.006400642115731936,1.4514916921908418
2022-05-27,crowding_top_quantile,0.007145664027751743,1.4618635641623106
2022-05-30,crowding_top_quantile,0.010330655361469357,1.4769655728291604
2022-05-31,crowding_top_quantile,0.0035679727819623924,1.4822353457929103
2022-06-01,crowding_top_quantile,-0.00024117177133701237,1.4818778724690271
2022-06-02,crowding_top_quantile,0.0008725366050660881,1.483170865156994
2022-06-06,crowding_top_quantile,0.017621022390793745,1.5093058521812983
2022-06-07,crowding_top_quantile,-0.00015459960914370168,1.509072514086473
2022-06-08,crowding_top_quantile,0.009089426619492314,1.5227891179667548
2022-06-09,crowding_top_quantile,-0.009623454708667102,1.5081346258591506
2022-06-10,crowding_top_quantile,0.012123610723731006,1.5264186629820466
2022-06-13,crowding_top_quantile,-0.0038025532861144786,1.5206143746791378
2022-06-14,crowding_top_quantile,0.00618801083796814,1.5300239529100226
2022-06-15,crowding_top_quantile,0.0014626290325555403,1.532261810364054
2022-06-16,crowding_top_quantile,-0.009524392415884653,1.5176679475982728
2022-06-17,crowding_top_quantile,-7.669171454146705e-05,1.5175515550412668
2022-06-20,crowding_top_quantile,-0.010597060736693795,1.5014699690414304
2022-06-21,crowding_top_quantile,-0.0017170281190947991,1.49889190288461
2022-06-22,crowding_top_quantile,-0.009885156121828411,1.4840751224148512
2022-06-23,crowding_top_quantile,0.01501635443898376,1.5063605204671109
2022-06-24,crowding_top_quantile,0.005848835877580594,1.51517097592379
2022-06-27,crowding_top_quantile,0.010138452578394947,1.5305324650113536
2022-06-28,crowding_top_quantile,0.01098101751622056,1.5473392688187877
2022-06-29,crowding_top_quantile,-0.015676604014847786,1.5230822438248914
2022-06-30,crowding_top_quantile,0.006637835660453107,1.5331922134567553
2022-07-01,crowding_top_quantile,-0.0060367189444804365,1.523936762976251
2022-07-04,crowding_top_quantile,0.0026128625085795436,1.5279186002096776
2022-07-05,crowding_top_quantile,-0.0004347196989341718,1.5272543838957986
2022-07-06,crowding_top_quantile,-0.00865053037448067,1.5140428234583492
2022-07-07,crowding_top_quantile,0.005465630957186806,1.5223180227847497
2022-07-08,crowding_top_quantile,-0.0016403352989420752,1.5198209107957603
2022-07-11,crowding_top_quantile,-0.013216413264330313,1.4997343295509127
2022-07-12,crowding_top_quantile,-0.010721082600367228,1.483655553925191
2022-07-13,crowding_top_quantile,0.0028618153610520227,1.4879015021799242
2022-07-14,crowding_top_quantile,0.007027936037165384,1.498358378766847
2022-07-15,crowding_top_quantile,-0.011427983552166322,1.4812351638590489
2022-07-18,crowding_top_quantile,0.015574309363551357,1.5043043785411605
2022-07-19,crowding_top_quantile,-0.003399581978102018,1.499190372486292
2022-07-20,crowding_top_quantile,0.012416812936375088,1.517805538897469
2022-07-21,crowding_top_quantile,-0.0050388935709695494,1.5101574783255365
2022-07-22,crowding_top_quantile,-0.0016774820925710143,1.5076242161986833
2022-07-25,crowding_top_quantile,-0.008213747751064744,1.4952409711834305
2022-07-26,crowding_top_quantile,0.0035624803377261264,1.5005677377434339
2022-07-27,crowding_top_quantile,0.004602427831135736,1.5074739924621285
2022-07-28,crowding_top_quantile,0.00790871430196165,1.519396173586149
2022-07-29,crowding_top_quantile,-0.0006330026997484195,1.5184343917062815
2022-08-01,crowding_top_quantile,0.0062679819100540345,1.5279519110051003
2022-08-02,crowding_top_quantile,-0.00987732533083604,1.5128598328902303
2022-08-03,crowding_top_quantile,-3.4031036943704945e-05,1.5128083487013666
2022-08-04,crowding_top_quantile,0.003433740511648698,1.5180029400146628
2022-08-05,crowding_top_quantile,0.010564762962595599,1.534040281252441
2022-08-08,crowding_top_quantile,0.0001400610583087403,1.5342551405577214
2022-08-09,crowding_top_quantile,0.002192778306354004,1.5376194219463484
2022-08-10,crowding_top_quantile,-0.002319326907710651,1.5340531798472097
2022-08-11,crowding_top_quantile,0.008860548958162495,1.5476457331516709
2022-08-12,crowding_top_quantile,-0.0032259402695837052,1.5426531204580476
2022-08-15,crowding_top_quantile,0.006216932400110576,1.552243690624755
2022-08-16,crowding_top_quantile,0.0020117349878589264,1.5553663935668682
2022-08-17,crowding_top_quantile,0.0033685724873405375,1.5606057580079715
2022-08-18,crowding_top_quantile,-0.003267995677656089,1.5555057051362762
2022-08-19,crowding_top_quantile,-0.010809652860300813,1.5386912284415357
2022-08-22,crowding_top_quantile,9.341660085800064e-05,1.5388349677458666
2022-08-23,crowding_top_quantile,-0.00177591659021602,1.5361021251970421
2022-08-24,crowding_top_quantile,-0.013049272754531629,1.5160571095865303
2022-08-25,crowding_top_quantile,-0.0003120244976029473,1.5155840626285741
2022-08-26,crowding_top_quantile,-0.002181304717125798,1.5122781119635618
2022-08-29,crowding_top_quantile,-0.011915382599058052,1.494258739663335
2022-08-30,crowding_top_quantile,-0.006000165390149293,1.4852929400896788
2022-08-31,crowding_top_quantile,-0.011683311695167642,1.4679397997119792
2022-09-01,crowding_top_quantile,0.002826487333036265,1.472088912961525
2022-09-02,crowding_top_quantile,0.00034607850123111726,1.4725983712862016
2022-09-05,crowding_top_quantile,0.011351164537088128,1.4893140776957192
2022-09-06,crowding_top_quantile,0.005503238917106667,1.497510128887889
2022-09-07,crowding_top_quantile,-0.0035211382659850136,1.4922371886693617
2022-09-08,crowding_top_quantile,-0.0012508418549689539,1.490370635936233
2022-09-09,crowding_top_quantile,0.0073514111688635754,1.5013269632750008
2022-09-13,crowding_top_quantile,0.0023906237626746345,1.5049160711889504
2022-09-14,crowding_top_quantile,-0.01200916920500911,1.4868432794507047
2022-09-15,crowding_top_quantile,-0.004705974829118076,1.4798462324027664
2022-09-16,crowding_top_quantile,-0.009475991751765346,1.4658232217106366
2022-09-19,crowding_top_quantile,-0.005420643532398854,1.4578775165442308
2022-09-20,crowding_top_quantile,0.0042038048509804304,1.4640061491204148
2022-09-21,crowding_top_quantile,-0.0024648967368626987,1.460397525140701
2022-09-22,crowding_top_quantile,-0.0027844556944858767,1.45633111293561
2022-09-23,crowding_top_quantile,-0.005367011768791685,1.448514966713227
2022-09-26,crowding_top_quantile,-0.005546384639462557,1.4404809455518173
2022-09-27,crowding_top_quantile,0.004290467050587154,1.446661281585706
2022-09-28,crowding_top_quantile,-0.007411270952645921,1.4359396828511723
2022-09-29,crowding_top_quantile,0.005720507606786407,1.4441539867298088
2022-09-30,crowding_top_quantile,-0.005951718283565832,1.4355587890427046
2022-10-10,crowding_top_quantile,-0.001723224616399013,1.433084998799138
2022-10-11,crowding_top_quantile,0.0005641257960253055,1.4338934390148577
2022-10-12,crowding_top_quantile,0.008900986848766668,1.4466565056580616
2022-10-13,crowding_top_quantile,-0.001532383541329785,1.4444396730388336
2022-10-14,crowding_top_quantile,0.009145960829019384,1.4576504617083283
2022-10-17,crowding_top_quantile,-0.0014389465169600422,1.455552980653508
2022-10-18,crowding_top_quantile,0.0013846168847888697,1.4575683638872254
2022-10-19,crowding_top_quantile,-0.00477082895860359,1.4506145545276479
2022-10-20,crowding_top_quantile,-0.008735386730368867,1.437942875397147
2022-10-21,crowding_top_quantile,0.00014122980517136124,1.4381459557892868
2022-10-24,crowding_top_quantile,-0.008598329804297197,1.4257803025546942
2022-10-25,crowding_top_quantile,-0.0027752616514052034,1.4218233891576852
2022-10-26,crowding_top_quantile,0.01109824152386214,1.4376031285348334
2022-10-27,crowding_top_quantile,-0.0024455656569640108,1.4340873756953447
2022-10-28,crowding_top_quantile,-0.01729226145102236,1.4092887618512102
2022-10-31,crowding_top_quantile,0.003991829555788104,1.414914402383408
2022-11-01,crowding_top_quantile,0.017693828704032754,1.4399496554500488
2022-11-02,crowding_top_quantile,0.007562521182271854,1.4508393052207949
2022-11-03,crowding_top_quantile,-0.003605753357796981,1.445607936524371
2022-11-04,crowding_top_quantile,0.013989420611551897,1.465831153987808
2022-11-07,crowding_top_quantile,0.0016375099913191445,1.4682314671480496
2022-11-08,crowding_top_quantile,-0.0015623470800739672,1.465937580002478
2022-11-09,crowding_top_quantile,-0.0015165342995270056,1.4637144353814386
2022-11-10,crowding_top_quantile,-0.014199634568404196,1.4429302252865241
2022-11-11,crowding_top_quantile,0.018254188753583714,1.4692697459771553
2022-11-14,crowding_top_quantile,-0.005857134339534069,1.460664035693954
2022-11-15,crowding_top_quantile,0.013046122838536803,1.4797200381294502
2022-11-16,crowding_top_quantile,-0.0035551469759029348,1.4744594159107112
2022-11-17,crowding_top_quantile,-0.00034740059737992123,1.4739471878288113
2022-11-18,crowding_top_quantile,-0.005943626080391762,1.4651865968821118
2022-11-21,crowding_top_quantile,-0.0011223782181877427,1.4635421033601907
2022-11-22,crowding_top_quantile,-0.009352314714985533,1.4498545970109344
2022-11-23,crowding_top_quantile,0.0031851263983680325,1.4544725671616692
2022-11-24,crowding_top_quantile,0.00025026315848504223,1.454836568060257
2022-11-25,crowding_top_quantile,-0.005535706175429767,1.4467830202862049
2022-11-28,crowding_top_quantile,-0.007659549394405496,1.4357013142793356
2022-11-29,crowding_top_quantile,0.006835541845054561,1.4455151106900916
2022-11-30,crowding_top_quantile,0.001780822571523078,1.4480893166266862
2022-12-01,crowding_top_quantile,0.006619970997411607,1.4576756259044163
2022-12-02,crowding_top_quantile,-0.0012127740037026656,1.4559077947994885
2022-12-05,crowding_top_quantile,0.003424903362670627,1.4608941383016356
2022-12-06,crowding_top_quantile,-0.004446435572492435,1.4543983666374456
2022-12-07,crowding_top_quantile,-0.006241169813554015,1.4453212194547056
2022-12-08,crowding_top_quantile,0.00143894177273759,1.447400952532403
2022-12-09,crowding_top_quantile,0.00896842192685248,1.4603818549720418
2022-12-12,crowding_top_quantile,-0.008484832533560534,1.4479907594975534
2022-12-13,crowding_top_quantile,-0.003314064560305685,1.4431920246378525
2022-12-14,crowding_top_quantile,0.006052183302349512,1.4519264873114497
2022-12-15,crowding_top_quantile,-0.001769634650199337,1.4493571078899612
2022-12-16,crowding_top_quantile,-0.004544775053540206,1.4427701058623517
2022-12-19,crowding_top_quantile,-0.011412313596175493,1.4263047609670632
2022-12-20,crowding_top_quantile,-0.009364127980174953,1.4129486606466348
2022-12-21,crowding_top_quantile,0.00571001887754694,1.4210166241719318
2022-12-22,crowding_top_quantile,0.002654404527874588,1.4247885771333189
2022-12-23,crowding_top_quantile,-0.007576767040990651,1.4139932860017153
2022-12-26,crowding_top_quantile,0.00860799437112215,1.4261649322484224
2022-12-27,crowding_top_quantile,0.006217523352469213,1.4350321460191497
2022-12-28,crowding_top_quantile,-0.004998399453709846,1.4278592821244316
2022-12-29,crowding_top_quantile,-0.005537697121445861,1.4199522298879814
2022-12-30,crowding_top_quantile,0.00607899454837909,1.4285841117524292
2023-01-03,crowding_top_quantile,0.0016918202243333363,1.431001019244853
2023-01-04,crowding_top_quantile,-0.0042045861723984616,1.424984252146648
2023-01-05,crowding_top_quantile,0.0002671240739393391,1.425364899745381
2023-01-06,crowding_top_quantile,-0.0025212517467494647,1.4217711960021426
2023-01-09,crowding_top_quantile,0.005371588305250972,1.4294083655313303
2023-01-10,crowding_top_quantile,0.00035908295179909477,1.429921641706552
2023-01-11,crowding_top_quantile,-0.001663919008509329,1.4275423679062373
2023-01-12,crowding_top_quantile,0.004350226085315701,1.4337524999529963
2023-01-13,crowding_top_quantile,0.00867408051653862,1.446188984578377
2023-01-16,crowding_top_quantile,0.0074372949096972235,1.456944718551842
2023-01-17,crowding_top_quantile,-0.0008447294792633729,1.455713994398424
2023-01-18,crowding_top_quantile,0.0044447058582591575,1.4621842149172766
2023-01-19,crowding_top_quantile,0.00043673651236402226,1.4628228041517333
2023-01-20,crowding_top_quantile,0.004092798405212728,1.4688098429916745
2023-01-30,crowding_top_quantile,0.002116043320064192,1.4719179082483815
2023-01-31,crowding_top_quantile,-0.004058924543715093,1.4659435045242584
2023-02-01,crowding_top_quantile,0.014134598216638115,1.4866640269689992
2023-02-02,crowding_top_quantile,-0.002606262601214015,1.4827893901149398
2023-02-03,crowding_top_quantile,0.0008072147005575792,1.4839863195084713
2023-02-06,crowding_top_quantile,-0.004512325476965169,1.4772900902314854
2023-02-07,crowding_top_quantile,0.0021410919472274136,1.4804531041473987
2023-02-08,crowding_top_quantile,-0.006702293237964319,1.4705306733183483
2023-02-09,crowding_top_quantile,0.017993220166521363,1.4969902554849883
2023-02-10,crowding_top_quantile,-0.006134865208067131,1.487806422049798
2023-02-13,crowding_top_quantile,0.006899618665033143,1.498071719009329
2023-02-14,crowding_top_quantile,0.0015116693580567997,1.5003363081231267
2023-02-15,crowding_top_quantile,0.0037322836852264458,1.5059359888482875
2023-02-16,crowding_top_quantile,-0.007351282693816997,1.494865427675471
2023-02-17,crowding_top_quantile,-0.01628353795926173,1.4705237297399294
2023-02-20,crowding_top_quantile,0.01004273268092188,1.4852918064586595
2023-02-21,crowding_top_quantile,0.0007758728274389725,1.4864442040121086
2023-02-22,crowding_top_quantile,-0.0008911594921878318,1.4851195451500956
2023-02-23,crowding_top_quantile,-0.0022572811999976633,1.4817672127210793
2023-02-24,crowding_top_quantile,-0.0003228979282870472,1.4812887531578878
2023-02-27,crowding_top_quantile,-0.008354268006115804,1.4689136699195615
2023-02-28,crowding_top_quantile,0.004639516373234809,1.4757287189420218
2023-03-01,crowding_top_quantile,0.008453995057796605,1.4882045222386062
2023-03-02,crowding_top_quantile,-0.001704460632325944,1.485667936217601
2023-03-03,crowding_top_quantile,-0.0003945092683128146,1.485081826447128
2023-03-06,crowding_top_quantile,-0.0012164300513445607,1.483275328284732
2023-03-07,crowding_top_quantile,-0.007412071398616427,1.4722811856476794
2023-03-08,crowding_top_quantile,0.0004911956817242989,1.4730043638083536
2023-03-09,crowding_top_quantile,-0.0009596529630550021,1.471590790806032
2023-03-10,crowding_top_quantile,-0.009473808708792332,1.4576492211563152
2023-03-13,crowding_top_quantile,0.008977863253556297,1.4707357965355092
2023-03-14,crowding_top_quantile,-0.004303635531058369,1.4644062857047395
2023-03-15,crowding_top_quantile,0.002128293488531663,1.4675229720671696
2023-03-16,crowding_top_quantile,-0.0049641016459143214,1.460238038866114
2023-03-17,crowding_top_quantile,0.007282823442120512,1.4708726946866442
2023-03-20,crowding_top_quantile,-0.0007073046058975042,1.4698323396550035
2023-03-21,crowding_top_quantile,0.00720597765159795,1.4804239186461534
2023-03-22,crowding_top_quantile,0.004218383030970829,1.4866689137832136
2023-03-23,crowding_top_quantile,0.014998677070307267,1.5089669807315125
2023-03-24,crowding_top_quantile,0.0018854570647156787,1.5118120731857556
2023-03-27,crowding_top_quantile,-0.0034560044213833717,1.5065872439765249
2023-03-28,crowding_top_quantile,-0.0065576188775746235,1.4967076190247113
2023-03-29,crowding_top_quantile,0.010359840066447967,1.5122132705840414
2023-03-30,crowding_top_quantile,0.004517761021336187,1.5190450887538334
2023-03-31,crowding_top_quantile,0.008707398083457751,1.5322720190483345
2023-04-03,crowding_top_quantile,0.0158236514493299,1.5565181574033164
2023-04-04,crowding_top_quantile,0.005654662653064869,1.5653197424968024
2023-04-06,crowding_top_quantile,0.01184665559427075,1.5838635463810744
2023-04-07,crowding_top_quantile,0.010019459254477727,1.5997330026486922
2023-04-10,crowding_top_quantile,-0.016322185706188715,1.5736218634991415
2023-04-11,crowding_top_quantile,-0.0007233181071271245,1.5724836343115014
2023-04-12,crowding_top_quantile,0.006696595378029958,1.5830139209490597
2023-04-13,crowding_top_quantile,-0.015943741585935967,1.5577747560665087
2023-04-14,crowding_top_quantile,0.01620999994878929,1.583026284782572
2023-04-17,crowding_top_quantile,-0.002247483119933433,1.5794684599291122
2023-04-18,crowding_top_quantile,-0.0036680139081489596,1.5736749476506096
2023-04-19,crowding_top_quantile,-0.0015134911285648593,1.5712932045780954
2023-04-20,crowding_top_quantile,0.007138183578480808,1.5825093839279931
2023-04-21,crowding_top_quantile,-0.023406299141852337,1.5454686958929862
2023-04-24,crowding_top_quantile,-0.012122120309744838,1.526734338426427
2023-04-25,crowding_top_quantile,-0.011515863728827857,1.509152673834986
2023-04-26,crowding_top_quantile,-0.0017364249533465266,1.5065321434737295
2023-04-27,crowding_top_quantile,-0.0005010621541578943,1.5057772772326126
2023-04-28,crowding_top_quantile,0.01126011119443341,1.5227324968083031
2023-05-04,crowding_top_quantile,-0.007948869855194564,1.5106284943668984
2023-05-05,crowding_top_quantile,-0.0032364977328435685,1.505739348669711
2023-05-08,crowding_top_quantile,0.010993376009411228,1.522292507501803
2023-05-09,crowding_top_quantile,-0.002815662286820164,1.5180062458989212
2023-05-10,crowding_top_quantile,-0.009157530232659096,1.5041050578087365
2023-05-11,crowding_top_quantile,0.0002984813772652806,1.504554005157943
2023-05-12,crowding_top_quantile,-0.005045623967199842,1.4969625914095714
2023-05-15,crowding_top_quantile,0.00453318383138216,1.5037485980251333
2023-05-16,crowding_top_quantile,-0.00035103863028773674,1.5032207241769855
2023-05-17,crowding_top_quantile,-0.0018933817411098564,1.5003745535049708
2023-05-18,crowding_top_quantile,0.0026654671655129475,1.5043737526133094
2023-05-19,crowding_top_quantile,-0.0021300326866173338,1.5011693873473537
2023-05-22,crowding_top_quantile,-0.0005088590219684151,1.5004055037610993
2023-05-23,crowding_top_quantile,-0.0032960972190348107,1.4954600213527278
2023-05-24,crowding_top_quantile,-0.008600919188176905,1.4825976905599236
2023-05-25,crowding_top_quantile,-0.0004161257246246607,1.4819807435216126
2023-05-26,crowding_top_quantile,-0.0018669907281277155,1.4792138992141939
2023-05-29,crowding_top_quantile,0.003860777887427717,1.4849248155270558
2023-05-30,crowding_top_quantile,0.004880620650325307,1.4921721702458977
2023-05-31,crowding_top_quantile,-0.006367470756963246,1.4826708075875026
2023-06-01,crowding_top_quantile,0.0059036767048964885,1.491424016695287
2023-06-02,crowding_top_quantile,0.006137790518104725,1.500578064883433
2023-06-05,crowding_top_quantile,0.00462584859959603,1.5075195118234586
2023-06-06,crowding_top_quantile,-0.010934735711806134,1.4910351843812781
2023-06-07,crowding_top_quantile,-0.0007485833268444098,1.489919020302512
2023-06-08,crowding_top_quantile,-0.00811881893426627,1.4778226375499566
2023-06-09,crowding_top_quantile,0.013041760754995902,1.4970960468272003
2023-06-12,crowding_top_quantile,0.0039354888117789835,1.5029878515696475
2023-06-13,crowding_top_quantile,0.00804160468111993,1.5150742857124966
2023-06-14,crowding_top_quantile,0.0014559589558716833,1.5172801716875903
2023-06-15,crowding_top_quantile,-0.0014407600233117715,1.5150941350720593
2023-06-16,crowding_top_quantile,0.006175527353262767,1.524450640345965
2023-06-19,crowding_top_quantile,-0.0018922634330879372,1.521565978143691
2023-06-20,crowding_top_quantile,0.0027753249627000985,1.5257888181852284
2023-06-21,crowding_top_quantile,-0.00862213425891908,1.512633262144078
2023-06-26,crowding_top_quantile,-0.015997558372828822,1.4884348232362457
2023-06-27,crowding_top_quantile,0.0038579065772246578,1.4941770657305788
2023-06-28,crowding_top_quantile,-0.0020981880457612285,1.4910420012730123
2023-06-29,crowding_top_quantile,0.001537472199743828,1.49333443689862
2023-06-30,crowding_top_quantile,0.005519343787836673,1.5015766630460792
2023-07-03,crowding_top_quantile,0.010992154581986898,1.5180822258429858
2023-07-04,crowding_top_quantile,-0.0010649507877371843,1.5164655429807246
2023-07-05,crowding_top_quantile,-0.00310900037098002,1.511750851045019
2023-07-06,crowding_top_quantile,-0.004536342226637014,1.5048930318232692
2023-07-07,crowding_top_quantile,-0.00684715204770524,1.494588800418843
2023-07-10,crowding_top_quantile,-0.001960912440583622,1.4916580426465447
2023-07-11,crowding_top_quantile,0.00919124523296233,1.5053682375202297
2023-07-12,crowding_top_quantile,-0.0033360155426049865,1.5003463056825184
2023-07-13,crowding_top_quantile,0.010885285957136814,1.5166780042546064
2023-07-14,crowding_top_quantile,0.0021833679811104397,1.5199894704467505
2023-07-17,crowding_top_quantile,0.0018383720274574044,1.5227837765712497
2023-07-18,crowding_top_quantile,0.0023113762852438715,1.5263035028799705
2023-07-19,crowding_top_quantile,0.008660110585852875,1.5395214600024856
2023-07-20,crowding_top_quantile,-0.005221173842667194,1.5314833508252959
2023-07-21,crowding_top_quantile,-0.0049430013591308716,1.52391322654068
2023-07-24,crowding_top_quantile,-0.0009233189266646757,1.5225061686160204
2023-07-25,crowding_top_quantile,0.007823577105944769,1.5344176130204643
2023-07-26,crowding_top_quantile,-0.00018964051012777545,1.534126625281582
2023-07-27,crowding_top_quantile,0.00034800042154308234,1.5346605019938804
2023-07-28,crowding_top_quantile,0.0022138216333530527,1.538057966613047
2023-07-31,crowding_top_quantile,0.004192484992721242,1.5445062515560075
2023-08-01,crowding_top_quantile,0.0008964346967169966,1.5458908005491987
2023-08-02,crowding_top_quantile,-0.0084513927809308,1.5328258701973299
2023-08-03,crowding_top_quantile,-0.0022162055893902304,1.5294288129362366
2023-08-04,crowding_top_quantile,0.001447762825135701,1.531643063115297
2023-08-07,crowding_top_quantile,-0.005474937664796912,1.5232574128200222
2023-08-08,crowding_top_quantile,-0.0020190496438183382,1.5201818804832243
2023-08-09,crowding_top_quantile,0.0024428707920833514,1.5238954883977112
2023-08-10,crowding_top_quantile,0.004366983657773405,1.5305503150916984
2023-08-11,crowding_top_quantile,-0.013066315503404558,1.510551661780875
2023-08-14,crowding_top_quantile,-0.0020937247933333933,1.5073889823149935
2023-08-15,crowding_top_quantile,0.005669301963204754,1.5159348256317453
2023-08-16,crowding_top_quantile,-0.004757443863066801,1.5087228507987345
2023-08-17,crowding_top_quantile,0.002131445956366396,1.511938612018347
2023-08-18,crowding_top_quantile,-0.001174998659581317,1.510162086175856
2023-08-21,crowding_top_quantile,-0.006955031885053407,1.4996588607149042
2023-08-22,crowding_top_quantile,0.0016919635354821104,1.5021962288228965
2023-08-23,crowding_top_quantile,-0.00926947750500603,1.4882716546717176
2023-08-24,crowding_top_quantile,0.004738414812306824,1.4953237031249504
2023-08-25,crowding_top_quantile,-0.004501828585073465,1.4885920121342846
2023-08-28,crowding_top_quantile,0.009547994624393596,1.5028050806640578
2023-08-29,crowding_top_quantile,0.00519569241555813,1.5106131936237261
2023-08-30,crowding_top_quantile,0.007324655118961799,1.5216779142851735
2023-08-31,crowding_top_quantile,0.002101851212085948,1.524876254853718
2023-09-01,crowding_top_quantile,-0.0002183957286064351,1.5245432283930047
2023-09-04,crowding_top_quantile,0.0016768848548478514,1.5270997118432579
2023-09-05,crowding_top_quantile,-0.0022174163774111967,1.5237134959322767
2023-09-06,crowding_top_quantile,0.002256858263840311,1.5271523013272963
2023-09-07,crowding_top_quantile,-0.009276168799219886,1.5129861787980672
2023-09-08,crowding_top_quantile,-0.0028382459942439603,1.508691951836747
2023-09-11,crowding_top_quantile,0.0021591554163179713,1.5119494522361108
2023-09-12,crowding_top_quantile,-0.0028388709786314474,1.507657222815
2023-09-13,crowding_top_quantile,-0.008182197101567824,1.4953212742563253
2023-09-14,crowding_top_quantile,0.0010533868940335702,1.4968964260889968
2023-09-15,crowding_top_quantile,0.0032735262404583686,1.5017965558190476
2023-09-18,crowding_top_quantile,-0.004708860229513373,1.4947248057445313
2023-09-19,crowding_top_quantile,-0.0006027263979167309,1.4938238956464882
2023-09-20,crowding_top_quantile,-0.0009635990885029976,1.4923844483022592
2023-09-21,crowding_top_quantile,-0.004958399774675327,1.4849846095900683
2023-09-22,crowding_top_quantile,0.0027182423431997616,1.489021157634856
2023-09-25,crowding_top_quantile,-0.0006814690902131472,1.4880064357412544
2023-09-26,crowding_top_quantile,-0.0035434485246501617,1.482733761531857
2023-09-27,crowding_top_quantile,-0.0022620863511782162,1.4793796897274647
2023-09-28,crowding_top_quantile,0.002227345561608895,1.4826747795133135
2023-10-09,crowding_top_quantile,-0.003373439461566302,1.477673065903434
2023-10-10,crowding_top_quantile,-0.004349178660389763,1.4712464017381741
2023-10-11,crowding_top_quantile,0.0013783387729804587,1.4732742776982979
2023-10-12,crowding_top_quantile,0.005923911584684461,1.4820018242593727
2023-10-13,crowding_top_quantile,-0.0026673110268644273,1.4780488644516925
2023-10-16,crowding_top_quantile,0.00021663482660353958,1.4783690613111544
2023-10-17,crowding_top_quantile,0.00165330188755064,1.4808132516707166
2023-10-18,crowding_top_quantile,-0.002856779378206509,1.4765828949103688
2023-10-19,crowding_top_quantile,-0.006802724898073254,1.466538107687093
2023-10-20,crowding_top_quantile,-0.0024130185199136792,1.4629993240730848
2023-10-23,crowding_top_quantile,-0.010806603714210649,1.447189270143669
2023-10-24,crowding_top_quantile,0.006166844397927329,1.456113861186995
2023-10-25,crowding_top_quantile,0.0017843446791502295,1.4587120702074412
2023-10-26,crowding_top_quantile,-0.0030539400429473672,1.4542572510051042
2023-10-27,crowding_top_quantile,0.007591948877517574,1.4652978977094941
2023-10-30,crowding_top_quantile,0.0051205335879345995,1.4728010048110454
2023-10-31,crowding_top_quantile,-0.00499752031787829,1.4654406518653107
2023-11-01,crowding_top_quantile,0.0005202570435814405,1.466203057686394
2023-11-02,crowding_top_quantile,0.0020538229402947256,1.4692143791614005
2023-11-03,crowding_top_quantile,0.007593215682315646,1.4803704408259326
2023-11-06,crowding_top_quantile,0.012411548989662862,1.4987441310750924
2023-11-07,crowding_top_quantile,-0.006534184362558726,1.4889510606103449
2023-11-08,crowding_top_quantile,-0.0005295215491435523,1.4881626289381316
2023-11-09,crowding_top_quantile,0.005034173674321697,1.4956542980678413
2023-11-10,crowding_top_quantile,-0.0052507721970927014,1.4878009580630844
2023-11-13,crowding_top_quantile,0.0026583640944430067,1.4917560747096774
2023-11-14,crowding_top_quantile,0.0022400638776830296,1.4950977036069486
2023-11-15,crowding_top_quantile,0.007744904643058147,1.5066770927534396
2023-11-16,crowding_top_quantile,-0.0035779266819056855,1.501286312582261
2023-11-17,crowding_top_quantile,-0.0015320414548136152,1.4989862797158406
2023-11-20,crowding_top_quantile,-0.0014044625037880464,1.496881009692287
2023-11-21,crowding_top_quantile,-0.001119748143219823,1.495204879961063
2023-11-22,crowding_top_quantile,-0.007538213731389332,1.4839337060037003
2023-11-23,crowding_top_quantile,0.005455223902184114,1.4920288966259483
2023-11-24,crowding_top_quantile,-0.0032829854923753345,1.4871305874041205
2023-11-27,crowding_top_quantile,0.0021289559723622615,1.490296622949857
2023-11-28,crowding_top_quantile,0.0009405365390879217,1.491698301377821
2023-11-29,crowding_top_quantile,-0.005559376973039276,1.4834053881904192
2023-11-30,crowding_top_quantile,0.00014259665133348198,1.4836169168313453
2023-12-01,crowding_top_quantile,0.0018570094681608527,1.486372007493025
2023-12-04,crowding_top_quantile,-0.002988914344197657,1.4819293688790152
2023-12-05,crowding_top_quantile,-0.011984360305573217,1.4641693933749582
2023-12-06,crowding_top_quantile,0.0059991115117467905,1.4729531088379013
2023-12-07,crowding_top_quantile,-0.003309803800912725,1.4680779230397034
2023-12-08,crowding_top_quantile,0.0031799048057569277,1.472746271082403
2023-12-11,crowding_top_quantile,0.00298464526802897,1.4771418962713965
2023-12-12,crowding_top_quantile,-0.001441972473047737,1.4750118983181875
2023-12-13,crowding_top_quantile,-0.0015281274009998015,1.4727578922195668
2023-12-14,crowding_top_quantile,0.0021897968601833464,1.4759829328277594
2023-12-15,crowding_top_quantile,-0.0031220579564946397,1.471374828568674
2023-12-18,crowding_top_quantile,-0.0032225083949507273,1.4666333108314924
2023-12-19,crowding_top_quantile,0.0029810750365822153,1.471005454782232
2023-12-20,crowding_top_quantile,-0.0005755656676009746,1.4701587945456056
2023-12-21,crowding_top_quantile,-0.00206440013620649,1.4671237985299006
2023-12-22,crowding_top_quantile,0.00015233735883175533,1.4673472962944478
2023-12-25,crowding_top_quantile,0.001780280931967517,1.469959586706615
2023-12-26,crowding_top_quantile,8.875746451696446e-05,1.4700900565924735
2023-12-27,crowding_top_quantile,0.0028767010992858835,1.4743190662743222
2023-12-28,crowding_top_quantile,0.0016752967142190324,1.4767889881617622
2023-12-29,crowding_top_quantile,-0.0017966943226945032,1.4741356497709142
2024-01-02,crowding_top_quantile,0.00039666845338035575,1.4747203928791814
2024-01-03,crowding_top_quantile,-0.0035355643298130347,1.46950642406167
2024-01-04,crowding_top_quantile,-0.007357502517067338,1.4586945268477896
2024-01-05,crowding_top_quantile,-0.005594695407017925,1.450533575278192
2024-01-08,crowding_top_quantile,-0.007770709678417258,1.4392618999859086
2024-01-09,crowding_top_quantile,0.00599533400929726,1.44789075580318
2024-01-10,crowding_top_quantile,-0.004150487890015986,1.4418813027551527
2024-01-11,crowding_top_quantile,0.007000363421421209,1.4519749958849912
2024-01-12,crowding_top_quantile,-0.0009737583633079637,1.4505611230894342
2024-01-15,crowding_top_quantile,0.0006755125227969729,1.4515409952931637
2024-01-16,crowding_top_quantile,-0.004473484739890277,1.4450475488013945
2024-01-17,crowding_top_quantile,-0.011871505567941832,1.4278926587798582
2024-01-18,crowding_top_quantile,0.004686214290288749,1.4345840697624308
2024-01-19,crowding_top_quantile,0.0016712895922126876,1.4369816751873787
2024-01-22,crowding_top_quantile,-0.0001714740462223142,1.436735270125187
2024-01-23,crowding_top_quantile,0.0003653330370321457,1.437260156984833
2024-01-24,crowding_top_quantile,0.005488319416009124,1.4451482998102692
2024-01-25,crowding_top_quantile,0.01290935093458313,1.4638042263650362
2024-01-26,crowding_top_quantile,-0.006481028419829837,1.4543172695728974
2024-01-29,crowding_top_quantile,-0.007384025236866033,1.443578554151961
2024-01-30,crowding_top_quantile,-0.005842674001713865,1.4351441952641857
2024-01-31,crowding_top_quantile,-0.013994177485079418,1.4150605326789774
2024-02-01,crowding_top_quantile,-0.0020336868550319687,1.4121827426745936
2024-02-02,crowding_top_quantile,-0.007543351600534152,1.4015301517223926
2024-02-05,crowding_top_quantile,-0.007242881069657657,1.391379035517928
2024-02-06,crowding_top_quantile,0.02715813475172544,1.4291662948552497
2024-02-07,crowding_top_quantile,0.008191873821559205,1.4408738448127292
2024-02-08,crowding_top_quantile,0.013360103387412258,1.4601240683476453
2024-02-19,crowding_top_quantile,0.006979044015064722,1.470314338488099
2024-02-20,crowding_top_quantile,0.0009314993039938878,1.471683935271053
2024-02-21,crowding_top_quantile,0.006408840773444225,1.4811157232810408
2024-02-22,crowding_top_quantile,0.007750059403126609,1.4925944581193735
2024-02-23,crowding_top_quantile,0.002697327167717712,1.496620473701644
2024-02-26,crowding_top_quantile,-0.00333340266754308,1.4916316350223073
2024-02-27,crowding_top_quantile,0.01173080961485563,1.5091296817482498
2024-02-28,crowding_top_quantile,-0.009127455284752794,1.4953551680591994
2024-02-29,crowding_top_quantile,0.011169771829387632,1.5120579440903164
2024-03-01,crowding_top_quantile,0.012481354850800286,1.5309304758454791
2024-03-04,crowding_top_quantile,0.00740222906764133,1.5422627739143207
2024-03-05,crowding_top_quantile,-0.0038870945401735077,1.5362678527063254
2024-03-06,crowding_top_quantile,-0.001410039618567005,1.5341016541692787
2024-03-07,crowding_top_quantile,-0.011975410267568298,1.5157301574684463
2024-03-08,crowding_top_quantile,0.013556344675616295,1.5362779179183148
2024-03-11,crowding_top_quantile,0.007280431570570945,1.5474626841730985
2024-03-12,crowding_top_quantile,-0.002538739187401129,1.5435340800157473
2024-03-13,crowding_top_quantile,-0.001710857053834969,1.5408933138471177
2024-03-14,crowding_top_quantile,0.00029514668609438273,1.5413481034023246
2024-03-15,crowding_top_quantile,0.0022538529571388024,1.544822075383158
2024-03-18,crowding_top_quantile,0.007126401920783412,1.5558310983884374
2024-03-19,crowding_top_quantile,-0.006599613588851183,1.5455632143295557
2024-03-20,crowding_top_quantile,0.00409879000453971,1.5518981533838339
2024-03-21,crowding_top_quantile,0.0066974885007235144,1.5622919734204164
2024-03-22,crowding_top_quantile,-0.01190804921421551,1.5436881237139521
2024-03-25,crowding_top_quantile,-0.010510504214281069,1.527463183184121
2024-03-26,crowding_top_quantile,-0.0008355089418161546,1.5261869740362757
2024-03-27,crowding_top_quantile,-0.007068299921357846,1.5153994267677178
2024-03-28,crowding_top_quantile,0.010241204948731576,1.5309189428764363
2024-03-29,crowding_top_quantile,0.003225914537621366,1.5358575565501813
2024-04-01,crowding_top_quantile,0.006188382479370938,1.545362030543946
2024-04-02,crowding_top_quantile,-0.0051010654484664915,1.5374790376845662
2024-04-03,crowding_top_quantile,-0.008505407234867014,1.5244021523539875
2024-04-08,crowding_top_quantile,-0.0016039928676367323,1.5219570221742016
2024-04-09,crowding_top_quantile,0.0028765121925631077,1.5263349501050427
2024-04-10,crowding_top_quantile,-0.0006251371081983149,1.525380781488192
2024-04-11,crowding_top_quantile,-0.002411145500273149,1.5217028664807035
2024-04-12,crowding_top_quantile,0.009517480916057974,1.536185644472344
2024-04-15,crowding_top_quantile,-0.0049894072362921624,1.5285209887015256
2024-04-16,crowding_top_quantile,-0.00846515212951494,1.5155818259990106
2024-04-17,crowding_top_quantile,0.004788130272175195,1.522838629220035
2024-04-18,crowding_top_quantile,0.0034484081282641355,1.5280899983270722
2024-04-19,crowding_top_quantile,-0.0007806970039656912,1.5268970230435883
2024-04-22,crowding_top_quantile,-0.014226448776256716,1.50517470075864
2024-04-23,crowding_top_quantile,-0.008407844910941143,1.4925194253107892
2024-04-24,crowding_top_quantile,0.0050332350627343425,1.5000316264140754
2024-04-25,crowding_top_quantile,0.0009601762170801331,1.501471921106626
2024-04-26,crowding_top_quantile,0.0098946778097055,1.5163285020062958
2024-04-29,crowding_top_quantile,-0.002958338646675001,1.5118426887977556
2024-04-30,crowding_top_quantile,0.002541609146979973,1.5156852020043987
2024-05-06,crowding_top_quantile,0.003186989100148963,1.520515674222444
2024-05-07,crowding_top_quantile,0.0018515096909031085,1.523330923728437
2024-05-08,crowding_top_quantile,-0.0067711834675684415,1.513016170562051
2024-05-09,crowding_top_quantile,0.009145208765478119,1.5268530193073855
2024-05-10,crowding_top_quantile,0.005862997975484652,1.5358049554684474
2024-05-13,crowding_top_quantile,-0.0017658856355882023,1.5330928995585205
2024-05-14,crowding_top_quantile,0.0011944292198454054,1.5349240705144906
2024-05-15,crowding_top_quantile,-0.00659349328585791,1.5248035589612516
2024-05-16,crowding_top_quantile,-0.0015898499801626834,1.5223793500532852
2024-05-17,crowding_top_quantile,0.009809940079670577,1.5373138002558355
2024-05-20,crowding_top_quantile,0.005142490576420678,1.5452194219866524
2024-05-21,crowding_top_quantile,-0.005754115632030455,1.536328050755682
2024-05-22,crowding_top_quantile,0.0016189754630098975,1.5388153281729893
2024-05-23,crowding_top_quantile,-0.014479516953055183,1.5165340255410873
2024-05-24,crowding_top_quantile,-0.006581796602324986,1.5065525070444707
2024-05-27,crowding_top_quantile,0.00630609554450832,1.5160529710967117
2024-05-28,crowding_top_quantile,0.0013223348943831484,1.518057700842126
2024-05-29,crowding_top_quantile,0.0027405131564309905,1.5222179579435056
2024-05-30,crowding_top_quantile,-0.008506784063292482,1.509268778478014
2024-05-31,crowding_top_quantile,-6.605125676574226e-05,1.5091690893783984
2024-06-03,crowding_top_quantile,-0.006477278105532817,1.499393781478221
2024-06-04,crowding_top_quantile,0.004963173240903706,1.506835532572031
2024-06-05,crowding_top_quantile,-0.00457768318916123,1.4999377168857453
2024-06-06,crowding_top_quantile,0.0030416814971139573,1.50450004968602
2024-06-07,crowding_top_quantile,0.004770063691803284,1.5116766107473436
2024-06-11,crowding_top_quantile,-0.00756447315260755,1.5002415736099206
2024-06-12,crowding_top_quantile,0.0013363819498019795,1.5022464693692354
2024-06-13,crowding_top_quantile,0.007090584160495717,1.5128982743901056
2024-06-14,crowding_top_quantile,-0.005618713908773632,1.5043977318132302
2024-06-17,crowding_top_quantile,0.002206336395778928,1.507716939282657
2024-06-18,crowding_top_quantile,0.005243740701309974,1.515623015963228
2024-06-19,crowding_top_quantile,-0.003847000177352034,1.5097924139520187
2024-06-20,crowding_top_quantile,0.0007132426158486861,1.5108692622427344
2024-06-21,crowding_top_quantile,-0.0013279211412512318,1.5088629470077357
2024-06-24,crowding_top_quantile,-0.017199420029331756,1.4829113794154545
2024-06-25,crowding_top_quantile,-0.010691347724595391,1.4670570582133644
2024-06-26,crowding_top_quantile,0.0108783838203667,1.4830162679789876
2024-06-27,crowding_top_quantile,-0.006840691873615513,1.4728714106461842
2024-06-28,crowding_top_quantile,0.006528370570874798,1.4824868610181294
2024-07-01,crowding_top_quantile,-0.0007010936246355068,1.4814474989312636
2024-07-02,crowding_top_quantile,-0.0029149359697440034,1.4771291743293415
2024-07-03,crowding_top_quantile,0.004830556885169401,1.4842645308326827
2024-07-04,crowding_top_quantile,0.0004357314036090964,1.4849112715000299
2024-07-05,crowding_top_quantile,0.0039621754923371945,1.4907947505482624
2024-07-08,crowding_top_quantile,-0.0023897569144831965,1.4872321134850643
2024-07-09,crowding_top_quantile,0.006174996964072854,1.4964157672707061
2024-07-10,crowding_top_quantile,-0.005205120399587471,1.488626743034221
2024-07-11,crowding_top_quantile,0.00512917002689206,1.4962621627058221
2024-07-12,crowding_top_quantile,-0.010258247447007275,1.4809131351951914
2024-07-15,crowding_top_quantile,0.006469821634917146,1.49049437903671
2024-07-16,crowding_top_quantile,0.0054212699277421126,1.4985747513912502
2024-07-17,crowding_top_quantile,-0.005901836516055481,1.4897304082014506
2024-07-18,crowding_top_quantile,-0.0005658272426555589,1.4888874781522778
2024-07-19,crowding_top_quantile,-0.0018899031430940965,1.4860736250276043
2024-07-22,crowding_top_quantile,-0.0030615752229747155,1.4815238988377037
2024-07-23,crowding_top_quantile,-0.011498136921805036,1.4644891341959414
2024-07-24,crowding_top_quantile,-0.010065291176901126,1.4497486246348514
2024-07-25,crowding_top_quantile,-0.013514238379683364,1.430156376130918
2024-07-26,crowding_top_quantile,0.007190905090758905,1.440440494896619
2024-07-29,crowding_top_quantile,0.002699893027307599,1.4443295301450418
2024-07-30,crowding_top_quantile,-0.0037101728454566165,1.4389708179424066
2024-07-31,crowding_top_quantile,0.014840795000203189,1.4603262888627646
2024-08-01,crowding_top_quantile,0.0001799676600349186,1.4605891003678588
2024-08-02,crowding_top_quantile,-0.019764144962318188,1.4317218056578067
2024-08-05,crowding_top_quantile,-0.03152606258072156,1.386585254414455
2024-08-06,crowding_top_quantile,0.013002317650648488,1.404614076342057
2024-08-07,crowding_top_quantile,0.0005327417819539384,1.405362372948045
2024-08-08,crowding_top_quantile,-0.003538118717496852,1.4003900340314517
2024-08-09,crowding_top_quantile,-0.0005417026717906111,1.3996314390084679
2024-08-12,crowding_top_quantile,-0.0029372403589865035,1.395520385058106
2024-08-13,crowding_top_quantile,0.004699628389271471,1.402078812277532
2024-08-14,crowding_top_quantile,-0.002682541526844907,1.3983176776396882
2024-08-15,crowding_top_quantile,0.004596994368420681,1.404745736129061
2024-08-16,crowding_top_quantile,0.0032056521655477012,1.409248862340127
2024-08-19,crowding_top_quantile,-0.004462935131625596,1.4029594760831858
2024-08-20,crowding_top_quantile,-0.00691120159342512,1.3932633403165688
2024-08-21,crowding_top_quantile,-0.0021905850161972108,1.3902112785196545
2024-08-22,crowding_top_quantile,-0.0058533221439042715,1.38207392405839
2024-08-23,crowding_top_quantile,0.001339023495152603,1.383924553514742
2024-08-26,crowding_top_quantile,0.0014117560036268366,1.385878317311733
2024-08-27,crowding_top_quantile,-0.004991637029199314,1.3789605157850753
2024-08-28,crowding_top_quantile,0.0018888383182477432,1.381565149246641
2024-08-29,crowding_top_quantile,-0.0018010844647180612,1.3790768337193369
2024-08-30,crowding_top_quantile,0.008924196453351053,1.3913839863077135
2024-09-02,crowding_top_quantile,-0.0041817590702746535,1.3855655537027365
2024-09-03,crowding_top_quantile,0.003384387414841428,1.3902548443251257
2024-09-04,crowding_top_quantile,-0.005409202356952781,1.3827346745444373
2024-09-05,crowding_top_quantile,0.0037642672715078713,1.387939657425004
2024-09-06,crowding_top_quantile,-0.007663308734127261,1.3773034473258174
2024-09-09,crowding_top_quantile,-0.006332027127099781,1.3685823245351023
2024-09-10,crowding_top_quantile,-0.0037041934494096546,1.3635128308535815
2024-09-11,crowding_top_quantile,-0.00160522012791291,1.3613240926128278
2024-09-12,crowding_top_quantile,0.0026801122036299143,1.364972593926535
2024-09-13,crowding_top_quantile,-0.0008472636651291278,1.363816102243804
2024-09-18,crowding_top_quantile,0.00576471941424828,1.3716781194058734
2024-09-19,crowding_top_quantile,0.005395142799569063,1.3790785187351124
2024-09-20,crowding_top_quantile,0.00010640631755910463,1.3792252614019158
2024-09-23,crowding_top_quantile,0.0010106840410057272,1.3806192223625668
2024-09-24,crowding_top_quantile,0.03501282397443744,1.428958600170872
2024-09-25,crowding_top_quantile,0.0062981912087563775,1.4379584546641448
2024-09-26,crowding_top_quantile,0.03775215872428268,1.4922444904835497
2024-09-27,crowding_top_quantile,0.04678107656392863,1.5620532942449614
2024-09-30,crowding_top_quantile,0.06807104147981438,1.668383888831191
2024-10-08,crowding_top_quantile,0.053929335218576305,1.7583587228452404
2024-10-09,crowding_top_quantile,-0.048300803007177505,1.6734285845571402
2024-10-10,crowding_top_quantile,-0.015522174753268624,1.6474533336305293
2024-10-11,crowding_top_quantile,-0.02379236888785618,1.6082565161912632
2024-10-14,crowding_top_quantile,0.015482365096929056,1.6331561307444515
2024-10-15,crowding_top_quantile,-0.02176747480743082,1.5976064458118706
2024-10-16,crowding_top_quantile,-0.012260571511678586,1.5780188777354756
2024-10-17,crowding_top_quantile,0.0021305277201308375,1.5813808906973807
2024-10-18,crowding_top_quantile,0.06707770065967111,1.6874562847125036
2024-10-21,crowding_top_quantile,0.007375506278291761,1.6999021291347438
2024-10-22,crowding_top_quantile,-0.006348488425439769,1.6891103201435516
2024-10-23,crowding_top_quantile,0.0016848449378231599,1.6919562091158702
2024-10-24,crowding_top_quantile,-0.007004109011740135,1.6801055633841322
2024-10-25,crowding_top_quantile,0.0049093756112443265,1.6883538326613263
2024-10-28,crowding_top_quantile,0.0019665205593886984,1.6916740151847773
2024-10-29,crowding_top_quantile,-0.006201834647020631,1.68118253266594
2024-10-30,crowding_top_quantile,-0.0028862905989097583,1.676330151326855
2024-10-31,crowding_top_quantile,0.007391404733912787,1.688720585942973
2024-11-01,crowding_top_quantile,-0.02061692019361482,1.6539043683932724
2024-11-04,crowding_top_quantile,0.012577331200773666,1.674706071408961
2024-11-05,crowding_top_quantile,0.03740794065714693,1.7373533767463913
2024-11-06,crowding_top_quantile,0.002541700671830538,1.7417692089912746
2024-11-07,crowding_top_quantile,0.02485677562562425,1.7850639754107915
2024-11-08,crowding_top_quantile,-0.0018078258893246438,1.7818368905419433
2024-11-11,crowding_top_quantile,0.024660347565114836,1.825777607567051
2024-11-12,crowding_top_quantile,-0.01270408870444898,1.8025827668859227
2024-11-13,crowding_top_quantile,-0.002344601022491422,1.7983564294875565
2024-11-14,crowding_top_quantile,-0.014129486447320528,1.7729465766896604
2024-11-15,crowding_top_quantile,-0.01831175492462017,1.740480813482875
2024-11-18,crowding_top_quantile,-0.006187948582571739,1.7297108077000904
2024-11-19,crowding_top_quantile,0.01679304730777076,1.7587579231225605
2024-11-20,crowding_top_quantile,0.008455371803554834,1.7736288752750098
2024-11-21,crowding_top_quantile,0.0016039246899537173,1.7764736424188783
2024-11-22,crowding_top_quantile,-0.02000865871809704,1.7409287875860242
2024-11-25,crowding_top_quantile,-0.002673923626062542,1.7362736769696054
2024-11-26,crowding_top_quantile,-0.008809231817462949,1.7209784396506214
2024-11-27,crowding_top_quantile,0.013478950353370335,1.7441754225978927
2024-11-28,crowding_top_quantile,-0.005496291215832816,1.7345889265437964
2024-11-29,crowding_top_quantile,0.015534284052404711,1.7615345236428834
2024-12-02,crowding_top_quantile,0.0067382548118923484,1.7734041921231347
2024-12-03,crowding_top_quantile,0.0018995359269424088,1.776772837099063
2024-12-04,crowding_top_quantile,-3.094601666510106e-05,1.776717853057236
2024-12-05,crowding_top_quantile,0.005863148594794742,1.7871350138407351
2024-12-06,crowding_top_quantile,0.0023898900590707426,1.7914060700445302
2024-12-09,crowding_top_quantile,-0.0016959031365704022,1.7883680188714703
2024-12-10,crowding_top_quantile,0.004037509162599651,1.7955885711337642
2024-12-11,crowding_top_quantile,-0.0013604807101159522,1.7931457075194321
2024-12-12,crowding_top_quantile,0.002187729579926534,1.7970686254248909
2024-12-13,crowding_top_quantile,-0.006425996417513392,1.785520668875885
2024-12-16,crowding_top_quantile,-0.001223141315825826,1.7833367247755219
2024-12-17,crowding_top_quantile,-0.005213144554451987,1.774039932640004
2024-12-18,crowding_top_quantile,7.710545763104379e-05,1.7741767208008659
2024-12-19,crowding_top_quantile,-0.008745000599128683,1.7586615443145022
2024-12-20,crowding_top_quantile,-0.000973536979540113,1.7569494222666169
2024-12-23,crowding_top_quantile,0.004887713236142833,1.765536887213063
2024-12-24,crowding_top_quantile,0.0005333686256360549,1.7664785691961058
2024-12-25,crowding_top_quantile,0.0008287094678882446,1.7679424667112202
2024-12-26,crowding_top_quantile,0.005236487012914948,1.7772002744777342
2024-12-27,crowding_top_quantile,-0.004235161986520009,1.7696735434328332
2024-12-30,crowding_top_quantile,-0.0036070716239324434,1.7632902042106926
2024-12-31,crowding_top_quantile,-0.01345068512150145,1.7395727428960266
2025-01-02,crowding_top_quantile,-0.01074439930105804,1.720882078733115
2025-01-03,crowding_top_quantile,-0.010982909665966923,1.7019817863166078
2025-01-06,crowding_top_quantile,0.00144398743926228,1.7044394266379022
2025-01-07,crowding_top_quantile,0.006028160328579147,1.714714060772027
2025-01-08,crowding_top_quantile,0.0054719354715350495,1.7240968654647055
2025-01-09,crowding_top_quantile,0.0016074849316327744,1.7268683251966153
2025-01-10,crowding_top_quantile,-0.0054431361274492,1.71746874582839
2025-01-13,crowding_top_quantile,0.002083785631034474,1.721047582522698
2025-01-14,crowding_top_quantile,0.00566965871737285,1.7308053349519612
2025-01-15,crowding_top_quantile,0.006193085180131764,1.741524359821545
2025-01-16,crowding_top_quantile,0.007761025664900634,1.7550403750741697
2025-01-17,crowding_top_quantile,0.0005035305544503156,1.7559240915273133
2025-01-20,crowding_top_quantile,0.005761466316466872,1.7660407890349208
2025-01-21,crowding_top_quantile,0.007909909562387275,1.7800100119596742
2025-01-22,crowding_top_quantile,0.0036185754728105253,1.7864511125303084
2025-01-23,crowding_top_quantile,-0.0037131935782590665,1.779817673731387
2025-01-24,crowding_top_quantile,0.006465463445335918,1.79132501984026
2025-01-27,crowding_top_quantile,-0.021350873732931482,1.7530786655270096
2025-02-05,crowding_top_quantile,0.010155779360488058,1.7708825456556807
2025-02-06,crowding_top_quantile,0.009589308642619821,1.7878640849558012
2025-02-07,crowding_top_quantile,0.0032067521187049584,1.7935973218981895
2025-02-10,crowding_top_quantile,-0.0019785737892680615,1.7900485572485805
2025-02-11,crowding_top_quantile,-0.0002402727797729213,1.7896184573058018
2025-02-12,crowding_top_quantile,0.004228907213338884,1.7971865877090265
2025-02-13,crowding_top_quantile,-0.007084709022152693,1.7844540436765925
2025-02-14,crowding_top_quantile,0.008980809000458168,1.8004798846129473
2025-02-17,crowding_top_quantile,-0.0023184638473434035,1.7963055370926033
2025-02-18,crowding_top_quantile,-0.00749262073796887,1.782846500973655
2025-02-19,crowding_top_quantile,0.014477717729541206,1.8086580493698516
2025-02-20,crowding_top_quantile,-0.0013000640297695428,1.8063066780977126
2025-02-21,crowding_top_quantile,0.015126527619368191,1.8336298259530068
2025-02-24,crowding_top_quantile,-2.7937413616512094e-05,1.8335785990781397
2025-02-25,crowding_top_quantile,-0.004246791285993134,1.825791773461391
2025-02-26,crowding_top_quantile,0.006829119571192498,1.8382603237944586
2025-02-27,crowding_top_quantile,-0.0035815426385497062,1.8316765160640345
2025-02-28,crowding_top_quantile,-0.026436355287417224,1.7832536649137471
2025-03-03,crowding_top_quantile,0.0036908793857660218,1.789835439105169
2025-03-04,crowding_top_quantile,0.004115941956339108,1.7972022978839244
2025-03-05,crowding_top_quantile,0.0032196098703995875,1.8029885881412964
2025-03-06,crowding_top_quantile,0.02010346568741273,1.8392349073577918
2025-03-07,crowding_top_quantile,-0.006757874787351104,1.8268055881493426
2025-03-10,crowding_top_quantile,-0.001559215967021048,1.8239572037076568
2025-03-11,crowding_top_quantile,1.3626358319107385e-05,1.823982057602073
2025-03-12,crowding_top_quantile,-4.362338298663504e-05,1.8239024893342137
2025-03-13,crowding_top_quantile,-0.009647383712877534,1.806306602164734
2025-03-14,crowding_top_quantile,0.012025173471570129,1.8280277523986075
2025-03-17,crowding_top_quantile,-0.0023566281731186227,1.8237197706960622
2025-03-18,crowding_top_quantile,0.0026001910301449724,1.8284617904853242
2025-03-19,crowding_top_quantile,0.8989583477981423,3.472172780672044
2025-03-20,crowding_top_quantile,-0.002680299430226096,3.462866317946362
2025-03-21,crowding_top_quantile,-0.014589622408894975,3.4123444059150443
2025-03-24,crowding_top_quantile,0.001166709966194808,3.4163256221415144
2025-03-25,crowding_top_quantile,-0.00021650228041263385,3.415585979853689
2025-03-26,crowding_top_quantile,0.001714509456548674,3.4214420343158034
2025-03-27,crowding_top_quantile,-0.00278474247464664,3.4119141993583026
2025-03-28,crowding_top_quantile,-0.005284704567754183,3.3938832408041684
2025-03-31,crowding_top_quantile,-0.011090498282479926,3.3562433845510924
2025-04-01,crowding_top_quantile,0.008467351318713278,3.3846618763991936
2025-04-02,crowding_top_quantile,-0.0016270760451522872,3.379154774139164
2025-04-03,crowding_top_quantile,-0.004398913341185274,3.3642901651212735
2025-04-07,crowding_top_quantile,-0.05578052437952177,3.176628295545941
2025-04-08,crowding_top_quantile,0.010110859738252266,3.2087467386827693
2025-04-09,crowding_top_quantile,0.004980958898118393,3.22472937430262
2025-04-10,crowding_top_quantile,0.021314030890364422,3.2934613557995713
2025-04-11,crowding_top_quantile,0.001804732212071769,3.2994051715975963
2025-04-14,crowding_top_quantile,0.009321218413559748,3.3301596478368864
2025-04-15,crowding_top_quantile,-0.003382243186798628,3.3188962380570386
2025-04-16,crowding_top_quantile,-0.0033254093700897168,3.307859549408648
2025-04-17,crowding_top_quantile,0.003764225222781692,3.320311077757951
2025-04-18,crowding_top_quantile,-0.002139865366971394,3.3132060590750854
2025-04-21,crowding_top_quantile,0.0028677743090021477,3.3227075862917315
2025-04-22,crowding_top_quantile,0.002187834507774833,3.3299771206082656
2025-04-23,crowding_top_quantile,0.0024874742842892266,3.3382603530630504
2025-04-24,crowding_top_quantile,-0.0011992801885327812,3.3342568435574576
2025-04-25,crowding_top_quantile,0.005367673947818742,3.3521540471519575
2025-04-28,crowding_top_quantile,-0.0021387594794264994,3.344984595907113
2025-04-29,crowding_top_quantile,0.0037253055125777926,3.357445685461734
2025-04-30,crowding_top_quantile,0.0036947995008491,3.369850774104506
2025-05-06,crowding_top_quantile,0.011167387578877613,3.4074832037819114
2025-05-07,crowding_top_quantile,0.001635016463829353,3.4130544949203165
2025-05-08,crowding_top_quantile,0.0020662126313626744,3.42010659122925
2025-05-09,crowding_top_quantile,-0.0007686189144259447,3.4174778326138786
2025-05-12,crowding_top_quantile,0.0024625565457499833,3.425893565020537
2025-05-13,crowding_top_quantile,-0.0034149871336676798,3.414194182574677
2025-05-14,crowding_top_quantile,0.005365325055010452,3.432512444165116
2025-05-15,crowding_top_quantile,-0.012290772600481316,3.39032421426556
2025-05-16,crowding_top_quantile,0.0033143504749130748,3.4015609369352204
2025-05-19,crowding_top_quantile,-0.001587261440874632,3.3961617704212377
2025-05-20,crowding_top_quantile,0.0012757408053008625,3.4004943925731665
2025-05-21,crowding_top_quantile,0.002939589398108333,3.4104904498379014
2025-05-22,crowding_top_quantile,-0.005566336778994707,3.3915065114125587
2025-05-23,crowding_top_quantile,-0.004616622196451348,3.3758492071725623
2025-05-26,crowding_top_quantile,0.0024446939639192295,3.384102125352439
2025-05-27,crowding_top_quantile,-0.001195148851398953,3.3800576195843073
2025-05-28,crowding_top_quantile,0.001985778494980739,3.386769665317074
2025-05-29,crowding_top_quantile,0.006318748291090214,3.4081698103521125
2025-05-30,crowding_top_quantile,-0.0051889237912366775,3.3904850769386017
2025-06-03,crowding_top_quantile,0.005628932688569215,3.4095698892182877
2025-06-04,crowding_top_quantile,0.006224431268583297,3.430792522649158
2025-06-05,crowding_top_quantile,0.00616628684577082,3.4519477734521384
2025-06-06,crowding_top_quantile,-0.0005238588899084573,3.450139439923516
2025-06-09,crowding_top_quantile,0.006182547365574476,3.4714700904286797
2025-06-10,crowding_top_quantile,-0.009476817930093851,3.4385716004319207
2025-06-11,crowding_top_quantile,0.005270936666201488,3.4566960935599966
2025-06-12,crowding_top_quantile,-0.0008805076271888644,3.4536524462847433
2025-06-13,crowding_top_quantile,-0.007276081910378207,3.4285233881955977
2025-06-16,crowding_top_quantile,0.005420029091945467,3.447106084702033
2025-06-17,crowding_top_quantile,0.0005330534910530592,3.448943576634514
2025-06-18,crowding_top_quantile,0.0008326728890236888,3.45181541844655
2025-06-19,crowding_top_quantile,-0.007053397009010309,3.4274683938984234
2025-06-20,crowding_top_quantile,-0.003894000840247025,3.4141218290926627
2025-06-23,crowding_top_quantile,0.004110500647552712,3.4281555790819724
2025-06-24,crowding_top_quantile,0.0010538163988196955,3.431768225648914
2025-06-25,crowding_top_quantile,0.011277718412501893,3.4704707413547538
2025-06-26,crowding_top_quantile,-0.00485348146795046,3.453626875926524
2025-06-27,crowding_top_quantile,0.0020168854699417317,3.460592445791181
2025-06-30,crowding_top_quantile,0.006137446589215113,3.481831647094266
2025-07-01,crowding_top_quantile,-0.0040395741855904,3.4677665298540923
2025-07-02,crowding_top_quantile,-0.007070381658705849,3.4432480969847377
2025-07-03,crowding_top_quantile,0.0025477605611170075,3.4520206686883768
2025-07-04,crowding_top_quantile,-0.0012870288018169917,3.4475778186633073
2025-07-07,crowding_top_quantile,-0.0024183185715149435,3.4392404771976905
2025-07-08,crowding_top_quantile,0.009041064580303538,3.470334872459229
2025-07-09,crowding_top_quantile,3.902909022629469e-05,3.470470316472082
2025-07-10,crowding_top_quantile,0.006802241706211265,3.4940772943989566
2025-07-11,crowding_top_quantile,0.005424789094971361,3.5130319268025993
2025-07-14,crowding_top_quantile,0.0007629965220348782,3.515712357944547
2025-07-15,crowding_top_quantile,-0.00537355815632542,3.4968204731282198
2025-07-16,crowding_top_quantile,-0.0013720903940482863,3.492022519347329
2025-07-17,crowding_top_quantile,0.0060673061593213284,3.5132096890874536
2025-07-18,crowding_top_quantile,0.0039039218920368882,3.526924985303998
2025-07-21,crowding_top_quantile,0.008181521382666236,3.555780597486322
2025-07-22,crowding_top_quantile,0.0005293319742865622,3.5576627858501193
2025-07-23,crowding_top_quantile,0.0006907141683602513,3.560120113942554
2025-07-24,crowding_top_quantile,0.01220332193690996,3.6035654058270636
2025-07-25,crowding_top_quantile,0.005910962341736837,3.624865945236893
2025-07-28,crowding_top_quantile,0.004260451738538829,3.6403095116552473
2025-07-29,crowding_top_quantile,0.004221097175859024,3.655675611854148
2025-07-30,crowding_top_quantile,-0.00359886155970236,3.6425193414199044
2025-07-31,crowding_top_quantile,-0.012537151130632763,3.59685252594027
2025-08-01,crowding_top_quantile,-0.0064658296773486895,3.573595890132999
2025-08-04,crowding_top_quantile,0.005291736092606144,3.5925064164852047
2025-08-05,crowding_top_quantile,0.006065116571452435,3.6142953866848786
2025-08-06,crowding_top_quantile,0.009182916904949257,3.6474851608907475
2025-08-07,crowding_top_quantile,-0.0019116018468104622,3.640512621520975
2025-08-08,crowding_top_quantile,-0.00670893935264285,3.61608864313066
2025-08-11,crowding_top_quantile,0.0109760047467961,3.6557788492424974
2025-08-12,crowding_top_quantile,0.008126630723672703,3.685488013957704
2025-08-13,crowding_top_quantile,0.010402486005385458,3.723826251445915
2025-08-14,crowding_top_quantile,-0.004318856928813408,3.7077435786381607
2025-08-15,crowding_top_quantile,0.013518341271604097,3.75786612168179
2025-08-18,crowding_top_quantile,0.013012707112844923,3.8067661328925175
2025-08-19,crowding_top_quantile,-0.007003590418844419,3.78010510207741
2025-08-20,crowding_top_quantile,0.01431978010935071,3.834235375929393
2025-08-21,crowding_top_quantile,-0.004556825563274459,3.816763434152747
2025-08-22,crowding_top_quantile,0.046588956225099246,3.9945824587080487
2025-08-25,crowding_top_quantile,0.01836265441422461,4.067933595926428
2025-08-26,crowding_top_quantile,-0.003726697786053501,4.052773636800676
2025-08-27,crowding_top_quantile,-0.009918588321761648,4.012575843535962
2025-08-28,crowding_top_quantile,0.020759425888640694,4.095874614382397
2025-08-29,crowding_top_quantile,0.004028972006352882,4.112376778545275
2025-09-01,crowding_top_quantile,0.003631980485975453,4.12731285075593
2025-09-02,crowding_top_quantile,-0.01683920168187151,4.057812197257871
2025-09-03,crowding_top_quantile,-0.010075295770372174,4.016928539189874
2025-09-04,crowding_top_quantile,-0.035900855897463696,3.872717366554009
2025-09-05,crowding_top_quantile,0.030593660979289332,3.991197968734969
2025-09-08,crowding_top_quantile,0.005306857105749864,4.012378686035805
2025-09-09,crowding_top_quantile,-0.009335179895275615,3.974922409193691
2025-09-10,crowding_top_quantile,0.004210478468099977,3.99165873440997
2025-09-11,crowding_top_quantile,0.029489114819591024,4.109369217149609
2025-09-12,crowding_top_quantile,-0.0003842050223629822,4.107790376857635
2025-09-15,crowding_top_quantile,0.002403286108225478,4.117662572405839
2025-09-16,crowding_top_quantile,0.008757441886748518,4.153722763092922
2025-09-17,crowding_top_quantile,0.00509304818706805,4.174877873281076
2025-09-18,crowding_top_quantile,-0.00524672025163896,4.1529734569952135
2025-09-19,crowding_top_quantile,-0.005934332200069382,4.128328332883333
2025-09-22,crowding_top_quantile,0.008119603755968437,4.161848723120884
2025-09-23,crowding_top_quantile,0.0016621208338282846,4.168766218590825
2025-09-24,crowding_top_quantile,0.01822096178209186,4.244725148538245
2025-09-25,crowding_top_quantile,0.0012975319382276366,4.250232814987471
2025-09-26,crowding_top_quantile,-0.01235628736756558,4.197715716946429
2025-09-29,crowding_top_quantile,0.011616750794475428,4.246479534336248
2025-09-30,crowding_top_quantile,0.005503790345083181,4.269851267397922
2025-10-09,crowding_top_quantile,0.028369722464131802,4.390985762817122
2025-10-10,crowding_top_quantile,-0.012964471175964465,4.3340589544610095
2025-10-13,crowding_top_quantile,0.006247718493921374,4.3611369347445414
2025-10-14,crowding_top_quantile,-0.00839234582377677,4.3245367654033195
2025-10-15,crowding_top_quantile,0.016552401329683233,4.396118233509245
2025-10-16,crowding_top_quantile,0.005230130755930007,4.419110506689027
2025-10-17,crowding_top_quantile,-0.005272048985376377,4.3958127396259705
2025-10-20,crowding_top_quantile,0.004884748866088209,4.417285180921394
2025-10-21,crowding_top_quantile,0.003463144422480447,4.4325828774582074
2025-10-22,crowding_top_quantile,-0.007417414939338718,4.399704571003092
2025-10-23,crowding_top_quantile,0.002122926828644034,4.409044821874982
2025-10-24,crowding_top_quantile,0.0037190051169892946,4.42544208212857
2025-10-27,crowding_top_quantile,0.013991424662146605,4.487360321617365
2025-10-28,crowding_top_quantile,-0.009296974748481224,4.445641446019952
2025-10-29,crowding_top_quantile,0.010613143845504427,4.492823678172098
2025-10-30,crowding_top_quantile,-0.0015179896162212272,4.48600361848112
2025-10-31,crowding_top_quantile,-0.00043702977528569113,4.484043101327805
2025-11-03,crowding_top_quantile,0.011172711177937696,4.534142019808364
2025-11-04,crowding_top_quantile,-0.02023373962796458,4.442399370743348
2025-11-05,crowding_top_quantile,-0.003094904911149833,4.428650567113546
2025-11-06,crowding_top_quantile,0.012208363022771153,4.482717140937869
2025-11-07,crowding_top_quantile,-0.0024739983353897384,4.471626906193166
2025-11-10,crowding_top_quantile,0.010133177424933396,4.516938695011728
2025-11-11,crowding_top_quantile,-0.0009240047564353261,4.51276502217301
2025-11-12,crowding_top_quantile,-0.004230675700454201,4.493672976851843
2025-11-13,crowding_top_quantile,0.007130286031308319,4.525714150507957
2025-11-14,crowding_top_quantile,-0.014951640551077816,4.458047299292636
2025-11-17,crowding_top_quantile,-0.0021642999549954744,4.448398747723409
2025-11-18,crowding_top_quantile,-0.022224190826577752,4.3495366850812935
2025-11-19,crowding_top_quantile,0.008004784842007295,4.384353790407787
2025-11-20,crowding_top_quantile,0.00037463688124302855,4.385996331038092
2025-11-21,crowding_top_quantile,-0.0249534468820893,4.276550604566494
2025-11-24,crowding_top_quantile,0.004296137065675472,4.294923252132009
2025-11-25,crowding_top_quantile,0.007858580419996554,4.328675251906602
2025-11-26,crowding_top_quantile,0.006114476386186419,4.355142834517855
2025-11-27,crowding_top_quantile,0.0032300534369054785,4.369210178598703
2025-11-28,crowding_top_quantile,0.007913926325819899,4.403787786054155
2025-12-01,crowding_top_quantile,0.004907159298505886,4.425397874237138
2025-12-02,crowding_top_quantile,-0.0013658117007459003,4.419353614040049
2025-12-03,crowding_top_quantile,0.004912317818576572,4.441062883544889
2025-12-04,crowding_top_quantile,0.004374764236510221,4.460491486619914
2025-12-05,crowding_top_quantile,0.0032727681789951777,4.475089641220003
2025-12-08,crowding_top_quantile,-0.0019181402447823002,4.46650579168017
2025-12-09,crowding_top_quantile,-0.010280795621908966,4.420586558491833
2025-12-10,crowding_top_quantile,0.00920842965070904,4.461293218830575
2025-12-11,crowding_top_quantile,0.003115181305401572,4.475190956063791
2025-12-12,crowding_top_quantile,0.009112750228846146,4.515972253472792
2025-12-15,crowding_top_quantile,-0.003864021916986786,4.498522437708869
2025-12-16,crowding_top_quantile,-0.006230032642724181,4.470496496077915
2025-12-17,crowding_top_quantile,0.011312786257888917,4.521070267404687
2025-12-18,crowding_top_quantile,0.006390869171587165,4.549963835999224
2025-12-19,crowding_top_quantile,0.0036222471871088734,4.566444929705619
2025-12-22,crowding_top_quantile,0.01167365167531478,4.61975201720951
2025-12-23,crowding_top_quantile,0.009139606746218575,4.661974733911856
2025-12-24,crowding_top_quantile,0.018116722899949145,4.7464344383327015
2025-12-25,crowding_top_quantile,-0.00562551949814556,4.719733278853191
2025-12-26,crowding_top_quantile,-0.005040297753557112,4.695944417810399
2025-12-29,crowding_top_quantile,-0.00028508515720734076,4.69460567375781
2025-12-30,crowding_top_quantile,-0.005420114990853507,4.669160371169329
2025-12-31,crowding_top_quantile,-0.00496487176212247,4.645978588689689
2026-01-05,crowding_top_quantile,0.02034346598523876,4.740493896076846
2026-01-06,crowding_top_quantile,0.021921209915833875,4.844411257877476
2026-01-07,crowding_top_quantile,-0.0006603638164779821,4.841212183970635
2026-01-08,crowding_top_quantile,0.0010986074154283206,4.846530775575606
2026-01-09,crowding_top_quantile,0.01184612815802817,4.903943400264902
2026-01-12,crowding_top_quantile,0.025896644000022877,5.030939076697823
2026-01-13,crowding_top_quantile,-0.015543558929777537,4.95274037868705
2026-01-14,crowding_top_quantile,0.013800423468266421,5.021090293241314
2026-01-15,crowding_top_quantile,-0.0031260792270499382,5.0053939671784695
2026-01-16,crowding_top_quantile,-0.00014769318110777739,5.0046547046207595
2026-01-19,crowding_top_quantile,0.01151182493171305,5.062267413424028
2026-01-20,crowding_top_quantile,0.0010336957728744984,5.067500257850444
2026-01-21,crowding_top_quantile,0.017280099188438983,5.15506716494354
2026-01-22,crowding_top_quantile,0.0025394037488518095,5.16815796182778
2026-01-23,crowding_top_quantile,0.009086233463536554,5.215117051645383
2026-01-26,crowding_top_quantile,0.0010300418907657823,5.220488840673825
2026-01-27,crowding_top_quantile,0.0064298400469866,5.254055748886437
2026-01-28,crowding_top_quantile,0.02324874889853591,5.376205971691207
2026-01-29,crowding_top_quantile,0.021339747796029387,5.490932851226605
2026-01-30,crowding_top_quantile,-0.01725022443905263,5.396213027163179
2026-02-02,crowding_top_quantile,-0.03455454132560304,5.209749361114311
2026-02-03,crowding_top_quantile,0.017910311138194326,5.303057593123878
2026-02-04,crowding_top_quantile,0.01629180718847161,5.389453984940412
2026-02-05,crowding_top_quantile,-0.007124014638286203,5.3510594358593275
2026-02-06,crowding_top_quantile,-0.004693247463858597,5.325945589733024
2026-02-09,crowding_top_quantile,0.012907998449988321,5.39469288715002
2026-02-10,crowding_top_quantile,-0.0015682729164751446,5.386232536402402
2026-02-11,crowding_top_quantile,0.0054538356664404885,5.4156081635171756
2026-02-12,crowding_top_quantile,0.0014363657691225712,5.423386957702232
2026-02-13,crowding_top_quantile,-0.007983057658752003,5.3800917469131715
2026-02-24,crowding_top_quantile,0.020378932526018075,5.489732273607301
2026-02-25,crowding_top_quantile,0.012225693430201611,5.556848057398308
2026-02-26,crowding_top_quantile,0.006016857580220315,5.590282820754598
2026-02-27,crowding_top_quantile,0.005798496139829335,5.622698054111298
2026-03-02,crowding_top_quantile,0.01895451892428663,5.7292735907835
2026-03-03,crowding_top_quantile,-0.029148442564440772,5.56227418858658
2026-03-04,crowding_top_quantile,-0.01637065576610718,5.471216112568525
2026-03-05,crowding_top_quantile,0.012660661339853562,5.540485326886906
2026-03-06,crowding_top_quantile,0.0008815878976728862,5.545369751698324
2026-03-09,crowding_top_quantile,-0.01328617285979921,5.471693010605758
2026-03-10,crowding_top_quantile,-0.002983787107286129,5.455366643545686
2026-03-11,crowding_top_quantile,0.00475684835673248,5.481316995399409
2026-03-12,crowding_top_quantile,0.004120482883282017,5.503902668256794
2026-03-13,crowding_top_quantile,0.0010298117874088513,5.509570652101315
2026-03-16,crowding_top_quantile,0.00019803232528920134,5.510661725188896
2026-03-17,crowding_top_quantile,-0.006929886116881223,5.472473467004681
2026-03-18,crowding_top_quantile,0.0004592910435670668,5.4749869250542345
2026-03-19,crowding_top_quantile,0.00028979464755578537,5.4765735469605525
2026-03-20,crowding_top_quantile,0.0005406808008919239,5.479534625132066
2026-03-23,crowding_top_quantile,-0.0004134982305232828,5.477268847260483
2026-03-24,crowding_top_quantile,0.0047081735736333695,5.50305677970284
2026-03-25,crowding_top_quantile,0.002716958769409739,5.518008358079014
2026-03-26,crowding_top_quantile,-0.00150088315178627,5.509726472302956
2026-03-27,crowding_top_quantile,0.00507101635734698,5.537666385368513
2026-03-30,crowding_top_quantile,0.002576427503080421,5.55193378134666
2026-03-31,crowding_top_quantile,-0.01865876009398445,5.448341580862825
2026-04-01,crowding_top_quantile,0.0001795025654744869,5.449319572154171
2026-04-02,crowding_top_quantile,-0.002367707783512507,5.436417175788335
2026-04-03,crowding_top_quantile,-0.00921506535706086,5.386320236205197
2026-04-07,crowding_top_quantile,0.004084300804898447,5.408319588281371
2026-04-08,crowding_top_quantile,0.01480765735250238,5.488404131597468
2026-04-09,crowding_top_quantile,-0.0006092409206811644,5.485060371211263
2026-04-10,crowding_top_quantile,0.0023544186473528853,5.4979744996311
2026-04-13,crowding_top_quantile,0.0036935910825635554,5.5182817692151
2026-04-14,crowding_top_quantile,0.005799520124067181,5.550285155385936
2026-04-15,crowding_top_quantile,-0.0022731488774237582,5.537668530915588
2026-04-16,crowding_top_quantile,0.008778478550104185,5.586280835331817
2026-04-17,crowding_top_quantile,-0.001509988566448117,5.577845615141498
2026-04-20,crowding_top_quantile,-0.0022523137404886918,5.56528255682019
2026-04-21,crowding_top_quantile,0.0017288730205571867,5.574904223684453
2026-04-22,crowding_top_quantile,0.007522725587543455,5.616842698336068
2026-04-23,crowding_top_quantile,-0.0041110937392083826,5.59375133148482
2026-04-24,crowding_top_quantile,-0.0018426697289301575,5.58344389523513
2026-04-27,crowding_top_quantile,0.004471931487406127,5.608412673798399
2026-04-28,crowding_top_quantile,-0.009242711515367387,5.55657573339535
2026-04-29,crowding_top_quantile,0.006214793538914565,5.591108704361745
2026-04-30,crowding_top_quantile,0.017395027310853177,5.688366192972067
2026-05-06,crowding_top_quantile,0.03647290406551531,5.895837427417859
2026-05-07,crowding_top_quantile,0.015742769965118475,5.988654239789434
2026-05-08,crowding_top_quantile,-0.002844910881204754,5.9716170521788845
2026-05-11,crowding_top_quantile,0.02468502160378309,6.11902654812144
2026-05-12,crowding_top_quantile,-0.002662588436406566,6.102734098792347
2026-05-13,crowding_top_quantile,0.022565979750532872,6.240448272888581
2026-05-14,crowding_top_quantile,-0.01217344729740394,6.164480504726396
2026-05-15,crowding_top_quantile,-0.011221617126750237,6.09530506471704
2026-05-18,crowding_top_quantile,-0.006914181054125782,6.053161021919457
2026-05-19,crowding_top_quantile,0.0051795931148730275,6.0845139330718085
2026-05-20,crowding_top_quantile,0.010522758696178991,6.148539804973062
2026-05-21,crowding_top_quantile,-0.011981674192469694,6.074870004270444
2026-05-22,crowding_top_quantile,0.017184519131490574,6.179263724080148
2026-05-25,crowding_top_quantile,0.032202939624374316,6.378254180709788
2026-05-26,crowding_top_quantile,-0.0019930770643236456,6.365541828591788
2026-05-27,crowding_top_quantile,-0.0050227247133428415,6.333569464335502
2026-05-28,crowding_top_quantile,-0.004057192841185786,6.307872951645647
2026-05-29,crowding_top_quantile,-0.016807718065609212,6.201852001480705
2026-06-01,crowding_top_quantile,-0.014132401337352234,6.114204939960918
2026-06-02,crowding_top_quantile,0.00787115141898347,6.162330772850048
2026-06-03,crowding_top_quantile,0.011063318861101743,6.230506603117668
2026-06-04,crowding_top_quantile,-0.004546846672383709,6.202177444902017
2026-06-05,crowding_top_quantile,-0.01726412881341577,6.095102254569567
2026-06-08,crowding_top_quantile,-0.028725608014643956,5.920016736395629
2026-06-09,crowding_top_quantile,0.021040585736237096,6.04457735609772
2026-06-10,crowding_top_quantile,-0.02229344430617678,5.909822907455178
2026-06-11,crowding_top_quantile,-0.004115466464208306,5.885501229470136
2026-06-12,crowding_top_quantile,0.007203650536232931,5.927898323557808
2026-06-15,crowding_top_quantile,0.019702036729653958,6.0446899940581975
2026-06-16,crowding_top_quantile,0.00237386957640674,6.059039299733903
2026-06-17,crowding_top_quantile,-0.00022129056143289628,6.05769849152552
2026-06-18,crowding_top_quantile,0.0023280655253192124,6.071801210546419
2026-06-22,crowding_top_quantile,0.006732695477737327,6.112680799098385
2026-06-23,crowding_top_quantile,-0.022216275693437582,5.976879797239633
2026-06-24,crowding_top_quantile,0.012310360238278851,6.050457340644543
2026-06-25,crowding_top_quantile,0.02293992773659489,6.18925439481228
2026-06-26,crowding_top_quantile,-0.019419374952924305,6.069062943040385
2026-06-29,crowding_top_quantile,0.015939334229874157,6.1657997657516495
2026-06-30,crowding_top_quantile,0.012115740469167868,6.240502995498352
2026-07-01,crowding_top_quantile,0.0010479964738297157,6.2470430206325585
2026-07-02,crowding_top_quantile,-0.03219668932791652,6.045908917279123
2026-07-03,crowding_top_quantile,0.007264442041935392,6.089829072199517
2026-07-06,crowding_top_quantile,0.003761246381759904,6.112734419762865
2026-07-07,crowding_top_quantile,-0.009279300378489818,6.056012520947952
2026-07-08,crowding_top_quantile,-0.00046715585272871785,6.0531834192545935
2026-07-09,crowding_top_quantile,0.03230391359477587,6.2487249334035235
2026-07-10,crowding_top_quantile,-0.02515431993787568,6.0915425072249105
2026-07-13,crowding_top_quantile,-0.019854696497812786,5.970596779540434
2026-07-14,crowding_top_quantile,0.009651376840050485,6.028221259019771
2026-07-15,crowding_top_quantile,-0.01002439709279005,5.967791975356159
2026-07-16,crowding_top_quantile,-0.026829897865076627,5.807676726177329
2026-07-17,crowding_top_quantile,-0.047787790532563865,5.53014068730592
2026-07-20,crowding_top_quantile,0.0012449115650935612,5.537025223404142
2026-07-21,crowding_top_quantile,0.021014055085171502,5.65338057645674
2026-07-22,crowding_top_quantile,-0.00694233695266805,5.614132903573308
2026-07-23,crowding_top_quantile,0.002031433172883734,5.625537639390605
2026-07-24,crowding_top_quantile,-0.01147463100877343,5.560986670752631
2026-07-27,crowding_top_quantile,0.009434061518386248,5.613449361107437
2026-07-28,crowding_top_quantile,-0.023246146591460362,5.482958294375394
2026-07-29,crowding_top_quantile,0.002255135619016446,5.495323108922621
2026-07-30,crowding_top_quantile,-0.010371675082969,5.438327403160945
2026-07-31,crowding_top_quantile,0.010687338846513428,5.496448650876805
2026-08-03,crowding_top_quantile,-0.012988285418818999,5.425059207009334
2026-08-04,crowding_top_quantile,0.013258276140030136,5.496986140051877
2026-08-05,crowding_top_quantile,0.016680498483317485,5.58867860902383
2026-08-06,crowding_top_quantile,0.000427620040502241,5.591068439996975
2026-08-07,crowding_top_quantile,0.00919089264749985,5.642455349813812
2026-08-10,crowding_top_quantile,0.00473047845125274,5.669146863258262
2026-08-11,crowding_top_quantile,-0.006987836028147431,5.629531794558327
2026-08-12,crowding_top_quantile,-0.00011313414496368903,5.6288949022922035
2026-08-13,crowding_top_quantile,-0.005265858505271038,5.599253938195691
2026-08-14,crowding_top_quantile,0.001615001739647914,5.6082967430466075
2026-08-17,crowding_top_quantile,0.002566254811506939,5.622689061547809
2026-08-18,crowding_top_quantile,-0.005843245012779707,5.589834311730509
2026-08-19,crowding_top_quantile,-0.012164178828371652,5.521838567541651
2026-08-20,crowding_top_quantile,0.009959131595118555,5.576831284482799
2026-08-21,crowding_top_quantile,0.0035578284881948924,5.596672693700589
2018-01-02,momentum_crowding_penalty,0.0,1.0
2018-01-03,momentum_crowding_penalty,0.0,1.0
2018-01-04,momentum_crowding_penalty,0.0,1.0
2018-01-05,momentum_crowding_penalty,0.0,1.0
2018-01-08,momentum_crowding_penalty,0.0,1.0
2018-01-09,momentum_crowding_penalty,0.0,1.0
2018-01-10,momentum_crowding_penalty,0.0,1.0
2018-01-11,momentum_crowding_penalty,0.0,1.0
2018-01-12,momentum_crowding_penalty,0.0,1.0
2018-01-15,momentum_crowding_penalty,0.0,1.0
2018-01-16,momentum_crowding_penalty,0.0,1.0
2018-01-17,momentum_crowding_penalty,0.0,1.0
2018-01-18,momentum_crowding_penalty,0.0,1.0
2018-01-19,momentum_crowding_penalty,0.0,1.0
2018-01-22,momentum_crowding_penalty,0.0,1.0
2018-01-23,momentum_crowding_penalty,0.0,1.0
2018-01-24,momentum_crowding_penalty,0.0,1.0
2018-01-25,momentum_crowding_penalty,0.0,1.0
2018-01-26,momentum_crowding_penalty,0.0,1.0
2018-01-29,momentum_crowding_penalty,0.0,1.0
2018-01-30,momentum_crowding_penalty,0.0,1.0
2018-01-31,momentum_crowding_penalty,0.0,1.0
2018-02-01,momentum_crowding_penalty,0.0,1.0
2018-02-02,momentum_crowding_penalty,0.0,1.0
2018-02-05,momentum_crowding_penalty,0.0,1.0
2018-02-06,momentum_crowding_penalty,0.0,1.0
2018-02-07,momentum_crowding_penalty,0.0,1.0
2018-02-08,momentum_crowding_penalty,0.0,1.0
2018-02-09,momentum_crowding_penalty,0.0,1.0
2018-02-12,momentum_crowding_penalty,0.0,1.0
2018-02-13,momentum_crowding_penalty,0.0,1.0
2018-02-14,momentum_crowding_penalty,0.0,1.0
2018-02-22,momentum_crowding_penalty,-0.00017999999999999998,0.99982
2018-02-23,momentum_crowding_penalty,0.0019891445824416045,1.0018087865364167
2018-02-26,momentum_crowding_penalty,0.010160744771685633,1.0119879099264453
2018-02-27,momentum_crowding_penalty,0.0005751970146483207,1.0125700023510953
2018-02-28,momentum_crowding_penalty,-0.005437227101521381,1.0070644292921243
2018-03-01,momentum_crowding_penalty,0.0009789691135344226,1.0080503142637405
2018-03-02,momentum_crowding_penalty,-0.00462280306572358,1.0033902961805585
2018-03-05,momentum_crowding_penalty,-0.0011056482556710365,1.0022808994498291
2018-03-06,momentum_crowding_penalty,0.004199527019771043,1.006490005168469
2018-03-07,momentum_crowding_penalty,-0.0033002162529398695,1.0031683704949905
2018-03-08,momentum_crowding_penalty,0.0019206476144484675,1.0050951034326718
2018-03-09,momentum_crowding_penalty,0.009512202314603035,1.0146557714019402
2018-03-12,momentum_crowding_penalty,0.007145627816222481,1.0219061239059606
2018-03-13,momentum_crowding_penalty,-0.0027207485822416167,1.0191257742681594
2018-03-14,momentum_crowding_penalty,-0.005005338926245295,1.014024704359475
2018-03-15,momentum_crowding_penalty,0.00012888506990834655,1.0141553970043853
2018-03-16,momentum_crowding_penalty,-0.0033686006322513513,1.0107391124928353
2018-03-19,momentum_crowding_penalty,0.0004096966861266108,1.0111532089577622
2018-03-20,momentum_crowding_penalty,-0.003917120610932157,1.0071923998821435
2018-03-21,momentum_crowding_penalty,-0.0019270411686169834,1.0052514986628525
2018-03-22,momentum_crowding_penalty,0.0005476804843460364,1.0058020552905298
2018-03-23,momentum_crowding_penalty,-0.019865975399907698,0.9858208164029515
2018-03-26,momentum_crowding_penalty,0.0022644534841215454,0.9880531617853748
2018-03-27,momentum_crowding_penalty,0.009533952517073941,0.9974732137141813
2018-03-28,momentum_crowding_penalty,-0.00735692477454446,0.990134878316263
2018-03-29,momentum_crowding_penalty,-0.0004774688029468787,0.9896621198011574
2018-03-30,momentum_crowding_penalty,0.007050670165682771,0.9966399009833458
2018-04-02,momentum_crowding_penalty,0.0028345110748921013,0.9994648878203625
2018-04-03,momentum_crowding_penalty,-0.0027103215006325622,0.9967560166457756
2018-04-04,momentum_crowding_penalty,-0.0027614674397746786,0.9940035073604088
2018-04-09,momentum_crowding_penalty,0.0030855168313479453,0.9970705219127882
2018-04-10,momentum_crowding_penalty,-0.0027403263725527378,0.9943382232662957
2018-04-11,momentum_crowding_penalty,0.0015024844415052808,0.9958322009763473
2018-04-12,momentum_crowding_penalty,-0.0016797336526402802,0.9941594681159844
2018-04-13,momentum_crowding_penalty,-0.00018001159593822303,0.9939805078835119
2018-04-16,momentum_crowding_penalty,0.002132945954076133,0.9961006145862327
2018-04-17,momentum_crowding_penalty,0.0004544671755050579,0.9965533096190626
2018-04-18,momentum_crowding_penalty,0.00387821086705159,1.0004181534940235
2018-04-19,momentum_crowding_penalty,0.0057741109825770525,1.0061946789412828
2018-04-20,momentum_crowding_penalty,-0.0026348241837957703,1.0035435328676017
2018-04-23,momentum_crowding_penalty,-0.0022746699143318637,1.0012608025856653
2018-04-24,momentum_crowding_penalty,0.004007905580058125,1.005273761343442
2018-04-25,momentum_crowding_penalty,-0.00475968948383676,1.0004889703931985
2018-04-26,momentum_crowding_penalty,-0.0008618194905787525,0.9996267294984046
2018-04-27,momentum_crowding_penalty,0.0023714595819856908,1.0019973038844827
2018-05-02,momentum_crowding_penalty,-0.0023525743559815494,0.9996400307226014
2018-05-03,momentum_crowding_penalty,0.004830069162130845,1.0044683612082261
2018-05-04,momentum_crowding_penalty,-0.0030042094016111357,1.0014507279138634
2018-05-07,momentum_crowding_penalty,0.008457884059717844,1.0099208820620789
2018-05-08,momentum_crowding_penalty,0.0027383739988614993,1.012686423146425
2018-05-09,momentum_crowding_penalty,0.0016416537662532257,1.0143489036270168
2018-05-10,momentum_crowding_penalty,0.004329222417975998,1.0187402456402483
2018-05-11,momentum_crowding_penalty,-0.00018505038745737497,1.0185517273630742
2018-05-14,momentum_crowding_penalty,0.0009612078039878318,1.0195307672321807
2018-05-15,momentum_crowding_penalty,0.0018341212117245044,1.021400710238367
2018-05-16,momentum_crowding_penalty,-0.0011332936228029,1.0202431633271276
2018-05-17,momentum_crowding_penalty,0.0015087364595841148,1.0217824413852805
2018-05-18,momentum_crowding_penalty,0.004925449685930018,1.0268151793902907
2018-05-21,momentum_crowding_penalty,0.003971927114985257,1.0308936144433893
2018-05-22,momentum_crowding_penalty,0.0008048425143939001,1.0317233214521104
2018-05-23,momentum_crowding_penalty,-0.009476632764788884,1.0219460584198405
2018-05-24,momentum_crowding_penalty,-0.002813398310262594,1.0190709171059027
2018-05-25,momentum_crowding_penalty,-0.0007723182282325604,1.0182838700607602
2018-05-28,momentum_crowding_penalty,0.00078875656542838,1.0190870481487404
2018-05-29,momentum_crowding_penalty,-0.003747341258565118,1.0152681812071433
2018-05-30,momentum_crowding_penalty,-0.008961952847976507,1.006169395639114
2018-05-31,momentum_crowding_penalty,0.00813039927503476,1.0143499545639805
2018-06-01,momentum_crowding_penalty,-0.004685580489073293,1.0095971362077831
2018-06-04,momentum_crowding_penalty,0.0011658423579711697,1.0107741673136605
2018-06-05,momentum_crowding_penalty,0.002090506692340155,1.0128871974748743
2018-06-06,momentum_crowding_penalty,7.803361875204917e-05,1.0129662367282808
2018-06-07,momentum_crowding_penalty,-0.0004233139854472823,1.0125374339534878
2018-06-08,momentum_crowding_penalty,-0.004282084467337488,1.008201663134958
2018-06-11,momentum_crowding_penalty,0.0009637439876103017,1.009173311426103
2018-06-12,momentum_crowding_penalty,0.001874962434804184,1.011065473475234
2018-06-13,momentum_crowding_penalty,-0.000688766242949923,1.0103690857076921
2018-06-14,momentum_crowding_penalty,-0.0006136881863975873,1.009749034135892
2018-06-15,momentum_crowding_penalty,0.003582055256885941,1.013366010971754
2018-06-19,momentum_crowding_penalty,-0.013510782221712645,0.9996746434866289
2018-06-20,momentum_crowding_penalty,0.004784233156696028,1.004457320061906
2018-06-21,momentum_crowding_penalty,0.003788366158543455,1.0082625721809297
2018-06-22,momentum_crowding_penalty,-0.00034595242787511816,1.0079137612961482
2018-06-25,momentum_crowding_penalty,0.0026344951305842953,1.0105691051923318
2018-06-26,momentum_crowding_penalty,-0.004131062350105919,1.0063943812096914
2018-06-27,momentum_crowding_penalty,0.0008806881792777002,1.0072807008449143
2018-06-28,momentum_crowding_penalty,-0.0013780341092626714,1.0058926336815481
2018-06-29,momentum_crowding_penalty,0.006899410393074247,1.0128326997726873
2018-07-02,momentum_crowding_penalty,-0.0030793182215247093,1.0097138655849212
2018-07-03,momentum_crowding_penalty,0.006528995366645773,1.0163062827349632
2018-07-04,momentum_crowding_penalty,-0.001432132100628114,1.0148507978833885
2018-07-05,momentum_crowding_penalty,-0.002893865676799312,1.0119139559923214
2018-07-06,momentum_crowding_penalty,0.003194681182461112,1.0151466984657997
2018-07-09,momentum_crowding_penalty,0.005589767338267708,1.020821132324434
2018-07-10,momentum_crowding_penalty,0.003650774776225341,1.0245479203653618
2018-07-11,momentum_crowding_penalty,-0.0026862278742437184,1.021795751183178
2018-07-12,momentum_crowding_penalty,0.001854557559015713,1.0236907302173048
2018-07-13,momentum_crowding_penalty,-0.0006073816879443306,1.0230689592136524
2018-07-16,momentum_crowding_penalty,0.002844877685178562,1.0259794652661183
2018-07-17,momentum_crowding_penalty,-0.005932391449605357,1.019892953458903
2018-07-18,momentum_crowding_penalty,0.0021998201336046134,1.0221365345120434
2018-07-19,momentum_crowding_penalty,0.001192071007850615,1.0233549938409001
2018-07-20,momentum_crowding_penalty,0.006279802938085012,1.0297814615379262
2018-07-23,momentum_crowding_penalty,-0.0004231558446565662,1.0293457034937574
2018-07-24,momentum_crowding_penalty,0.0035096580054931993,1.0329583548824444
2018-07-25,momentum_crowding_penalty,0.001829668892909475,1.0348483266520436
2018-07-26,momentum_crowding_penalty,0.0032223773789153533,1.0381829984904556
2018-07-27,momentum_crowding_penalty,0.0044759261163985434,1.042829828887
2018-07-30,momentum_crowding_penalty,-0.006218736622580263,1.0363447448389813
2018-07-31,momentum_crowding_penalty,0.0008899350115465167,1.037267024311446
2018-08-01,momentum_crowding_penalty,-0.010175204064528333,1.0267126206696708
2018-08-02,momentum_crowding_penalty,-0.016276889566970144,1.010000932726016
2018-08-03,momentum_crowding_penalty,-0.004736346608441211,1.0052172182337766
2018-08-06,momentum_crowding_penalty,-0.009307171210881449,0.9958614894795489
2018-08-07,momentum_crowding_penalty,0.003921538350141673,0.9997667985019721
2018-08-08,momentum_crowding_penalty,-0.00299178150133288,0.9967757146885672
2018-08-09,momentum_crowding_penalty,-0.0007328613172192465,0.9960452163253283
2018-08-10,momentum_crowding_penalty,-0.0019135160171440456,0.99413926785009
2018-08-13,momentum_crowding_penalty,-0.002487805096087767,0.9916660431133115
2018-08-14,momentum_crowding_penalty,-0.0008939045547192157,0.9907795883206122
2018-08-15,momentum_crowding_penalty,-0.0024924605219565294,0.9883101093107628
2018-08-16,momentum_crowding_penalty,-0.002393331455608183,0.9859447556382538
2018-08-17,momentum_crowding_penalty,0.00010947329375299297,0.986052690258112
2018-08-20,momentum_crowding_penalty,0.0029675158259152112,0.9889788172216393
2018-08-21,momentum_crowding_penalty,0.001213718224734517,0.9901791588359775
2018-08-22,momentum_crowding_penalty,-0.0012021162344861393,0.988988848394091
2018-08-23,momentum_crowding_penalty,0.001598613421639561,0.9905698592409855
2018-08-24,momentum_crowding_penalty,-0.0007548178876706781,0.9898221593922429
2018-08-27,momentum_crowding_penalty,0.005652789774781586,0.9954174159737076
2018-08-28,momentum_crowding_penalty,0.001635777322154153,0.9970456972088347
2018-08-29,momentum_crowding_penalty,-0.0019328222191675182,0.9951185851317442
2018-08-30,momentum_crowding_penalty,-0.00030195826397416686,0.9948181008513294
2018-08-31,momentum_crowding_penalty,-0.0017695978106525565,0.9930576729180653
2018-09-03,momentum_crowding_penalty,-0.0015912753771322643,0.9914774446950786
2018-09-04,momentum_crowding_penalty,0.005628688816345462,0.9970581626996926
2018-09-05,momentum_crowding_penalty,-0.005055430102740433,0.9920176048497975
2018-09-06,momentum_crowding_penalty,-0.0037441038140868742,0.988303387951838
2018-09-07,momentum_crowding_penalty,-0.004097552435903541,0.9842537629971242
2018-09-10,momentum_crowding_penalty,-0.002873300510957175,0.9814257061569931
2018-09-11,momentum_crowding_penalty,0.0026820090132533172,0.9840578987467447
2018-09-12,momentum_crowding_penalty,0.0021905379867565916,0.9862135149551173
2018-09-13,momentum_crowding_penalty,0.003213068759764126,0.9893822867904769
2018-09-14,momentum_crowding_penalty,-0.003002622860034321,0.9864115449188469
2018-09-17,momentum_crowding_penalty,-0.001819072951640308,0.9846171903582993
2018-09-18,momentum_crowding_penalty,0.002112510265304024,0.9866972042803261
2018-09-19,momentum_crowding_penalty,0.005031723850069781,0.9916619921359008
2018-09-20,momentum_crowding_penalty,0.0003920877491362051,0.9920508106543012
2018-09-21,momentum_crowding_penalty,0.005357521345020122,0.9973657440477262
2018-09-25,momentum_crowding_penalty,0.0019237333720508757,0.9992844098136913
2018-09-26,momentum_crowding_penalty,0.005365455491935324,1.0046460258383314
2018-09-27,momentum_crowding_penalty,-0.0012500367638974776,1.00339018137133
2018-09-28,momentum_crowding_penalty,0.0022893526978372326,1.0056872953900358
2018-10-08,momentum_crowding_penalty,-0.014428532869171647,0.9911767031923923
2018-10-09,momentum_crowding_penalty,-0.0011308966766407139,0.9900557847527883
2018-10-10,momentum_crowding_penalty,0.000759912662825657,0.9908081406805258
2018-10-11,momentum_crowding_penalty,-0.028549546721389332,0.9625210173762343
2018-10-12,momentum_crowding_penalty,0.00770483251260612,0.9699370806049814
2018-10-15,momentum_crowding_penalty,-0.006833779327913463,0.9633087446341663
2018-10-16,momentum_crowding_penalty,0.0003283636265024482,0.9636250601869958
2018-10-17,momentum_crowding_penalty,0.0037263937748697627,0.967215906612585
2018-10-18,momentum_crowding_penalty,-0.0048102254088304595,0.9625633800827722
2018-10-19,momentum_crowding_penalty,0.0009076183903640068,0.9634370203084263
2018-10-22,momentum_crowding_penalty,-0.0005607611866612048,0.9628967622216448
2018-10-23,momentum_crowding_penalty,-0.00474832486396668,0.9583246155841547
2018-10-24,momentum_crowding_penalty,0.0010892591081301587,0.9593684794002251
2018-10-25,momentum_crowding_penalty,-0.006299002407312293,0.9533254150389835
2018-10-26,momentum_crowding_penalty,-0.00030456096349809055,0.9530350693320521
2018-10-29,momentum_crowding_penalty,-0.001532727621591605,0.9515743261569414
2018-10-30,momentum_crowding_penalty,0.005906102598221641,0.9571944217570579
2018-10-31,momentum_crowding_penalty,0.0009762757718523752,0.9581289074799716
2018-11-01,momentum_crowding_penalty,0.0013400853198320185,0.9594128819633921
2018-11-02,momentum_crowding_penalty,0.009662422592891462,0.9686831346699862
2018-11-05,momentum_crowding_penalty,-0.0018482087044998296,0.966892806068587
2018-11-06,momentum_crowding_penalty,0.0005878462124651597,0.9674611903424941
2018-11-07,momentum_crowding_penalty,-0.0004596920289211883,0.9670164561450031
2018-11-08,momentum_crowding_penalty,0.0013678098658840626,0.9683391507941904
2018-11-09,momentum_crowding_penalty,-0.0036219544239128212,0.9648318705231235
2018-11-12,momentum_crowding_penalty,0.0024855792928621793,0.9672300366415892
2018-11-13,momentum_crowding_penalty,-0.0009025148361677558,0.9663570971835331
2018-11-14,momentum_crowding_penalty,-0.0011949345799393996,0.9652023636715387
2018-11-15,momentum_crowding_penalty,0.004609566435248102,0.9696515280903412
2018-11-16,momentum_crowding_penalty,0.0017816159917734109,0.9713790747592345
2018-11-19,momentum_crowding_penalty,0.001292104052276484,0.9726341975980274
2018-11-20,momentum_crowding_penalty,-0.014489454504671198,0.9585412586422434
2018-11-21,momentum_crowding_penalty,0.0015868840150556232,0.9600623524433541
2018-11-22,momentum_crowding_penalty,-0.0020530878563905343,0.958091260086175
2018-11-23,momentum_crowding_penalty,-0.017151126085922033,0.941658916082617
2018-11-26,momentum_crowding_penalty,-0.0005277308183899373,0.9411619736521885
2018-11-27,momentum_crowding_penalty,0.0017599393839678012,0.9428183616763118
2018-11-28,momentum_crowding_penalty,0.00308230515609268,0.9457244155737655
2018-11-29,momentum_crowding_penalty,-0.003601082022917024,0.9423187843822092
2018-11-30,momentum_crowding_penalty,0.001860898997780114,0.9440723444636555
2018-12-03,momentum_crowding_penalty,0.006592802242975544,0.9502964267337667
2018-12-04,momentum_crowding_penalty,-0.005648321806556966,0.9449288467039532
2018-12-05,momentum_crowding_penalty,-0.0049835750332031135,0.9402197228953659
2018-12-06,momentum_crowding_penalty,-0.008964190713214271,0.9317914139870064
2018-12-07,momentum_crowding_penalty,0.0007066197812100937,0.9324498362320912
2018-12-10,momentum_crowding_penalty,-0.010408563063711029,0.9227443733079225
2018-12-11,momentum_crowding_penalty,0.0044597355114356805,0.9268595691575413
2018-12-12,momentum_crowding_penalty,0.00031697259786453994,0.9271533582430327
2018-12-13,momentum_crowding_penalty,0.0063375420877986085,0.9330292316727418
2018-12-14,momentum_crowding_penalty,-0.010825778733880086,0.9229284636584105
2018-12-17,momentum_crowding_penalty,-0.0032668397398342153,0.9199134042763071
2018-12-18,momentum_crowding_penalty,-0.005519223931310747,0.9148361962006917
2018-12-19,momentum_crowding_penalty,-0.0024434327840792695,0.9126008554468324
2018-12-20,momentum_crowding_penalty,-0.0052995156918734685,0.9077645128929748
2018-12-21,momentum_crowding_penalty,-0.002697119700374517,0.9053161633419502
2018-12-24,momentum_crowding_penalty,-0.0017986906680795478,0.9036877796072854
2018-12-25,momentum_crowding_penalty,-0.0004984509803948045,0.9032373355475694
2018-12-26,momentum_crowding_penalty,7.381138941507952e-05,0.9033040047502776
2018-12-27,momentum_crowding_penalty,-4.370251167966631e-05,0.9032645280964597
2018-12-28,momentum_crowding_penalty,0.0014959745397526872,0.9046157888331537
2019-01-02,momentum_crowding_penalty,-0.002081683759491204,0.9027326648369604
2019-01-03,momentum_crowding_penalty,0.0005809366549048957,0.9032570953315442
2019-01-04,momentum_crowding_penalty,0.002128732432428948,0.9051798880051979
2019-01-07,momentum_crowding_penalty,0.0018973926051658685,0.906897369631044
2019-01-08,momentum_crowding_penalty,0.00039280196949533777,0.9072536007039652
2019-01-09,momentum_crowding_penalty,0.0015088190665792478,0.90862248223493
2019-01-10,momentum_crowding_penalty,-0.0012562735986252239,0.907481003799381
2019-01-11,momentum_crowding_penalty,-7.852963979242393e-05,0.9074097396430342
2019-01-14,momentum_crowding_penalty,-0.002907299080161596,0.9047716281416402
2019-01-15,momentum_crowding_penalty,0.009659833069591152,0.9135115710355907
2019-01-16,momentum_crowding_penalty,-0.001305419246483963,0.912319055448875
2019-01-17,momentum_crowding_penalty,-0.004859116876836756,0.9078859905294837
2019-01-18,momentum_crowding_penalty,0.007917568036750722,0.9150742396291137
2019-01-21,momentum_crowding_penalty,0.0020002509213546097,0.9169046177200397
2019-01-22,momentum_crowding_penalty,-0.006321021237031621,0.911108844159099
2019-01-23,momentum_crowding_penalty,-0.003362516384974024,0.9080452257421193
2019-01-24,momentum_crowding_penalty,0.001001948694523824,0.9089550404706203
2019-01-25,momentum_crowding_penalty,0.0015499201523823337,0.9103638482054551
2019-01-28,momentum_crowding_penalty,-0.0012386952281506034,0.9092361848508023
2019-01-29,momentum_crowding_penalty,-0.002538590021628739,0.9069280069446363
2019-01-30,momentum_crowding_penalty,-0.0037375331642580337,0.9035383334410862
2019-01-31,momentum_crowding_penalty,0.004894755192843214,0.9079609323906298
2019-02-01,momentum_crowding_penalty,0.009772445042008204,0.9168339307027078
2019-02-11,momentum_crowding_penalty,0.009676150297739081,0.9257053536142542
2019-02-12,momentum_crowding_penalty,0.0024830235272433557,0.9280039017865734
2019-02-13,momentum_crowding_penalty,0.007687163458494273,0.9351376194697273
2019-02-14,momentum_crowding_penalty,0.0007452784320110207,0.9358345573684802
2019-02-15,momentum_crowding_penalty,-0.00569849545054062,0.9305017084008572
2019-02-18,momentum_crowding_penalty,0.012148185723255878,0.9418056159703178
2019-02-19,momentum_crowding_penalty,5.5366738972040296e-05,0.9418577606760196
2019-02-20,momentum_crowding_penalty,-0.0003423666973643934,0.9415352999451099
2019-02-21,momentum_crowding_penalty,-8.461964544204088e-05,0.9414556275618573
2019-02-22,momentum_crowding_penalty,0.019195993695116056,0.9595278038527663
2019-02-25,momentum_crowding_penalty,0.033880433036613436,0.9920370213579686
2019-02-26,momentum_crowding_penalty,-0.008856387552192868,0.9832511570306993
2019-02-27,momentum_crowding_penalty,-0.0004060675689179891,0.982851890623728
2019-02-28,momentum_crowding_penalty,-0.0024479252630547734,0.980445942650829
2019-03-01,momentum_crowding_penalty,0.010995533473794228,0.991226468832492
2019-03-04,momentum_crowding_penalty,0.010180912896949128,1.0013180591728261
2019-03-05,momentum_crowding_penalty,0.012994078868296444,1.0143292650059674
2019-03-06,momentum_crowding_penalty,0.01250446188092953,1.0270129066349458
2019-03-07,momentum_crowding_penalty,0.004503602068214896,1.0316381640853505
2019-03-08,momentum_crowding_penalty,-0.025179273347754882,1.0056622647558693
2019-03-11,momentum_crowding_penalty,0.018370777212540948,1.0241370621727588
2019-03-12,momentum_crowding_penalty,0.012050164936099651,1.036478082689113
2019-03-13,momentum_crowding_penalty,-0.014699040956611897,1.021242848901035
2019-03-14,momentum_crowding_penalty,-0.014369426356158644,1.006568174991998
2019-03-15,momentum_crowding_penalty,0.0056220267236988366,1.0122271281710278
2019-03-18,momentum_crowding_penalty,0.01561460230116646,1.0280326522158703
2019-03-19,momentum_crowding_penalty,-0.0010123110455954821,1.0269919634067992
2019-03-20,momentum_crowding_penalty,0.0005904725097593099,1.0275983739289347
2019-03-21,momentum_crowding_penalty,-0.0017839967430013704,1.025765141776732
2019-03-22,momentum_crowding_penalty,0.0037532929339658466,1.029615138835271
2019-03-25,momentum_crowding_penalty,-0.013163072213928055,1.0160622404102286
2019-03-26,momentum_crowding_penalty,-0.012017416647264256,1.0038517971276661
2019-03-27,momentum_crowding_penalty,0.007647037082203333,1.0115282890453379
2019-03-28,momentum_crowding_penalty,-0.0030817986747040172,1.0084109625047324
2019-03-29,momentum_crowding_penalty,0.026011203520641835,1.0346409452828893
2019-04-01,momentum_crowding_penalty,0.01758448241190797,1.0528345707878561
2019-04-02,momentum_crowding_penalty,0.0003128006505315862,1.0531638981265006
2019-04-03,momentum_crowding_penalty,0.003004843446166672,1.0563284907635253
2019-04-04,momentum_crowding_penalty,0.0030800285553193806,1.0595820126788744
2019-04-08,momentum_crowding_penalty,0.0052669942412793685,1.0651628250378171
2019-04-09,momentum_crowding_penalty,-0.0010736000652198708,1.0640192661593868
2019-04-10,momentum_crowding_penalty,-0.0023171826551686477,1.061553739171077
2019-04-11,momentum_crowding_penalty,-0.01056017502045592,1.050343545891811
2019-04-12,momentum_crowding_penalty,-4.9309933139396386e-05,1.0502917535217897
2019-04-15,momentum_crowding_penalty,-0.004916813000653786,1.0451276653735944
2019-04-16,momentum_crowding_penalty,0.002036440040131904,1.0472560051984106
2019-04-17,momentum_crowding_penalty,0.000593194631682059,1.0478772318386909
2019-04-18,momentum_crowding_penalty,-0.002196921391593842,1.0455751279323002
2019-04-19,momentum_crowding_penalty,0.0017506007039007952,1.0474055124872397
2019-04-22,momentum_crowding_penalty,-0.0007094030007957939,1.0466624798736313
2019-04-23,momentum_crowding_penalty,-0.0029839901575921643,1.0435392493353672
2019-04-24,momentum_crowding_penalty,0.0030649794219420497,1.0467376756605689
2019-04-25,momentum_crowding_penalty,-0.014697474757197026,1.0313532750951404
2019-04-26,momentum_crowding_penalty,-0.005178567916583443,1.0260123421140694
2019-04-29,momentum_crowding_penalty,-0.00940085779993401,1.0163669459848779
2019-04-30,momentum_crowding_penalty,0.0021529757772583147,1.0185551594003892
2019-05-06,momentum_crowding_penalty,-0.017024920406918706,1.001214338881541
2019-05-07,momentum_crowding_penalty,0.00636626525393842,1.0075883349389076
2019-05-08,momentum_crowding_penalty,-0.007635776006730567,0.9998946161063195
2019-05-09,momentum_crowding_penalty,-0.004377799739075584,0.9955172777168261
2019-05-10,momentum_crowding_penalty,0.0057284858227529606,1.0012200843285324
2019-05-13,momentum_crowding_penalty,-0.00037398589194849593,1.000845642142258
2019-05-14,momentum_crowding_penalty,0.0013581169269277328,1.0022049075500932
2019-05-15,momentum_crowding_penalty,0.0003696215750556896,1.0025753441065504
2019-05-16,momentum_crowding_penalty,0.0013417743447955656,1.0039205739819972
2019-05-17,momentum_crowding_penalty,0.00023583219578915385,1.0041573307753573
2019-05-20,momentum_crowding_penalty,-0.0014036472979112966,1.0027478480513365
2019-05-21,momentum_crowding_penalty,0.004103927684361097,1.006863052705388
2019-05-22,momentum_crowding_penalty,-0.002886727439802073,1.0039565135030204
2019-05-23,momentum_crowding_penalty,-0.009508022863742504,0.9944108720184305
2019-05-24,momentum_crowding_penalty,-0.0015476879631019407,0.9928718342814299
2019-05-27,momentum_crowding_penalty,0.009795182408635411,1.0025971950066128
2019-05-28,momentum_crowding_penalty,0.0007262218442516732,1.003325302990612
2019-05-29,momentum_crowding_penalty,-0.0021172354280642796,1.001201027113247
2019-05-30,momentum_crowding_penalty,-0.0014870906708492895,0.9997121504061821
2019-05-31,momentum_crowding_penalty,-0.00026458940034633765,0.9994476371677872
2019-06-03,momentum_crowding_penalty,-0.000856986951519338,0.9985911235840075
2019-06-04,momentum_crowding_penalty,-0.0038729122987400727,0.9947236677400663
2019-06-05,momentum_crowding_penalty,0.0009765280534453247,0.9956950433070404
2019-06-06,momentum_crowding_penalty,-0.005974906125949831,0.9897458588932072
2019-06-10,momentum_crowding_penalty,0.0049796457136408595,0.9946744426170385
2019-06-11,momentum_crowding_penalty,0.004147145278968178,0.998799502035848
2019-06-12,momentum_crowding_penalty,0.00042732739652229235,0.9992263164267008
2019-06-13,momentum_crowding_penalty,-0.00017051804083195732,0.9990559303128759
2019-06-14,momentum_crowding_penalty,0.002151853274268445,1.001205752087697
2019-06-17,momentum_crowding_penalty,-0.003626890695345979,0.9975744882613232
2019-06-18,momentum_crowding_penalty,0.0016207847101277874,0.9991913417391106
2019-06-19,momentum_crowding_penalty,0.006209040933565657,1.005395361680433
2019-06-20,momentum_crowding_penalty,0.013309700192892238,1.018776872519724
2019-06-21,momentum_crowding_penalty,0.0016447834892758585,1.0204525398989004
2019-06-24,momentum_crowding_penalty,0.0013434049609599753,1.0218234209034247
2019-06-25,momentum_crowding_penalty,-0.001258814665534591,1.0205371345956047
2019-06-26,momentum_crowding_penalty,-0.005496427600547505,1.0149278261216297
2019-06-27,momentum_crowding_penalty,0.004627241981119357,1.0196241427664658
2019-06-28,momentum_crowding_penalty,-0.001352078983212568,1.0182455303922553
2019-07-01,momentum_crowding_penalty,0.009874493852788187,1.0283001896227426
2019-07-02,momentum_crowding_penalty,0.0012958260327332605,1.0296326877779203
2019-07-03,momentum_crowding_penalty,-0.00024450093543872944,1.0293809416226003
2019-07-04,momentum_crowding_penalty,-0.0028378885178013454,1.026459673267926
2019-07-05,momentum_crowding_penalty,0.002473261351137168,1.0289983763063204
2019-07-08,momentum_crowding_penalty,-0.014649765080828847,1.0139237918248785
2019-07-09,momentum_crowding_penalty,-0.0009472478120896577,1.0129633547314467
2019-07-10,momentum_crowding_penalty,0.00010145616106214126,1.0130661261047145
2019-07-11,momentum_crowding_penalty,0.0026787201417303617,1.015779846741616
2019-07-12,momentum_crowding_penalty,0.0008653488406908383,1.016658850654391
2019-07-15,momentum_crowding_penalty,0.005563678071265569,1.0223152132077349
2019-07-16,momentum_crowding_penalty,-0.0024541652209987717,1.0198062827665826
2019-07-17,momentum_crowding_penalty,-0.0025819242097532506,1.017173220235849
2019-07-18,momentum_crowding_penalty,-0.005019572674144524,1.0120674453346816
2019-07-19,momentum_crowding_penalty,0.005015584483156421,1.01714355510941
2019-07-22,momentum_crowding_penalty,-0.005037010623939779,1.012020192216252
2019-07-23,momentum_crowding_penalty,0.002639450798719556,1.0146913697209174
2019-07-24,momentum_crowding_penalty,0.005582216525993311,1.0203555966537563
2019-07-25,momentum_crowding_penalty,0.001661244496913783,1.0220506567735925
2019-07-26,momentum_crowding_penalty,-6.646728037612565e-05,1.0219827238460302
2019-07-29,momentum_crowding_penalty,-0.0012813812771294273,1.020673174318144
2019-07-30,momentum_crowding_penalty,3.919508059427876e-05,1.0207131796854718
2019-07-31,momentum_crowding_penalty,-0.0009466256491100888,1.0197469464091968
2019-08-01,momentum_crowding_penalty,-0.0064241058040861556,1.0131959841320703
2019-08-02,momentum_crowding_penalty,-0.002614257675475684,1.010547228753792
2019-08-05,momentum_crowding_penalty,-0.00246449414663412,1.008056741023631
2019-08-06,momentum_crowding_penalty,-0.005812742385804427,1.002197166877787
2019-08-07,momentum_crowding_penalty,-0.00010027117436071063,1.002096675390923
2019-08-08,momentum_crowding_penalty,0.005905565344777154,1.0080146227892282
2019-08-09,momentum_crowding_penalty,-0.0012900696819125538,1.0067142136854432
2019-08-12,momentum_crowding_penalty,0.006295727044018493,1.0130522115861404
2019-08-13,momentum_crowding_penalty,0.0027898057136747654,1.0158784304342743
2019-08-14,momentum_crowding_penalty,-0.004778281326454514,1.0110242775001823
2019-08-15,momentum_crowding_penalty,0.0013241386284952414,1.0123630138003668
2019-08-16,momentum_crowding_penalty,0.0016431692984644974,1.0140264976235445
2019-08-19,momentum_crowding_penalty,0.0038928019503778736,1.0179739019512282
2019-08-20,momentum_crowding_penalty,-0.0012773283824753401,1.0166736149936468
2019-08-21,momentum_crowding_penalty,0.00018176542895386173,1.0168584111093821
2019-08-22,momentum_crowding_penalty,0.0017802890527282235,1.0186687130068548
2019-08-23,momentum_crowding_penalty,-0.0011453788851186197,1.0175019513720458
2019-08-26,momentum_crowding_penalty,-0.0033316090472434025,1.0141120326652668
2019-08-27,momentum_crowding_penalty,0.012831865328814042,1.0271249816967574
2019-08-28,momentum_crowding_penalty,-0.0006249732423261767,1.0264830560666722
2019-08-29,momentum_crowding_penalty,0.0012222528361866547,1.0277376778932472
2019-08-30,momentum_crowding_penalty,0.001019104065118859,1.0287850495386641
2019-09-02,momentum_crowding_penalty,0.016833737876847082,1.0461033473942172
2019-09-03,momentum_crowding_penalty,0.0046328389056490065,1.0509497756813546
2019-09-04,momentum_crowding_penalty,0.008237996417568018,1.0596074961684616
2019-09-05,momentum_crowding_penalty,0.003954822677922576,1.0637980559240052
2019-09-06,momentum_crowding_penalty,-0.009085427002842827,1.0541329963411414
2019-09-09,momentum_crowding_penalty,0.009792786626979013,1.0644558958507682
2019-09-10,momentum_crowding_penalty,-0.0060260540734841,1.0580414270635325
2019-09-11,momentum_crowding_penalty,-0.002808067252887503,1.055070375579997
2019-09-12,momentum_crowding_penalty,0.0025586584154812294,1.0577699402754
2019-09-16,momentum_crowding_penalty,-0.0006022585789934021,1.0571328892542677
2019-09-17,momentum_crowding_penalty,-0.0044558956105751335,1.052422415453245
2019-09-18,momentum_crowding_penalty,-0.00494407057230175,1.047219164759372
2019-09-19,momentum_crowding_penalty,0.002133369655350159,1.0494532703479706
2019-09-20,momentum_crowding_penalty,-0.0006804852034931306,1.0487391329257414
2019-09-23,momentum_crowding_penalty,-0.0019978441735190233,1.0466439155594842
2019-09-24,momentum_crowding_penalty,-0.0002926121883449873,1.0463376547929344
2019-09-25,momentum_crowding_penalty,-0.011471371291142196,1.0343347270589016
2019-09-26,momentum_crowding_penalty,-0.006159176623309892,1.0279640767873228
2019-09-27,momentum_crowding_penalty,0.0007890128606833692,1.0287751536642284
2019-09-30,momentum_crowding_penalty,-0.002582532260319794,1.026118308641275
2019-10-08,momentum_crowding_penalty,-0.0063380188668116086,1.019614751441526
2019-10-09,momentum_crowding_penalty,-0.0028141576971319584,1.0167453947406475
2019-10-10,momentum_crowding_penalty,0.0008039077326809085,1.0175627642256473
2019-10-11,momentum_crowding_penalty,0.0031148082075511006,1.0207322770753557
2019-10-14,momentum_crowding_penalty,0.0027901869776348854,1.0235803109825028
2019-10-15,momentum_crowding_penalty,-0.0019374022916582192,1.021597224142309
2019-10-16,momentum_crowding_penalty,-0.0005836623912325977,1.0210009562635896
2019-10-17,momentum_crowding_penalty,-0.0003795305757676726,1.0206134551827994
2019-10-18,momentum_crowding_penalty,-0.00380461910119555,1.0167304097362737
2019-10-21,momentum_crowding_penalty,-0.0003092547511367271,1.0164159810264375
2019-10-22,momentum_crowding_penalty,0.0024083420391084248,1.018863858362765
2019-10-23,momentum_crowding_penalty,-0.0020029985303209987,1.016823075551867
2019-10-24,momentum_crowding_penalty,0.0009670029288594285,1.0178063464440577
2019-10-25,momentum_crowding_penalty,0.0030663545900498582,1.020927301606258
2019-10-28,momentum_crowding_penalty,0.001760718829945005,1.0227248675302012
2019-10-29,momentum_crowding_penalty,-0.0010720752138030033,1.021628429549182
2019-10-30,momentum_crowding_penalty,0.00010565455464824904,1.021736369245922
2019-10-31,momentum_crowding_penalty,0.0007068890380431682,1.022458623485112
2019-11-01,momentum_crowding_penalty,0.0008803482622406823,1.0233587431575102
2019-11-04,momentum_crowding_penalty,0.0010188028323194344,1.024401343943518
2019-11-05,momentum_crowding_penalty,0.0037781591776924195,1.0282716952827786
2019-11-06,momentum_crowding_penalty,-0.004570422984240319,1.0235720586926145
2019-11-07,momentum_crowding_penalty,0.002018282845302544,1.0256379166196048
2019-11-08,momentum_crowding_penalty,-0.0011395749479835905,1.0244691253441232
2019-11-11,momentum_crowding_penalty,-0.004480261635789948,1.0198792356247925
2019-11-12,momentum_crowding_penalty,0.002457110423027853,1.0223851915248758
2019-11-13,momentum_crowding_penalty,-0.0023609638925013556,1.0199713770034575
2019-11-14,momentum_crowding_penalty,-0.0005769460372702873,1.0193829085593662
2019-11-15,momentum_crowding_penalty,-0.0023211774661285323,1.0170167399226617
2019-11-18,momentum_crowding_penalty,0.003005663885136452,1.0200735504084264
2019-11-19,momentum_crowding_penalty,0.00715158433010994,1.027368692427087
2019-11-20,momentum_crowding_penalty,-0.00407893035294139,1.0231781270838844
2019-11-21,momentum_crowding_penalty,-0.0027372623328960287,1.0203774201367746
2019-11-22,momentum_crowding_penalty,-0.005354441626065909,1.0149138688040964
2019-11-25,momentum_crowding_penalty,-0.004075776596948303,1.0107773066097063
2019-11-26,momentum_crowding_penalty,0.0030466328207827023,1.0138567739265258
2019-11-27,momentum_crowding_penalty,0.0009436948864123385,1.0148135453796348
2019-11-28,momentum_crowding_penalty,0.0026783566304137583,1.017531577967536
2019-11-29,momentum_crowding_penalty,-0.0019436778272509335,1.0155538244009128
2019-12-02,momentum_crowding_penalty,0.004580434310104216,1.0202055019819563
2019-12-03,momentum_crowding_penalty,-0.00945142536200362,1.0105631058260685
2019-12-04,momentum_crowding_penalty,-0.002758375520963874,1.0077755932925685
2019-12-05,momentum_crowding_penalty,0.002642307976900482,1.010438446781651
2019-12-06,momentum_crowding_penalty,0.0006803841474148475,1.0111259330827795
2019-12-09,momentum_crowding_penalty,0.0020073971962963127,1.0131556644459525
2019-12-10,momentum_crowding_penalty,0.003267117492314609,1.0164657630397016
2019-12-11,momentum_crowding_penalty,-0.0024519140876764992,1.0139734763156636
2019-12-12,momentum_crowding_penalty,0.005390464930141037,1.0194392647798365
2019-12-13,momentum_crowding_penalty,0.002840194134808738,1.0223346702004579
2019-12-16,momentum_crowding_penalty,0.005718948633413275,1.0281813496654917
2019-12-17,momentum_crowding_penalty,0.00407815716385328,1.0323744348023705
2019-12-18,momentum_crowding_penalty,-0.0013434181189122207,1.0309875242811553
2019-12-19,momentum_crowding_penalty,-0.0024935893146680876,1.0284166648070516
2019-12-20,momentum_crowding_penalty,-0.002787775948434679,1.025549669563933
2019-12-23,momentum_crowding_penalty,-0.008091887845072226,1.0172510366582708
2019-12-24,momentum_crowding_penalty,0.01036213597424258,1.0277919302200629
2019-12-25,momentum_crowding_penalty,0.0028092419715958442,1.0306792464485046
2019-12-26,momentum_crowding_penalty,0.0059586335746549595,1.0368206864110927
2019-12-27,momentum_crowding_penalty,-0.005412903621389065,1.031208475962887
2019-12-30,momentum_crowding_penalty,0.009224060587036644,1.0407204054230343
2019-12-31,momentum_crowding_penalty,-0.0009986687194060038,1.039681070508491
2020-01-02,momentum_crowding_penalty,0.0076445101966957545,1.0476289230533047
2020-01-03,momentum_crowding_penalty,0.0032689163327219274,1.0510535343505056
2020-01-06,momentum_crowding_penalty,0.004269155138563544,1.0555406449475835
2020-01-07,momentum_crowding_penalty,0.006783616014661687,1.0627010273707762
2020-01-08,momentum_crowding_penalty,-0.009366992741968182,1.052746714560512
2020-01-09,momentum_crowding_penalty,0.008852116249591502,1.0620657508591773
2020-01-10,momentum_crowding_penalty,-0.0003307813035982821,1.061714439365601
2020-01-13,momentum_crowding_penalty,0.006746358973763969,1.06887714610119
2020-01-14,momentum_crowding_penalty,-0.003437517995103845,1.0652028616769118
2020-01-15,momentum_crowding_penalty,-0.0020810214762597475,1.0629861516451888
2020-01-16,momentum_crowding_penalty,0.0020728788298869706,1.0651895931353972
2020-01-17,momentum_crowding_penalty,-0.00216797685248471,1.062880286753972
2020-01-20,momentum_crowding_penalty,0.00797163287849853,1.0713531781937677
2020-01-21,momentum_crowding_penalty,-0.009098583446952703,1.0616053819008138
2020-01-22,momentum_crowding_penalty,0.009261824687313125,1.0714377848350871
2020-01-23,momentum_crowding_penalty,-0.019816150145057998,1.0502060128197066
2020-02-03,momentum_crowding_penalty,-0.05920615858135106,0.9880273490816147
2020-02-04,momentum_crowding_penalty,0.01759445693334031,1.0054111537239936
2020-02-05,momentum_crowding_penalty,0.01333250142765299,1.018815799366397
2020-02-06,momentum_crowding_penalty,0.016789931311822857,1.0359216466571588
2020-02-07,momentum_crowding_penalty,0.011271383070540476,1.0475979163676967
2020-02-10,momentum_crowding_penalty,0.0029728202286596075,1.0507122366449764
2020-02-11,momentum_crowding_penalty,0.0031921554756160764,1.0540662734644795
2020-02-12,momentum_crowding_penalty,0.007247316247954006,1.061705425094579
2020-02-13,momentum_crowding_penalty,0.009424084868201734,1.0717110271257004
2020-02-14,momentum_crowding_penalty,-0.010533151269919883,1.0604225327593442
2020-02-17,momentum_crowding_penalty,0.006643014059993953,1.0674669345539989
2020-02-18,momentum_crowding_penalty,0.008238309684871449,1.076261057739215
2020-02-19,momentum_crowding_penalty,-0.00555138620336465,1.0702863169520629
2020-02-20,momentum_crowding_penalty,0.011664142361718444,1.082770288920791
2020-02-21,momentum_crowding_penalty,0.00852611590202015,1.0920021138993936
2020-02-24,momentum_crowding_penalty,0.004678563332700423,1.0971111149487147
2020-02-25,momentum_crowding_penalty,0.0018171988526851424,1.0991047840080677
2020-02-26,momentum_crowding_penalty,-0.022979432690081528,1.0738479796046076
2020-02-27,momentum_crowding_penalty,-0.003195485733236458,1.0704165137061163
2020-02-28,momentum_crowding_penalty,-0.0351710666846305,1.0327688231222287
2020-03-02,momentum_crowding_penalty,0.01870874442401527,1.0520906310831135
2020-03-03,momentum_crowding_penalty,0.0028135584578162674,1.0550507495765866
2020-03-04,momentum_crowding_penalty,0.0034728233177577783,1.0587147544211342
2020-03-05,momentum_crowding_penalty,0.003337896948761687,1.0622486351695253
2020-03-06,momentum_crowding_penalty,0.0009574861933812958,1.063265723571638
2020-03-09,momentum_crowding_penalty,-0.017151489816476444,1.0450291323415908
2020-03-10,momentum_crowding_penalty,0.018021286817908978,1.0638619020685893
2020-03-11,momentum_crowding_penalty,-0.008584036151350272,1.0547296730411884
2020-03-12,momentum_crowding_penalty,-0.012129970390834289,1.0419358333368645
2020-03-13,momentum_crowding_penalty,-0.0038043272722239835,1.0379719684301936
2020-03-16,momentum_crowding_penalty,-0.029530654878475893,1.0073199764569492
2020-03-17,momentum_crowding_penalty,-0.004813597047781793,1.0024711439921044
2020-03-18,momentum_crowding_penalty,-0.0036696429027195396,0.9987924328733726
2020-03-19,momentum_crowding_penalty,0.0013572847903951081,1.0001480786512733
2020-03-20,momentum_crowding_penalty,0.007135374609913759,1.0072845098578358
2020-03-23,momentum_crowding_penalty,-0.007830512622138392,0.9993969557893095
2020-03-24,momentum_crowding_penalty,0.003239699168207777,1.0026347012756895
2020-03-25,momentum_crowding_penalty,0.007818227810326839,1.010473527780802
2020-03-26,momentum_crowding_penalty,-0.005266375212834773,1.0051519950408714
2020-03-27,momentum_crowding_penalty,0.0003966228592144352,1.0055506612990897
2020-03-30,momentum_crowding_penalty,-0.0048164689761418375,1.0007074577350037
2020-03-31,momentum_crowding_penalty,0.0075527305617504766,1.0082655315344105
2020-04-01,momentum_crowding_penalty,-0.007702013057902635,1.0004998572446993
2020-04-02,momentum_crowding_penalty,0.009801633870420557,1.0103063905328198
2020-04-03,momentum_crowding_penalty,-0.003838601246655338,1.0064282271626166
2020-04-07,momentum_crowding_penalty,0.011874711903444829,1.0183792724116674
2020-04-08,momentum_crowding_penalty,0.00018808639423293375,1.0185708156969768
2020-04-09,momentum_crowding_penalty,0.0009256799076865721,1.0195136862356236
2020-04-10,momentum_crowding_penalty,-0.007998266021186763,1.0113593445608702
2020-04-13,momentum_crowding_penalty,-0.006353183218023454,1.0049339933456147
2020-04-14,momentum_crowding_penalty,0.016548640669721726,1.0215642848982798
2020-04-15,momentum_crowding_penalty,0.0005368567846973592,1.0221127186156318
2020-04-16,momentum_crowding_penalty,0.006368654699541688,1.0286222015845046
2020-04-17,momentum_crowding_penalty,0.006402081388126835,1.035207524636683
2020-04-20,momentum_crowding_penalty,0.003647447608179929,1.038983389846389
2020-04-21,momentum_crowding_penalty,-0.005056452267608346,1.0337298199287928
2020-04-22,momentum_crowding_penalty,-0.006969817495210673,1.026524911744532
2020-04-23,momentum_crowding_penalty,0.011365035259252922,1.0381914035610103
2020-04-24,momentum_crowding_penalty,-0.002052331901968474,1.0360606902231324
2020-04-27,momentum_crowding_penalty,0.005172584746348574,1.041419801945672
2020-04-28,momentum_crowding_penalty,-0.0009856172559745582,1.0403933606181608
2020-04-29,momentum_crowding_penalty,-0.00023157971337888235,1.0401524266219075
2020-04-30,momentum_crowding_penalty,0.012376691648711103,1.0530260724738656
2020-05-06,momentum_crowding_penalty,0.00789927155689025,1.061344211376822
2020-05-07,momentum_crowding_penalty,-0.008815599119178863,1.051987826281863
2020-05-08,momentum_crowding_penalty,0.010049212642887629,1.0625594756458987
2020-05-11,momentum_crowding_penalty,0.004470257665528377,1.0673093902869846
2020-05-12,momentum_crowding_penalty,0.0011560592844759633,1.0685432632170342
2020-05-13,momentum_crowding_penalty,8.973671520471336e-05,1.0686391507795294
2020-05-14,momentum_crowding_penalty,-0.006772516449572686,1.0614017745522177
2020-05-15,momentum_crowding_penalty,0.006716979015875235,1.0685311879992976
2020-05-18,momentum_crowding_penalty,-0.001109316447572575,1.0673458487777057
2020-05-19,momentum_crowding_penalty,0.00936202138653367,1.0773383634407905
2020-05-20,momentum_crowding_penalty,-0.0048217368890665635,1.0721437213117813
2020-05-21,momentum_crowding_penalty,-0.009745187639539476,1.0616954795710438
2020-05-22,momentum_crowding_penalty,-0.009515086260722873,1.0515933555003059
2020-05-25,momentum_crowding_penalty,-0.001175543989791464,1.0503571612515428
2020-05-26,momentum_crowding_penalty,0.015090247703372774,1.06620731099184
2020-05-27,momentum_crowding_penalty,-0.0028567836649068708,1.0631613873623942
2020-05-28,momentum_crowding_penalty,0.007097880472750763,1.0707075798131365
2020-05-29,momentum_crowding_penalty,-0.003015263680734115,1.0674791141350393
2020-06-01,momentum_crowding_penalty,0.012416721674187167,1.0807337051882617
2020-06-02,momentum_crowding_penalty,0.002468565082815855,1.0834015666767116
2020-06-03,momentum_crowding_penalty,0.005768398008392528,1.0896510581162189
2020-06-04,momentum_crowding_penalty,0.0004829693424455939,1.0901773261712524
2020-06-05,momentum_crowding_penalty,0.006063073102998741,1.0967871509950604
2020-06-08,momentum_crowding_penalty,0.01159138887180868,1.1095004373718473
2020-06-09,momentum_crowding_penalty,0.006775495243175956,1.117017852307562
2020-06-10,momentum_crowding_penalty,-8.21349166901463e-05,1.1169261061393212
2020-06-11,momentum_crowding_penalty,-0.010288373185005518,1.1054347535392848
2020-06-12,momentum_crowding_penalty,-0.007055658364385721,1.0976351835741927
2020-06-15,momentum_crowding_penalty,-0.011766618642546899,1.0847197289604331
2020-06-16,momentum_crowding_penalty,0.02729248311769066,1.1143244238505117
2020-06-17,momentum_crowding_penalty,0.003897465483167506,1.1186674648295196
2020-06-18,momentum_crowding_penalty,-0.004667621404694467,1.113445948625946
2020-06-19,momentum_crowding_penalty,0.009103800194998348,1.123582538070167
2020-06-22,momentum_crowding_penalty,-0.002200753708265061,1.121109809632967
2020-06-23,momentum_crowding_penalty,0.005108496692137821,1.1268369953870003
2020-06-24,momentum_crowding_penalty,0.0017617496841240588,1.1288222001076826
2020-06-29,momentum_crowding_penalty,-0.004719934035893537,1.123494233784922
2020-06-30,momentum_crowding_penalty,0.013463356482817601,1.1386202371607586
2020-07-01,momentum_crowding_penalty,0.007886303744483602,1.1475997422006243
2020-07-02,momentum_crowding_penalty,0.018080303660039345,1.1683486940197947
2020-07-03,momentum_crowding_penalty,0.016873038667945185,1.188062286711634
2020-07-06,momentum_crowding_penalty,0.040741344300505467,1.2364655413849985
2020-07-07,momentum_crowding_penalty,-0.001050487145204837,1.2351666502282848
2020-07-08,momentum_crowding_penalty,0.013575502083936587,1.2519346576624677
2020-07-09,momentum_crowding_penalty,0.014464938614766854,1.2700438156352545
2020-07-10,momentum_crowding_penalty,-0.0028204057756368805,1.266461776722325
2020-07-13,momentum_crowding_penalty,0.023211891888520395,1.2958587505645471
2020-07-14,momentum_crowding_penalty,-0.002347396160708415,1.2928168567086515
2020-07-15,momentum_crowding_penalty,-0.019971764447713924,1.2669970229724323
2020-07-16,momentum_crowding_penalty,-0.04433973764094758,1.2108187073819732
2020-07-17,momentum_crowding_penalty,0.002194065492722708,1.2134753229257829
2020-07-20,momentum_crowding_penalty,0.032192346009419816,1.2525399403953021
2020-07-21,momentum_crowding_penalty,0.012891120829357573,1.2686865841105344
2020-07-22,momentum_crowding_penalty,0.012163355056436797,1.284118069488409
2020-07-23,momentum_crowding_penalty,0.00031325639931003576,1.2845203276911457
2020-07-24,momentum_crowding_penalty,-0.007042464395388537,1.2754741390182278
2020-07-27,momentum_crowding_penalty,0.009038118926470693,1.2870020259743125
2020-07-28,momentum_crowding_penalty,0.011209572898391196,1.3014287690048487
2020-07-29,momentum_crowding_penalty,0.012574219489192063,1.3177932199958646
2020-07-30,momentum_crowding_penalty,-0.00613914776881237,1.309703092689571
2020-07-31,momentum_crowding_penalty,0.00926539623260847,1.3218380107904126
2020-08-03,momentum_crowding_penalty,0.016293896837467382,1.3433759029740746
2020-08-04,momentum_crowding_penalty,0.002530670082911002,1.3467755441818348
2020-08-05,momentum_crowding_penalty,0.01326258983394535,1.364637275822707
2020-08-06,momentum_crowding_penalty,0.00277455821136029,1.3684235413818693
2020-08-07,momentum_crowding_penalty,-0.0024705130431885497,1.365042833174279
2020-08-10,momentum_crowding_penalty,-0.0003917205615401541,1.3645081178291416
2020-08-11,momentum_crowding_penalty,-0.006306802271470758,1.3559024349321764
2020-08-12,momentum_crowding_penalty,-0.024634512919200737,1.3225004388816641
2020-08-13,momentum_crowding_penalty,0.006918421283846388,1.3316500540659193
2020-08-14,momentum_crowding_penalty,0.009727569331459185,1.3446037722920867
2020-08-17,momentum_crowding_penalty,0.014309110472784579,1.363843856211937
2020-08-18,momentum_crowding_penalty,0.00116563310007447,1.3654335977540708
2020-08-19,momentum_crowding_penalty,-0.002031974388446867,1.3626590716543097
2020-08-20,momentum_crowding_penalty,-0.006548051841914837,1.3537363094102617
2020-08-21,momentum_crowding_penalty,0.0031730325471992504,1.3580317587803459
2020-08-24,momentum_crowding_penalty,0.0038859539561334486,1.3633090076659333
2020-08-25,momentum_crowding_penalty,0.0016007721981666006,1.365491354822915
2020-08-26,momentum_crowding_penalty,-0.010824096496294391,1.350711144633456
2020-08-27,momentum_crowding_penalty,0.008736179404871081,1.3625111995171326
2020-08-28,momentum_crowding_penalty,0.01354620393903161,1.3809680540950064
2020-08-31,momentum_crowding_penalty,0.0007465106274656796,1.381998961423579
2020-09-01,momentum_crowding_penalty,0.0007723541785046753,1.3830663540961237
2020-09-02,momentum_crowding_penalty,0.008261122088820171,1.3944920341042513
2020-09-03,momentum_crowding_penalty,0.01181242690301151,1.4109643693239395
2020-09-04,momentum_crowding_penalty,-0.023193017063096934,1.3782398486307876
2020-09-07,momentum_crowding_penalty,-0.02052090736762242,1.3499571163666693
2020-09-08,momentum_crowding_penalty,0.01310162440256647,1.3676437474648773
2020-09-09,momentum_crowding_penalty,-0.02145017894396182,1.338307544350165
2020-09-10,momentum_crowding_penalty,0.00122109884260998,1.3399417501436273
2020-09-11,momentum_crowding_penalty,-0.0006186471571078538,1.3391127989892109
2020-09-14,momentum_crowding_penalty,0.005729454164720697,1.3467851843924104
2020-09-15,momentum_crowding_penalty,0.000485595280394413,1.3474391769216565
2020-09-16,momentum_crowding_penalty,-0.002630702488269432,1.3438944653261369
2020-09-17,momentum_crowding_penalty,-0.003012044643432343,1.339846595200513
2020-09-18,momentum_crowding_penalty,0.009972765774408643,1.3532085714680866
2020-09-21,momentum_crowding_penalty,-0.0023898448125863644,1.3499746129832162
2020-09-22,momentum_crowding_penalty,-0.005307375584418017,1.342809790682685
2020-09-23,momentum_crowding_penalty,0.0026066863494932924,1.3463100746340235
2020-09-24,momentum_crowding_penalty,-0.006900721135125665,1.337019564247564
2020-09-25,momentum_crowding_penalty,-0.000310265035945434,1.336604733824403
2020-09-28,momentum_crowding_penalty,0.0009607916047842525,1.3378889324315764
2020-09-29,momentum_crowding_penalty,0.007477302947249409,1.3478927332891395
2020-09-30,momentum_crowding_penalty,-0.0016806405008484072,1.3456274101707746
2020-10-09,momentum_crowding_penalty,0.014160347395107737,1.3646819617631718
2020-10-12,momentum_crowding_penalty,0.010442232933978293,1.3789322886887014
2020-10-13,momentum_crowding_penalty,-0.0015389793198294034,1.3768101404129645
2020-10-14,momentum_crowding_penalty,-0.0021403829750554215,1.3738632394285408
2020-10-15,momentum_crowding_penalty,-0.0017480572984551524,1.3714616477657784
2020-10-16,momentum_crowding_penalty,0.0003184456460424312,1.3718983837562235
2020-10-19,momentum_crowding_penalty,-0.0006677566279609167,1.3709822895175814
2020-10-20,momentum_crowding_penalty,0.00829259849442854,1.3823512951875232
2020-10-21,momentum_crowding_penalty,-0.009396162084766268,1.3693624983598547
2020-10-22,momentum_crowding_penalty,-0.0038566966874551746,1.364081282548505
2020-10-23,momentum_crowding_penalty,-0.014383057902931273,1.344461622477305
2020-10-26,momentum_crowding_penalty,-0.0005045685814610065,1.3437832493836228
2020-10-27,momentum_crowding_penalty,0.0015668953998377532,1.345888817175461
2020-10-28,momentum_crowding_penalty,0.004382187128367843,1.3517867538263015
2020-10-29,momentum_crowding_penalty,0.0020631968492179522,1.3545757559976106
2020-10-30,momentum_crowding_penalty,-0.010714741020163366,1.3400618275799043
2020-11-02,momentum_crowding_penalty,0.00019585910265079511,1.3403242908869506
2020-11-03,momentum_crowding_penalty,0.005390963052397213,1.3475499296173525
2020-11-04,momentum_crowding_penalty,0.003067619563346757,1.3516837001440334
2020-11-05,momentum_crowding_penalty,0.007378577062723691,1.3616572024899736
2020-11-06,momentum_crowding_penalty,-0.0018449558007748279,1.359145005135573
2020-11-09,momentum_crowding_penalty,0.00863225496761244,1.3708774913578599
2020-11-10,momentum_crowding_penalty,-0.006395213619899987,1.3621104369539137
2020-11-11,momentum_crowding_penalty,-0.004132704098600016,1.3564812375683684
2020-11-12,momentum_crowding_penalty,-0.000954373511166773,1.3551866478068384
2020-11-13,momentum_crowding_penalty,-0.0020740248507469254,1.3523759570218865
2020-11-16,momentum_crowding_penalty,0.00614258687344392,1.3606830438234503
2020-11-17,momentum_crowding_penalty,-0.0010837217362542177,1.3592084420327062
2020-11-18,momentum_crowding_penalty,-0.0025382814422817315,1.355758388468102
2020-11-19,momentum_crowding_penalty,0.0017478287381749282,1.3581280219414882
2020-11-20,momentum_crowding_penalty,0.0015437699502424242,1.3602246591703437
2020-11-23,momentum_crowding_penalty,0.004788771817692452,1.366738464683909
2020-11-24,momentum_crowding_penalty,0.009883408523074611,1.3802464992745798
2020-11-25,momentum_crowding_penalty,-0.0017721984113419856,1.377800428621305
2020-11-26,momentum_crowding_penalty,-8.446634527593553e-05,1.3776840508545798
2020-11-27,momentum_crowding_penalty,0.006311811845585758,1.3863797333662384
2020-11-30,momentum_crowding_penalty,-0.00452119732229854,1.3801116370280542
2020-12-01,momentum_crowding_penalty,-0.0032843289169780417,1.375578896469905
2020-12-02,momentum_crowding_penalty,-0.0021805772658670015,1.3725793404008564
2020-12-03,momentum_crowding_penalty,5.2556611675569614e-05,1.3726514785202437
2020-12-04,momentum_crowding_penalty,0.0023050423292416806,1.375815498281529
2020-12-07,momentum_crowding_penalty,0.0004347486086653703,1.376413632155187
2020-12-08,momentum_crowding_penalty,0.0010607767944531333,1.377873699795746
2020-12-09,momentum_crowding_penalty,-0.00898642898091212,1.365491535647865
2020-12-10,momentum_crowding_penalty,-0.0032153933416531836,1.361100943256059
2020-12-11,momentum_crowding_penalty,-0.00698007130157864,1.3516003616234857
2020-12-14,momentum_crowding_penalty,0.005032447749640952,1.3584022198217516
2020-12-15,momentum_crowding_penalty,-0.004366962413514274,1.3524701283853555
2020-12-16,momentum_crowding_penalty,0.00505460608542857,1.3593063321266525
2020-12-17,momentum_crowding_penalty,0.004961124093898217,1.3660500195219545
2020-12-18,momentum_crowding_penalty,-0.0013565647391691638,1.3641968842335297
2020-12-21,momentum_crowding_penalty,0.0046884391286292825,1.3705928382847243
2020-12-22,momentum_crowding_penalty,-0.011700119228650819,1.354556738662858
2020-12-23,momentum_crowding_penalty,0.003618917330251659,1.3594587675192142
2020-12-24,momentum_crowding_penalty,0.004168688839059909,1.365125928110534
2020-12-25,momentum_crowding_penalty,0.0005974727888386046,1.365941553705918
2020-12-28,momentum_crowding_penalty,0.0049744041427161835,1.372736299029381
2020-12-29,momentum_crowding_penalty,-0.005551541723553444,1.365115496189883
2020-12-30,momentum_crowding_penalty,0.01099331916875651,1.380122646541714
2020-12-31,momentum_crowding_penalty,0.009844859051960708,1.3937097594713361
2021-01-04,momentum_crowding_penalty,0.015869788464409982,1.4158276385349298
2021-01-05,momentum_crowding_penalty,0.00520130095646173,1.4231917841854265
2021-01-06,momentum_crowding_penalty,0.0013308538128314674,1.4250858443977998
2021-01-07,momentum_crowding_penalty,0.004281413540379664,1.431187226228208
2021-01-08,momentum_crowding_penalty,-0.0022104217186860735,1.428023698899847
2021-01-11,momentum_crowding_penalty,-0.013780111461307115,1.408345373159619
2021-01-12,momentum_crowding_penalty,0.019159258444699123,1.4353282261433804
2021-01-13,momentum_crowding_penalty,0.0039301879647125615,1.4409693358631814
2021-01-14,momentum_crowding_penalty,-0.01583813355256458,1.4181470710766302
2021-01-15,momentum_crowding_penalty,-0.0017442699424575438,1.415673439766567
2021-01-18,momentum_crowding_penalty,-7.107535848211843e-06,1.4156633778168444
2021-01-19,momentum_crowding_penalty,0.0006529973766132508,1.4165878022887262
2021-01-20,momentum_crowding_penalty,0.0053420726911446725,1.4241553173019412
2021-01-21,momentum_crowding_penalty,0.002697754926757233,1.4279973393256602
2021-01-22,momentum_crowding_penalty,-0.009010532947981842,1.415130322250036
2021-01-25,momentum_crowding_penalty,0.00378911277832414,1.4204924106370673
2021-01-26,momentum_crowding_penalty,-0.017131563822954516,1.396157154244216
2021-01-27,momentum_crowding_penalty,0.0005111756352621959,1.3968708357644626
2021-01-28,momentum_crowding_penalty,-0.018248484172611507,1.3713800604268322
2021-01-29,momentum_crowding_penalty,-0.010564767424201794,1.356891749038235
2021-02-01,momentum_crowding_penalty,0.003572517278366644,1.3617392682565475
2021-02-02,momentum_crowding_penalty,0.003008468183183167,1.3658360175188884
2021-02-03,momentum_crowding_penalty,-0.0008416043262799103,1.3646865240175556
2021-02-04,momentum_crowding_penalty,0.005766622651635878,1.3725561562393376
2021-02-05,momentum_crowding_penalty,0.003220471607421749,1.3769764343700983
2021-02-08,momentum_crowding_penalty,0.0039724284019481155,1.3824463746668034
2021-02-09,momentum_crowding_penalty,0.007889708678844809,1.3933534738270497
2021-02-10,momentum_crowding_penalty,0.003330152513617125,1.3979935534002719
2021-02-18,momentum_crowding_penalty,0.0018278886497581164,1.400548929948967
2021-02-19,momentum_crowding_penalty,-0.002184338514968898,1.397489656979181
2021-02-22,momentum_crowding_penalty,-0.0053938660210719885,1.3899517850036016
2021-02-23,momentum_crowding_penalty,-0.0033829854315611816,1.3852495983643618
2021-02-24,momentum_crowding_penalty,-0.01520967352376992,1.3641804042243064
2021-02-25,momentum_crowding_penalty,0.010915483314303078,1.379071092664316
2021-02-26,momentum_crowding_penalty,-0.023452303242422815,1.346728699206293
2021-03-01,momentum_crowding_penalty,0.009166106211775629,1.3590729575016642
2021-03-02,momentum_crowding_penalty,-0.0050417348120643905,1.3522208720596929
2021-03-03,momentum_crowding_penalty,0.012064714050289882,1.3685350302139268
2021-03-04,momentum_crowding_penalty,-0.007130412062167369,1.3587768115269907
2021-03-05,momentum_crowding_penalty,-0.005043285529944708,1.3519241120949923
2021-03-08,momentum_crowding_penalty,0.005747803949990966,1.35969470684658
2021-03-09,momentum_crowding_penalty,0.0016695479506995913,1.3619647823579728
2021-03-10,momentum_crowding_penalty,-0.002841867109193719,1.3580942594391094
2021-03-11,momentum_crowding_penalty,0.013155822335583049,1.3759611062312656
2021-03-12,momentum_crowding_penalty,0.0017087180038025346,1.378312235746015
2021-03-15,momentum_crowding_penalty,0.0031247164960659475,1.38261907072578
2021-03-16,momentum_crowding_penalty,-0.00430381238502543,1.376668537645418
2021-03-17,momentum_crowding_penalty,-0.0012104026279867283,1.3750022144295853
2021-03-18,momentum_crowding_penalty,0.001847507686722938,1.377542541590005
2021-03-19,momentum_crowding_penalty,-0.01280457009683027,1.3599037015548503
2021-03-22,momentum_crowding_penalty,0.004776308973631767,1.3663990218078617
2021-03-23,momentum_crowding_penalty,-0.005910438185368017,1.358323004852919
2021-03-24,momentum_crowding_penalty,-0.009559807170870162,1.3453376988507681
2021-03-25,momentum_crowding_penalty,0.0028766553966388057,1.3492077718024689
2021-03-26,momentum_crowding_penalty,0.007178707982951527,1.3588933404045676
2021-03-29,momentum_crowding_penalty,0.008250411262238386,1.3701047693244222
2021-03-30,momentum_crowding_penalty,-0.0009091483878304608,1.368859140782232
2021-03-31,momentum_crowding_penalty,-0.001494552192869736,1.3668133093516461
2021-04-01,momentum_crowding_penalty,0.008452481605292985,1.3783662737068103
2021-04-02,momentum_crowding_penalty,0.002460321515739217,1.3817574979065805
2021-04-06,momentum_crowding_penalty,0.0004362987244406217,1.3823603569404035
2021-04-07,momentum_crowding_penalty,-0.003522330802464547,1.3774912264750465
2021-04-08,momentum_crowding_penalty,0.004624255818795709,1.3838610982944137
2021-04-09,momentum_crowding_penalty,-0.006632740660463998,1.3746823065193219
2021-04-12,momentum_crowding_penalty,-0.007157310922453961,1.364843277831967
2021-04-13,momentum_crowding_penalty,-0.0011782101695210104,1.363235205602223
2021-04-14,momentum_crowding_penalty,0.007585888519965023,1.3735765558984132
2021-04-15,momentum_crowding_penalty,0.001067671620829891,1.3750430846061834
2021-04-16,momentum_crowding_penalty,0.005426266212073039,1.3825044344363266
2021-04-19,momentum_crowding_penalty,0.010774575383935565,1.3974003326837863
2021-04-20,momentum_crowding_penalty,-0.005453019213361787,1.3897802818209033
2021-04-21,momentum_crowding_penalty,-0.0038271683449575987,1.3844613587198722
2021-04-22,momentum_crowding_penalty,0.005999770590225762,1.3927678092632236
2021-04-23,momentum_crowding_penalty,-0.0016121422549275734,1.3905224694266074
2021-04-26,momentum_crowding_penalty,0.0023762425115652058,1.3938266880317456
2021-04-27,momentum_crowding_penalty,-9.778993240020466e-05,1.3936903858141454
2021-04-28,momentum_crowding_penalty,0.006718120910415282,1.403053366337728
2021-04-29,momentum_crowding_penalty,0.00379014640159987,1.4083711440054056
2021-04-30,momentum_crowding_penalty,-0.004464446321026761,1.4020835466329105
2021-05-06,momentum_crowding_penalty,0.004759612116185804,1.408756920469369
2021-05-07,momentum_crowding_penalty,-0.00852622225284937,1.3967455458652076
2021-05-10,momentum_crowding_penalty,0.006622992602369662,1.4059961812828659
2021-05-11,momentum_crowding_penalty,-0.01119473948091677,1.3902564203222403
2021-05-12,momentum_crowding_penalty,0.006328850751873394,1.3990551457132934
2021-05-13,momentum_crowding_penalty,-0.01486291600819929,1.3782611065917176
2021-05-14,momentum_crowding_penalty,0.009299788760518003,1.3910786437398583
2021-05-17,momentum_crowding_penalty,0.010871252080108857,1.4062014103392102
2021-05-18,momentum_crowding_penalty,0.00961745451555307,1.4197254884428543
2021-05-19,momentum_crowding_penalty,-0.009891566039935762,1.4056821800153416
2021-05-20,momentum_crowding_penalty,-0.006552455196050133,1.3964715105109051
2021-05-21,momentum_crowding_penalty,-0.0035640835494654796,1.391494369372996
2021-05-24,momentum_crowding_penalty,0.0013742748986644562,1.3934066651564583
2021-05-25,momentum_crowding_penalty,0.02199150638949288,1.4240497767364084
2021-05-26,momentum_crowding_penalty,-0.005239336638933068,1.416588700565489
2021-05-27,momentum_crowding_penalty,0.006810490023484573,1.4262363637780713
2021-05-28,momentum_crowding_penalty,0.005402909853369875,1.4339421902811622
2021-05-31,momentum_crowding_penalty,0.01474694785166884,1.4550884609835464
2021-06-01,momentum_crowding_penalty,0.004650633081506695,1.4618555435167149
2021-06-02,momentum_crowding_penalty,-0.012749276374054295,1.4432179431734768
2021-06-03,momentum_crowding_penalty,-0.003413065019398687,1.438292146496263
2021-06-04,momentum_crowding_penalty,0.007735654748872213,1.4494182779695726
2021-06-07,momentum_crowding_penalty,0.005680104218926197,1.4576511248452564
2021-06-08,momentum_crowding_penalty,-0.0023516254565124186,1.4542232753533562
2021-06-09,momentum_crowding_penalty,0.008156153858047101,1.4660841441310912
2021-06-10,momentum_crowding_penalty,0.007050884549275872,1.4764213341708834
2021-06-11,momentum_crowding_penalty,0.003198501857126835,1.4811436705501306
2021-06-15,momentum_crowding_penalty,-0.007743254566845431,1.469674798058989
2021-06-16,momentum_crowding_penalty,-0.01852549104060073,1.4424483507549506
2021-06-17,momentum_crowding_penalty,0.020261043915054112,1.471673860134794
2021-06-18,momentum_crowding_penalty,0.00800072375316807,1.4834483161444911
2021-06-21,momentum_crowding_penalty,0.007900092586009788,1.4951676951885928
2021-06-22,momentum_crowding_penalty,0.002629041236036567,1.4990985527140335
2021-06-23,momentum_crowding_penalty,0.013850041257614,1.5198611295183522
2021-06-24,momentum_crowding_penalty,-0.005916494053146759,1.5108688801839478
2021-06-25,momentum_crowding_penalty,0.006723226689080275,1.5210267941629012
2021-06-28,momentum_crowding_penalty,0.007714141379797475,1.532760209895534
2021-06-29,momentum_crowding_penalty,-0.0063740541360699735,1.522990313340046
2021-06-30,momentum_crowding_penalty,0.01417944731956509,1.544585474256259
2021-07-01,momentum_crowding_penalty,-0.010333884182797237,1.528623906854864
2021-07-02,momentum_crowding_penalty,-0.008530926995628307,1.515583327901713
2021-07-05,momentum_crowding_penalty,0.010300592739968164,1.5311947345259143
2021-07-06,momentum_crowding_penalty,-0.009219823008365158,1.5170773900822447
2021-07-07,momentum_crowding_penalty,0.014698664421351615,1.5393764015402835
2021-07-08,momentum_crowding_penalty,0.010792884958570904,1.5559907139500468
2021-07-09,momentum_crowding_penalty,-0.0030958076212376454,1.5511736660392252
2021-07-12,momentum_crowding_penalty,0.017118902739003926,1.577728057159455
2021-07-13,momentum_crowding_penalty,-0.004320815521943822,1.570910985280674
2021-07-14,momentum_crowding_penalty,-0.009595241801897492,1.5558377145276487
2021-07-15,momentum_crowding_penalty,0.005613670220625012,1.564571674373818
2021-07-16,momentum_crowding_penalty,-0.01048052656031232,1.548174139385031
2021-07-19,momentum_crowding_penalty,-0.004061807386681398,1.541885754229808
2021-07-20,momentum_crowding_penalty,-0.0010973630027494297,1.5401937458486497
2021-07-21,momentum_crowding_penalty,0.010560343602272804,1.556458721018883
2021-07-22,momentum_crowding_penalty,0.005905869688103438,1.5656509634001325
2021-07-23,momentum_crowding_penalty,-0.0038992536424808937,1.5595460931782408
2021-07-26,momentum_crowding_penalty,-0.01384926402476792,1.53794752757502
2021-07-27,momentum_crowding_penalty,-0.01937229548337717,1.5081539536329074
2021-07-28,momentum_crowding_penalty,-0.015548369239179339,1.4847046190922948
2021-07-29,momentum_crowding_penalty,0.03919254800028493,1.5428939761423144
2021-07-30,momentum_crowding_penalty,0.005605102363330106,1.5515420548143575
2021-08-02,momentum_crowding_penalty,0.006516716134967613,1.5616530139570468
2021-08-03,momentum_crowding_penalty,-0.01166709887859644,1.5434330538291519
2021-08-04,momentum_crowding_penalty,0.007329539769311088,1.554745707778462
2021-08-05,momentum_crowding_penalty,0.0009176128018106854,1.5561723623434798
2021-08-06,momentum_crowding_penalty,0.0027711379842090826,1.560484730686746
2021-08-09,momentum_crowding_penalty,-0.006519370289069502,1.5503113528969603
2021-08-10,momentum_crowding_penalty,0.007374711521224354,1.5617444518926544
2021-08-11,momentum_crowding_penalty,0.005779360249524103,1.5707703356978377
2021-08-12,momentum_crowding_penalty,-0.002191519118479945,1.5673279624764147
2021-08-13,momentum_crowding_penalty,-0.003512853740612042,1.5618221685806635
2021-08-16,momentum_crowding_penalty,-0.007661671109235965,1.5498560007938846
2021-08-17,momentum_crowding_penalty,-0.014191100646362042,1.5278618382992504
2021-08-18,momentum_crowding_penalty,0.01891876879804738,1.5567671031733936
2021-08-19,momentum_crowding_penalty,-0.008258874598765243,1.5439099588888014
2021-08-20,momentum_crowding_penalty,-0.003595749329788401,1.5383584456888733
2021-08-23,momentum_crowding_penalty,0.01518718375974302,1.5617217780919028
2021-08-24,momentum_crowding_penalty,0.006469710509556326,1.571825665892627
2021-08-25,momentum_crowding_penalty,-0.002886782598632143,1.5672881469122448
2021-08-26,momentum_crowding_penalty,-0.0027376783716809633,1.5629974160502513
2021-08-27,momentum_crowding_penalty,0.0002740445349908472,1.5634257469503248
2021-08-30,momentum_crowding_penalty,0.0011706267785585793,1.5652559349959927
2021-08-31,momentum_crowding_penalty,0.00970394462374894,1.5804450919111883
2021-09-01,momentum_crowding_penalty,-0.01600778724399323,1.5551456631290608
2021-09-02,momentum_crowding_penalty,0.014253747851976107,1.5773123172843968
2021-09-03,momentum_crowding_penalty,-0.011114644194886912,1.5597810520935682
2021-09-06,momentum_crowding_penalty,0.011279142779936599,1.5773740452855713
2021-09-07,momentum_crowding_penalty,0.017288745695679453,1.6046448640214788
2021-09-08,momentum_crowding_penalty,0.0048092324786861654,1.6123619742182878
2021-09-09,momentum_crowding_penalty,0.008640648084565229,1.626293826622443
2021-09-10,momentum_crowding_penalty,-0.0009589153384478074,1.6247343485272716
2021-09-13,momentum_crowding_penalty,0.009322783005695737,1.6398813943004917
2021-09-14,momentum_crowding_penalty,-0.014164227394822516,1.616653741331081
2021-09-15,momentum_crowding_penalty,-0.0007361951860959338,1.6154635686291292
2021-09-16,momentum_crowding_penalty,-0.011884723465732161,1.5962642308470072
2021-09-17,momentum_crowding_penalty,-0.005874576776827923,1.5868868540667924
2021-09-22,momentum_crowding_penalty,0.004893823377971942,1.5946527980514207
2021-09-23,momentum_crowding_penalty,0.0029208792849079288,1.5993105863758696
2021-09-24,momentum_crowding_penalty,0.0020095700172054532,1.6025245129784498
2021-09-27,momentum_crowding_penalty,0.0013231657820291303,1.6046449185788858
2021-09-28,momentum_crowding_penalty,0.004884162895679678,1.6124822657509499
2021-09-29,momentum_crowding_penalty,-0.009082255179900335,1.597837290340336
2021-09-30,momentum_crowding_penalty,0.0018367956026814963,1.6007721908490335
2021-10-08,momentum_crowding_penalty,0.005906068617046215,1.6102264612484474
2021-10-11,momentum_crowding_penalty,0.0003631372590322178,1.6108111944720063
2021-10-12,momentum_crowding_penalty,-0.008757722396550227,1.5967041571975649
2021-10-13,momentum_crowding_penalty,0.007341382113666983,1.6084261725380327
2021-10-14,momentum_crowding_penalty,0.0001533892037426487,1.608672887747917
2021-10-15,momentum_crowding_penalty,0.005058854735001628,1.6168109302031695
2021-10-18,momentum_crowding_penalty,-0.007534417963133014,1.6046292008876568
2021-10-19,momentum_crowding_penalty,0.006043648830344329,1.614327016280738
2021-10-20,momentum_crowding_penalty,-0.004868032118426646,1.6064684205158395
2021-10-21,momentum_crowding_penalty,0.0011968193180490472,1.6083910729553488
2021-10-22,momentum_crowding_penalty,7.348427928934856e-05,1.6085092644141603
2021-10-25,momentum_crowding_penalty,0.0023790603242042387,1.612336004986243
2021-10-26,momentum_crowding_penalty,0.001803908128028975,1.6152445110107514
2021-10-27,momentum_crowding_penalty,-0.0023159034676874086,1.6115037606465386
2021-10-28,momentum_crowding_penalty,-0.010260947890392237,1.5949682045333733
2021-10-29,momentum_crowding_penalty,0.012813675518415902,1.6154056095684541
2021-11-01,momentum_crowding_penalty,0.0032267717546066456,1.6206181547616427
2021-11-02,momentum_crowding_penalty,0.0007498872950708392,1.6218334357260598
2021-11-03,momentum_crowding_penalty,-0.0017148260202069282,1.6190522735500352
2021-11-04,momentum_crowding_penalty,0.008698078869522275,1.633134917919253
2021-11-05,momentum_crowding_penalty,-0.0007942108183641495,1.6318378644995932
2021-11-08,momentum_crowding_penalty,0.0027018140096480856,1.6362467869033726
2021-11-09,momentum_crowding_penalty,0.011559274156941557,1.6551606121016031
2021-11-10,momentum_crowding_penalty,-0.003374174967250587,1.6495758105974707
2021-11-11,momentum_crowding_penalty,0.005756745826748467,1.659071999261033
2021-11-12,momentum_crowding_penalty,0.004371526059621712,1.6663246757405914
2021-11-15,momentum_crowding_penalty,-0.0021987595598994963,1.6626608284299105
2021-11-16,momentum_crowding_penalty,-0.011074621280548792,1.6442474894370456
2021-11-17,momentum_crowding_penalty,0.010062167086245877,1.6607921824069016
2021-11-18,momentum_crowding_penalty,-0.0022028512877580566,1.657133704209188
2021-11-19,momentum_crowding_penalty,0.007332813439086051,1.6692851565057756
2021-11-22,momentum_crowding_penalty,0.017619452340078775,1.69869704676283
2021-11-23,momentum_crowding_penalty,-0.004757652690808457,1.6906152361874305
2021-11-24,momentum_crowding_penalty,-0.0011214289311270444,1.6887193313501656
2021-11-25,momentum_crowding_penalty,-0.001401433369589522,1.6863527037273405
2021-11-26,momentum_crowding_penalty,-0.004673890655343828,1.6784708755837754
2021-11-29,momentum_crowding_penalty,0.004207234931417296,1.685532596882898
2021-11-30,momentum_crowding_penalty,0.002390454174991897,1.6895617853162017
2021-12-01,momentum_crowding_penalty,0.0016974937479143804,1.692429805883491
2021-12-02,momentum_crowding_penalty,-0.004371503612701177,1.685031342872828
2021-12-03,momentum_crowding_penalty,0.008979666442738288,1.7001623622773856
2021-12-06,momentum_crowding_penalty,-0.0115949858365408,1.6804490037669595
2021-12-07,momentum_crowding_penalty,-0.010426247242549293,1.6629282269751895
2021-12-08,momentum_crowding_penalty,0.009569158235028541,1.6788410503126105
2021-12-09,momentum_crowding_penalty,0.00568313056793719,1.68838212320435
2021-12-10,momentum_crowding_penalty,0.0027548570019623525,1.6930333745184478
2021-12-13,momentum_crowding_penalty,0.00014517840895939904,1.6932791664100757
2021-12-14,momentum_crowding_penalty,-0.010562423774575381,1.6753940342857927
2021-12-15,momentum_crowding_penalty,-0.002828438161531521,1.6706552858636166
2021-12-16,momentum_crowding_penalty,0.014531552420132212,1.6949325007261147
2021-12-17,momentum_crowding_penalty,-0.011984916976295557,1.6746188754244873
2021-12-20,momentum_crowding_penalty,-0.014142600835108352,1.6509354091184207
2021-12-21,momentum_crowding_penalty,0.007194820731293606,1.6628135934259725
2021-12-22,momentum_crowding_penalty,0.0033587675891959884,1.668398597830446
2021-12-23,momentum_crowding_penalty,0.0053893706456316645,1.6773902162588064
2021-12-24,momentum_crowding_penalty,-0.010971351085365545,1.658986979289074
2021-12-27,momentum_crowding_penalty,-0.004384396513132733,1.6517133225617464
2021-12-28,momentum_crowding_penalty,-0.0016922277166039781,1.6489182474974236
2021-12-29,momentum_crowding_penalty,-0.006838519988030701,1.6376420871032837
2021-12-30,momentum_crowding_penalty,0.001370745256124095,1.6398868772254096
2021-12-31,momentum_crowding_penalty,-0.0016440723905464254,1.637190784486944
2022-01-04,momentum_crowding_penalty,0.004290365422994934,1.6442149312195526
2022-01-05,momentum_crowding_penalty,-0.0006297466676647547,1.6431794923456924
2022-01-06,momentum_crowding_penalty,-0.01649692397712619,1.6160720851796926
2022-01-07,momentum_crowding_penalty,0.00523919041759613,1.6245389945625106
2022-01-10,momentum_crowding_penalty,-0.002115049385243994,1.6211030143607563
2022-01-11,momentum_crowding_penalty,5.675033072282114e-05,1.6211950124929568
2022-01-12,momentum_crowding_penalty,0.008306596664074184,1.6346616255755446
2022-01-13,momentum_crowding_penalty,0.0009401478050996895,1.6361984491149102
2022-01-14,momentum_crowding_penalty,-0.0027170033889101445,1.6317528923837354
2022-01-17,momentum_crowding_penalty,-0.0037005341323770626,1.6257145351098645
2022-01-18,momentum_crowding_penalty,0.0020313745801218146,1.6290169702910213
2022-01-19,momentum_crowding_penalty,-0.0076567874988644384,1.616543933517459
2022-01-20,momentum_crowding_penalty,0.007315077570263473,1.628369077786878
2022-01-21,momentum_crowding_penalty,-0.00708811850663873,1.6168270047909787
2022-01-24,momentum_crowding_penalty,-0.005756270506306049,1.6075201111895014
2022-01-25,momentum_crowding_penalty,-0.010593198439404917,1.590491331656337
2022-01-26,momentum_crowding_penalty,0.0005913035833785662,1.591431794880078
2022-01-27,momentum_crowding_penalty,-0.008628845045271472,1.5776995765219395
2022-01-28,momentum_crowding_penalty,-0.0002707250747536861,1.5772724536861467
2022-02-07,momentum_crowding_penalty,0.014767760351936646,1.6005652352918949
2022-02-08,momentum_crowding_penalty,0.0092671828576653,1.6153979660029671
2022-02-09,momentum_crowding_penalty,0.002826975533874976,1.619964656530329
2022-02-10,momentum_crowding_penalty,0.007122555676994469,1.6315029449912295
2022-02-11,momentum_crowding_penalty,-0.004886923478537386,1.623529914944049
2022-02-14,momentum_crowding_penalty,-0.002315109479926935,1.6197712654470169
2022-02-15,momentum_crowding_penalty,-0.008268120765066701,1.6063788010125162
2022-02-16,momentum_crowding_penalty,0.004502743126735166,1.6136119121177086
2022-02-17,momentum_crowding_penalty,0.001997371733993014,1.6168348949406068
2022-02-18,momentum_crowding_penalty,0.004609294833541522,1.6242873636685462
2022-02-21,momentum_crowding_penalty,-0.0011418542920129337,1.6224326641708788
2022-02-22,momentum_crowding_penalty,-0.0003808800796404111,1.6218147118885382
2022-02-23,momentum_crowding_penalty,0.005950987558097276,1.631466111060526
2022-02-24,momentum_crowding_penalty,-0.0043057504269771295,1.6244414251562285
2022-02-25,momentum_crowding_penalty,-0.0013330928417447877,1.622275893920519
2022-02-28,momentum_crowding_penalty,0.004474560545698447,1.6295348656296935
2022-03-01,momentum_crowding_penalty,0.005727516341813332,1.6388680532021422
2022-03-02,momentum_crowding_penalty,0.006317683043849032,1.649221902112963
2022-03-03,momentum_crowding_penalty,0.003896134791239115,1.655647492944259
2022-03-04,momentum_crowding_penalty,-0.003956970508790348,1.6490961446417258
2022-03-07,momentum_crowding_penalty,0.008041950329456385,1.6623580939254328
2022-03-08,momentum_crowding_penalty,-0.018533448911707807,1.6315488651187018
2022-03-09,momentum_crowding_penalty,-0.0018973143439802052,1.6284533040540075
2022-03-10,momentum_crowding_penalty,0.0005870676545163271,1.6294093163157077
2022-03-11,momentum_crowding_penalty,0.0057282407945071345,1.6387429652323775
2022-03-14,momentum_crowding_penalty,-0.01740396306551743,1.6102223431915967
2022-03-15,momentum_crowding_penalty,-0.019214299239810464,1.5792830492468846
2022-03-16,momentum_crowding_penalty,0.01533085679785531,1.6034948115181689
2022-03-17,momentum_crowding_penalty,0.002150386637450908,1.6069429453340793
2022-03-18,momentum_crowding_penalty,0.009929815464921653,1.6228995922439045
2022-03-21,momentum_crowding_penalty,-0.00040940532348698194,1.622235168511355
2022-03-22,momentum_crowding_penalty,0.0032711260090571128,1.6275417041638798
2022-03-23,momentum_crowding_penalty,0.004055697921171364,1.6341425216700771
2022-03-24,momentum_crowding_penalty,0.0008271478607439494,1.6354941991610272
2022-03-25,momentum_crowding_penalty,0.003076728157842246,1.6405261702155738
2022-03-28,momentum_crowding_penalty,-0.005971824130972125,1.6307292364447892
2022-03-29,momentum_crowding_penalty,0.0030662576596620305,1.635729472456873
2022-03-30,momentum_crowding_penalty,-0.0032985520437606064,1.630333933662461
2022-03-31,momentum_crowding_penalty,-0.0012963205612160581,1.628220498262606
2022-04-01,momentum_crowding_penalty,-0.008026166906027721,1.6151521287837347
2022-04-06,momentum_crowding_penalty,0.0019000718849001568,1.6182210339334735
2022-04-07,momentum_crowding_penalty,-0.008464539954908736,1.60452353733587
2022-04-08,momentum_crowding_penalty,0.0053783107892189765,1.6131531635882792
2022-04-11,momentum_crowding_penalty,-0.009654962809399946,1.5975782297879686
2022-04-12,momentum_crowding_penalty,0.009863471814259584,1.613335897628557
2022-04-13,momentum_crowding_penalty,-0.0012245508149810404,1.6113602858402778
2022-04-14,momentum_crowding_penalty,0.009255702215666408,1.6262745568081667
2022-04-15,momentum_crowding_penalty,-0.000718123576279639,1.625106690707419
2022-04-18,momentum_crowding_penalty,-0.005156144007691609,1.6167274065822683
2022-04-19,momentum_crowding_penalty,0.006624262968089357,1.6274370340711863
2022-04-20,momentum_crowding_penalty,-0.013834556639112174,1.6049221642467397
2022-04-21,momentum_crowding_penalty,-0.0006659312374294622,1.603853396443925
2022-04-22,momentum_crowding_penalty,-0.005940648437444452,1.5943254672704503
2022-04-25,momentum_crowding_penalty,-0.033282978736117796,1.541261566644837
2022-04-26,momentum_crowding_penalty,0.006410937520063776,1.5511424982506727
2022-04-27,momentum_crowding_penalty,-0.006225435612544516,1.5414859605019318
2022-04-28,momentum_crowding_penalty,0.003378500247288851,1.5466938712006797
2022-04-29,momentum_crowding_penalty,0.012011448055115493,1.565271904291772
2022-05-05,momentum_crowding_penalty,0.004656453318959631,1.5725605198455859
2022-05-06,momentum_crowding_penalty,-0.011342085423223371,1.5547244040963086
2022-05-09,momentum_crowding_penalty,-0.004198772725353417,1.5481964696729478
2022-05-10,momentum_crowding_penalty,-0.0037515166499001774,1.5423883848396531
2022-05-11,momentum_crowding_penalty,0.005667957325875028,1.5511305763848497
2022-05-12,momentum_crowding_penalty,-0.002616092620980537,1.547072675129792
2022-05-13,momentum_crowding_penalty,0.007038849594989239,1.5579622870025485
2022-05-16,momentum_crowding_penalty,0.003169970806403892,1.5629009819698247
2022-05-17,momentum_crowding_penalty,0.008459795916130587,1.5761228053144094
2022-05-18,momentum_crowding_penalty,-0.00025151980871659365,1.5757263792079028
2022-05-19,momentum_crowding_penalty,0.007521889715272768,1.5875788192537506
2022-05-20,momentum_crowding_penalty,0.004973718942011795,1.5954749900990097
2022-05-23,momentum_crowding_penalty,0.0011131492847851446,1.597250991943131
2022-05-24,momentum_crowding_penalty,-0.017391420700124484,1.5694725279785569
2022-05-25,momentum_crowding_penalty,0.009358028234753846,1.5841596962090507
2022-05-26,momentum_crowding_penalty,0.008538139905644938,1.5976854733281678
2022-05-27,momentum_crowding_penalty,0.00923016241667517,1.6124323697377492
2022-05-30,momentum_crowding_penalty,0.007728797151339191,1.6248945324437052
2022-05-31,momentum_crowding_penalty,0.0051764352424441325,1.6333056937667016
2022-06-01,momentum_crowding_penalty,-0.001870968412650654,1.6302498304054616
2022-06-02,momentum_crowding_penalty,0.0007282125753613421,1.6314369988329436
2022-06-06,momentum_crowding_penalty,0.014770040295676117,1.655533389045563
2022-06-07,momentum_crowding_penalty,-0.0007660753330338444,1.6542651257532013
2022-06-08,momentum_crowding_penalty,0.012085418994909005,1.6742576129265947
2022-06-09,momentum_crowding_penalty,-0.012813019953596006,1.6528053167247063
2022-06-10,momentum_crowding_penalty,0.011682050545902193,1.6721134719772202
2022-06-13,momentum_crowding_penalty,-0.009867223480202388,1.6556143546649638
2022-06-14,momentum_crowding_penalty,0.0069298736508143334,1.6670875529572664
2022-06-15,momentum_crowding_penalty,-0.0016594485296748895,1.664321106968672
2022-06-16,momentum_crowding_penalty,-0.010063088101013317,1.6475728970408703
2022-06-17,momentum_crowding_penalty,0.005372832536456529,1.6564250303082755
2022-06-20,momentum_crowding_penalty,-0.006807031195895084,1.6451496934533056
2022-06-21,momentum_crowding_penalty,-0.004867264541966998,1.6371423146841326
2022-06-22,momentum_crowding_penalty,-0.010993268835739013,1.6191447690964458
2022-06-23,momentum_crowding_penalty,0.027088293139523767,1.6630046372370568
2022-06-24,momentum_crowding_penalty,0.011665681768897108,1.6824047201152645
2022-06-27,momentum_crowding_penalty,0.005150320962829683,1.6910696444132378
2022-06-28,momentum_crowding_penalty,0.010771570679587629,1.7092851206121402
2022-06-29,momentum_crowding_penalty,-0.01937860256120585,1.6761615635960148
2022-06-30,momentum_crowding_penalty,0.010554530141740804,1.6938526613414164
2022-07-01,momentum_crowding_penalty,-0.002286583508252427,1.6899795257805836
2022-07-04,momentum_crowding_penalty,0.008712022397626602,1.7047026652607147
2022-07-05,momentum_crowding_penalty,0.0028311649807055026,1.7095289597491163
2022-07-06,momentum_crowding_penalty,-0.012674480982399995,1.6878615674599142
2022-07-07,momentum_crowding_penalty,0.004926489184126448,1.6961767992163084
2022-07-08,momentum_crowding_penalty,-0.005075923759139024,1.687567135101466
2022-07-11,momentum_crowding_penalty,-0.017492816213821972,1.6580468333586502
2022-07-12,momentum_crowding_penalty,-0.012545841144791325,1.6372452411767084
2022-07-13,momentum_crowding_penalty,0.005560611941839333,1.6463493266165155
2022-07-14,momentum_crowding_penalty,0.012885559805324255,1.667563459325088
2022-07-15,momentum_crowding_penalty,-0.009832228549142522,1.651167594272805
2022-07-18,momentum_crowding_penalty,0.00672656018915745,1.6622742724780675
2022-07-19,momentum_crowding_penalty,-0.004464857351986363,1.654852454971576
2022-07-20,momentum_crowding_penalty,0.003548877544323115,1.6607253236881925
2022-07-21,momentum_crowding_penalty,-0.001915867400216198,1.6575435941798247
2022-07-22,momentum_crowding_penalty,-0.002277796666940169,1.653768046905694
2022-07-25,momentum_crowding_penalty,-0.002264879848947945,1.6500224609814231
2022-07-26,momentum_crowding_penalty,0.011679696937816942,1.669294223266277
2022-07-27,momentum_crowding_penalty,0.006522687675008477,1.6801825081223387
2022-07-28,momentum_crowding_penalty,0.01230854969745212,1.7008631180243525
2022-07-29,momentum_crowding_penalty,-0.0024007587066535493,1.6967797560849296
2022-08-01,momentum_crowding_penalty,0.01008823504008706,1.7138972690755758
2022-08-02,momentum_crowding_penalty,-0.00977563827429222,1.6971428293337958
2022-08-03,momentum_crowding_penalty,-0.000616862347994851,1.6960959258232102
2022-08-04,momentum_crowding_penalty,-0.003609764373742164,1.6899734191757243
2022-08-05,momentum_crowding_penalty,0.010223347529058957,1.7072506047548297
2022-08-08,momentum_crowding_penalty,0.003641885454407328,1.7134682158993144
2022-08-09,momentum_crowding_penalty,0.00030973579269082395,1.7139989383354166
2022-08-10,momentum_crowding_penalty,-0.004406388884505707,1.706446392465481
2022-08-11,momentum_crowding_penalty,0.01512864288465684,1.7322626105389023
2022-08-12,momentum_crowding_penalty,0.0006539222323028394,1.7333953755721205
2022-08-15,momentum_crowding_penalty,0.0050896990722812075,1.7422178364070666
2022-08-16,momentum_crowding_penalty,-0.0025185076722546444,1.7378300474193364
2022-08-17,momentum_crowding_penalty,0.0014927775358887787,1.7404242410753166
2022-08-18,momentum_crowding_penalty,-0.0027214264096792617,1.7356878045816082
2022-08-19,momentum_crowding_penalty,-0.001635519715822942,1.7328490529567016
2022-08-22,momentum_crowding_penalty,0.0022616421736617828,1.7367681374554584
2022-08-23,momentum_crowding_penalty,0.0049905092938398515,1.7454354949866748
2022-08-24,momentum_crowding_penalty,-0.011979931427266444,1.7245252974460177
2022-08-25,momentum_crowding_penalty,0.004952475395908128,1.73306596655124
2022-08-26,momentum_crowding_penalty,-0.00525666422532709,1.723955820684738
2022-08-29,momentum_crowding_penalty,-0.018645666199169665,1.691811515910135
2022-08-30,momentum_crowding_penalty,-0.003663600699148729,1.6856133940576188
2022-08-31,momentum_crowding_penalty,-0.006344052316269999,1.6749197745007118
2022-09-01,momentum_crowding_penalty,-0.006447613249049967,1.6641205395715453
2022-09-02,momentum_crowding_penalty,-0.0034185620379471706,1.6584316402683978
2022-09-05,momentum_crowding_penalty,0.010475899490441615,1.675805203443618
2022-09-06,momentum_crowding_penalty,0.002458776222611325,1.6799256334315735
2022-09-07,momentum_crowding_penalty,-0.001579063277702342,1.677272924554551
2022-09-08,momentum_crowding_penalty,-0.0010515002591135582,1.6755092716397777
2022-09-09,momentum_crowding_penalty,0.006925636567183723,1.6871132399201014
2022-09-13,momentum_crowding_penalty,0.004782908397389419,1.695182548002662
2022-09-14,momentum_crowding_penalty,-0.007469024447164397,1.682521188109224
2022-09-15,momentum_crowding_penalty,-0.011218485857379223,1.6636458479556797
2022-09-16,momentum_crowding_penalty,-0.018554653553859848,1.6327774756105446
2022-09-19,momentum_crowding_penalty,-0.003917394286141258,1.6263812424570478
2022-09-20,momentum_crowding_penalty,0.007210339879005235,1.638108003988002
2022-09-21,momentum_crowding_penalty,-0.0022931919898151357,1.6343515078348048
2022-09-22,momentum_crowding_penalty,-0.004437724243163922,1.6270987065266347
2022-09-23,momentum_crowding_penalty,-0.0019751665581714704,1.6238849155746593
2022-09-26,momentum_crowding_penalty,-0.02065602608136298,1.5903419064054172
2022-09-27,momentum_crowding_penalty,0.004622057295192028,1.597692557815768
2022-09-28,momentum_crowding_penalty,-0.010816730915741481,1.5804107473317919
2022-09-29,momentum_crowding_penalty,0.009552766214093013,1.5955080417232925
2022-09-30,momentum_crowding_penalty,-0.003721999103181827,1.589569562222879
2022-10-10,momentum_crowding_penalty,0.0012398343091385722,1.5915403651028854
2022-10-11,momentum_crowding_penalty,-0.0020168138950788397,1.5883305243799672
2022-10-12,momentum_crowding_penalty,0.002037984398224169,1.5915675172078767
2022-10-13,momentum_crowding_penalty,-0.004600424728151631,1.5842456306451909
2022-10-14,momentum_crowding_penalty,0.010744087694918891,1.601266904631135
2022-10-17,momentum_crowding_penalty,-0.009906613365120928,1.5854037725125905
2022-10-18,momentum_crowding_penalty,0.005848172533679352,1.5946754873097904
2022-10-19,momentum_crowding_penalty,-0.0039872407294007095,1.5883171322566119
2022-10-20,momentum_crowding_penalty,0.0021779174076672846,1.5917763557878497
2022-10-21,momentum_crowding_penalty,-0.0015738083605114528,1.5892712048510462
2022-10-24,momentum_crowding_penalty,0.005820280988236046,1.5985212098297916
2022-10-25,momentum_crowding_penalty,0.009382893114435242,1.6135199634827824
2022-10-26,momentum_crowding_penalty,0.003616433086859894,1.6193551504650305
2022-10-27,momentum_crowding_penalty,0.0030497638207808266,1.624293801215914
2022-10-28,momentum_crowding_penalty,-0.01230733293153016,1.6043030766257291
2022-10-31,momentum_crowding_penalty,0.007844348586672514,1.6168877891974527
2022-11-01,momentum_crowding_penalty,0.008642968886249845,1.6308625000520438
2022-11-02,momentum_crowding_penalty,8.308467137666518e-05,1.630997999726921
2022-11-03,momentum_crowding_penalty,-0.009755824353683785,1.6150862697203756
2022-11-04,momentum_crowding_penalty,0.006022810403072499,1.624813628107507
2022-11-07,momentum_crowding_penalty,0.004314912544202004,1.6318245568134182
2022-11-08,momentum_crowding_penalty,0.0026489785250151327,1.6361472250210094
2022-11-09,momentum_crowding_penalty,-0.004499716371247797,1.6287850265668107
2022-11-10,momentum_crowding_penalty,-0.013165198527517609,1.6073417483334105
2022-11-11,momentum_crowding_penalty,0.012676281569105307,1.6277168649130627
2022-11-14,momentum_crowding_penalty,-0.0022425984787921797,1.6240665495479043
2022-11-15,momentum_crowding_penalty,0.01694938265596363,1.6515934749549424
2022-11-16,momentum_crowding_penalty,-0.0022593784484248097,1.64786190025207
2022-11-17,momentum_crowding_penalty,0.00022457652396692425,1.6482319713496063
2022-11-18,momentum_crowding_penalty,-0.008383344330180264,1.6344142751977706
2022-11-21,momentum_crowding_penalty,-0.006378307615201,1.6239894781798836
2022-11-22,momentum_crowding_penalty,-0.006117058396408626,1.614055439706704
2022-11-23,momentum_crowding_penalty,0.006078133535684871,1.6238658842032396
2022-11-24,momentum_crowding_penalty,0.00046061665171803724,1.6246138638696606
2022-11-25,momentum_crowding_penalty,0.0018160147820073247,1.627564186661502
2022-11-28,momentum_crowding_penalty,-0.010911851188328948,1.609804448457198
2022-11-29,momentum_crowding_penalty,0.005045626285877047,1.6179269200974555
2022-11-30,momentum_crowding_penalty,-0.0012776363916739532,1.61585979778527
2022-12-01,momentum_crowding_penalty,0.010780588562960249,1.633279717440621
2022-12-02,momentum_crowding_penalty,-0.004629905837437076,1.6257177861426753
2022-12-05,momentum_crowding_penalty,-0.0008896570262007701,1.6242714548916137
2022-12-06,momentum_crowding_penalty,-0.0030612901047630922,1.6192990887593048
2022-12-07,momentum_crowding_penalty,-0.0046007868126063615,1.6118490388660756
2022-12-08,momentum_crowding_penalty,0.004542244347205171,1.619170451051413
2022-12-09,momentum_crowding_penalty,0.00951660551889022,1.634579457501913
2022-12-12,momentum_crowding_penalty,-0.011686231220262414,1.6154773840136545
2022-12-13,momentum_crowding_penalty,-0.001560591400770761,1.612956283900023
2022-12-14,momentum_crowding_penalty,0.004888235205427549,1.6208407935917988
2022-12-15,momentum_crowding_penalty,-0.004480581296134268,1.61357848464802
2022-12-16,momentum_crowding_penalty,-0.003557608875471352,1.6078380035097664
2022-12-19,momentum_crowding_penalty,-0.013779064137234733,1.585683500537122
2022-12-20,momentum_crowding_penalty,-0.009843383872945066,1.5700750091403397
2022-12-21,momentum_crowding_penalty,0.007674319874607682,1.58212426698761
2022-12-22,momentum_crowding_penalty,0.008033944945705484,1.5948349662458532
2022-12-23,momentum_crowding_penalty,-0.004715325487726874,1.587314800280796
2022-12-26,momentum_crowding_penalty,0.0011518299435539904,1.5891431169976058
2022-12-27,momentum_crowding_penalty,0.006392661520389065,1.5993019710520275
2022-12-28,momentum_crowding_penalty,-0.00011323763751651676,1.5991208698751502
2022-12-29,momentum_crowding_penalty,-0.002017979902063416,1.595893876098772
2022-12-30,momentum_crowding_penalty,0.0033040887831138344,1.6011668511538297
2023-01-03,momentum_crowding_penalty,-0.0005908120018896733,1.60022086256114
2023-01-04,momentum_crowding_penalty,-0.003519826933183157,1.5945883620700556
2023-01-05,momentum_crowding_penalty,0.008824049195296958,1.6086590882232097
2023-01-06,momentum_crowding_penalty,0.002032958860218848,1.6119294259696846
2023-01-09,momentum_crowding_penalty,0.002255807600690012,1.6155656286205629
2023-01-10,momentum_crowding_penalty,0.0005032501837626269,1.616378662320047
2023-01-11,momentum_crowding_penalty,-0.0035843455660745545,1.6105850026286626
2023-01-12,momentum_crowding_penalty,0.0003772792229549849,1.6111926428869574
2023-01-13,momentum_crowding_penalty,0.005831922745358942,1.6205889939081648
2023-01-16,momentum_crowding_penalty,0.007678970813566672,1.633033449493173
2023-01-17,momentum_crowding_penalty,0.0025722465160398227,1.6372340140942083
2023-01-18,momentum_crowding_penalty,0.004570129544632351,1.6447163856334972
2023-01-19,momentum_crowding_penalty,0.003236234438130847,1.6500390734416426
2023-01-20,momentum_crowding_penalty,0.003500596688060675,1.655815194757303
2023-01-30,momentum_crowding_penalty,0.002129056543252379,1.6593405189321178
2023-01-31,momentum_crowding_penalty,-0.011055662798727262,1.6409954096865391
2023-02-01,momentum_crowding_penalty,0.013960110600425147,1.6639038871005534
2023-02-02,momentum_crowding_penalty,-0.003349817618544193,1.6583301125439798
2023-02-03,momentum_crowding_penalty,-0.005548400379398299,1.6491290331183732
2023-02-06,momentum_crowding_penalty,-0.010124228946238252,1.6324328732251943
2023-02-07,momentum_crowding_penalty,0.0016964629536427745,1.6352022351189293
2023-02-08,momentum_crowding_penalty,-0.0006447627979737524,1.634147917550561
2023-02-09,momentum_crowding_penalty,0.010678415026463495,1.651598027228797
2023-02-10,momentum_crowding_penalty,-0.008757299590654844,1.6371344885010197
2023-02-13,momentum_crowding_penalty,0.004745348157865323,1.644903261630206
2023-02-14,momentum_crowding_penalty,0.003806729283212463,1.6511649630443053
2023-02-15,momentum_crowding_penalty,0.0037572930055527753,1.6573688736109653
2023-02-16,momentum_crowding_penalty,-0.005233626328224972,1.6486948242384543
2023-02-17,momentum_crowding_penalty,-0.018773939420333067,1.6177423274855847
2023-02-20,momentum_crowding_penalty,0.011759057517739355,1.636765452563369
2023-02-21,momentum_crowding_penalty,-0.0035635197742173276,1.6309328065074038
2023-02-22,momentum_crowding_penalty,-0.005316981074660976,1.6222611676411602
2023-02-23,momentum_crowding_penalty,0.0007253700054091761,1.623437907233107
2023-02-24,momentum_crowding_penalty,0.0012717608275330749,1.6255025319694583
2023-02-27,momentum_crowding_penalty,-0.005934261810791555,1.6158563743706469
2023-02-28,momentum_crowding_penalty,0.004106917877195615,1.62249256380153
2023-03-01,momentum_crowding_penalty,0.006604897254549203,1.633208960481709
2023-03-02,momentum_crowding_penalty,-0.001376695589107602,1.6309605289097229
2023-03-03,momentum_crowding_penalty,0.0010363778809139412,1.6326508203265286
2023-03-06,momentum_crowding_penalty,-0.0027565593758537444,1.6281503214002622
2023-03-07,momentum_crowding_penalty,-0.013318415150016473,1.6064659394932206
2023-03-08,momentum_crowding_penalty,0.001213361163476445,1.6084151628746493
2023-03-09,momentum_crowding_penalty,-0.0023622697236198253,1.6046156524323794
2023-03-10,momentum_crowding_penalty,-0.012402907276419373,1.5847137532809694
2023-03-13,momentum_crowding_penalty,0.010179692365407018,1.600845651776599
2023-03-14,momentum_crowding_penalty,-0.011084063474015337,1.5831017769602056
2023-03-15,momentum_crowding_penalty,0.007675152664803419,1.5952523247822967
2023-03-16,momentum_crowding_penalty,-0.005469084397970958,1.586527755182003
2023-03-17,momentum_crowding_penalty,0.007030877102413536,1.5976824368482556
2023-03-20,momentum_crowding_penalty,-0.0077118171703977,1.5853614019989264
2023-03-21,momentum_crowding_penalty,-0.0002796387611186502,1.584918073500546
2023-03-22,momentum_crowding_penalty,0.0015832023337592925,1.587427319493329
2023-03-23,momentum_crowding_penalty,0.004600589797135879,1.5947304214230849
2023-03-24,momentum_crowding_penalty,-3.876597164370621e-05,1.5946686001487884
2023-03-27,momentum_crowding_penalty,-0.0017346546366538828,1.591902400867614
2023-03-28,momentum_crowding_penalty,-0.009884548755109157,1.5761671639728627
2023-03-29,momentum_crowding_penalty,0.00879802086968149,1.5900343155756025
2023-03-30,momentum_crowding_penalty,0.004578086434901973,1.5973136301067676
2023-03-31,momentum_crowding_penalty,0.010334212159295064,1.6138206080452249
2023-04-03,momentum_crowding_penalty,0.01901859943968317,1.644513215757143
2023-04-04,momentum_crowding_penalty,0.004485927125607559,1.6518903822001278
2023-04-06,momentum_crowding_penalty,-0.003293677787405158,1.646449587541047
2023-04-07,momentum_crowding_penalty,0.005416956724894861,1.655368333706478
2023-04-10,momentum_crowding_penalty,-0.005512037003806188,1.646243882196159
2023-04-11,momentum_crowding_penalty,0.0025162524500205175,1.6503862473980662
2023-04-12,momentum_crowding_penalty,0.0073826748686007795,1.6625705124702161
2023-04-13,momentum_crowding_penalty,-0.01358064972384048,1.6399917246991722
2023-04-14,momentum_crowding_penalty,0.013938555565020118,1.662850840480065
2023-04-17,momentum_crowding_penalty,0.0018306584495146778,1.6658949524214726
2023-04-18,momentum_crowding_penalty,-0.004726874815589478,1.6580204755254537
2023-04-19,momentum_crowding_penalty,-0.003537310434510633,1.6521555423967451
2023-04-20,momentum_crowding_penalty,0.0015038686747906981,1.6546401673628375
2023-04-21,momentum_crowding_penalty,-0.008706148048101358,1.6402346250994415
2023-04-24,momentum_crowding_penalty,-0.007062174625693989,1.6286510017498794
2023-04-25,momentum_crowding_penalty,-0.004365709059173916,1.6215407853173074
2023-04-26,momentum_crowding_penalty,-0.010142578875971898,1.6050941800016212
2023-04-27,momentum_crowding_penalty,-0.002356988888328482,1.6013109908546366
2023-04-28,momentum_crowding_penalty,0.012566156145769615,1.6214333148036533
2023-05-04,momentum_crowding_penalty,-0.006584326344174118,1.61075726871367
2023-05-05,momentum_crowding_penalty,0.0020561257761828157,1.614069188253046
2023-05-08,momentum_crowding_penalty,0.0034962882027357936,1.6197124393143345
2023-05-09,momentum_crowding_penalty,-0.001616701527643538,1.617093847739352
2023-05-10,momentum_crowding_penalty,-0.008511807455143006,1.6033294562704983
2023-05-11,momentum_crowding_penalty,-0.0015904498565609717,1.6007794411667529
2023-05-12,momentum_crowding_penalty,-0.008321640053785283,1.5874583308518635
2023-05-15,momentum_crowding_penalty,0.0064215414170079995,1.5976522602712029
2023-05-16,momentum_crowding_penalty,-0.00165421046904477,1.5950094071763692
2023-05-17,momentum_crowding_penalty,0.00010959965370980183,1.5951842196550594
2023-05-18,momentum_crowding_penalty,0.006635880797466077,1.6057696719866892
2023-05-19,momentum_crowding_penalty,0.001695718565975823,1.608492605432158
2023-05-22,momentum_crowding_penalty,-0.0030555673708565576,1.6035777479107354
2023-05-23,momentum_crowding_penalty,-0.005179064212243001,1.5952727157849815
2023-05-24,momentum_crowding_penalty,-0.007886441829256519,1.5826916903101431
2023-05-25,momentum_crowding_penalty,-0.0006179338027058946,1.5817136916154386
2023-05-26,momentum_crowding_penalty,-0.0004012222658942745,1.5810790728640927
2023-05-29,momentum_crowding_penalty,0.009973767567064829,1.5968483880419895
2023-05-30,momentum_crowding_penalty,0.0010077050715840865,1.59845754026117
2023-05-31,momentum_crowding_penalty,-0.004762436059219689,1.5908449884322986
2023-06-01,momentum_crowding_penalty,0.002157656148173837,1.5942774849023809
2023-06-02,momentum_crowding_penalty,0.006923383445405474,1.6053152792487366
2023-06-05,momentum_crowding_penalty,0.00452367608517737,1.612577205586644
2023-06-06,momentum_crowding_penalty,-0.010612845800655791,1.5954631723621007
2023-06-07,momentum_crowding_penalty,-0.0009501234878445343,1.5939472853280485
2023-06-08,momentum_crowding_penalty,-0.009443789541607727,1.5788943826249935
2023-06-09,momentum_crowding_penalty,0.012289686879163918,1.5982985002027257
2023-06-12,momentum_crowding_penalty,0.0038458057122330944,1.6044452457046587
2023-06-13,momentum_crowding_penalty,0.008707211241905788,1.6184154893850806
2023-06-14,momentum_crowding_penalty,0.0013452638673324248,1.6205926852652814
2023-06-15,momentum_crowding_penalty,0.0012130431964988758,1.6225585341964384
2023-06-16,momentum_crowding_penalty,0.010797592417713765,1.6400782599225745
2023-06-19,momentum_crowding_penalty,-0.00110453014722935,1.6382667440406746
2023-06-20,momentum_crowding_penalty,0.0030351579162898766,1.6432391423178443
2023-06-21,momentum_crowding_penalty,-0.010436414759707382,1.6260896170792294
2023-06-26,momentum_crowding_penalty,-0.017395159203651252,1.597803529310732
2023-06-27,momentum_crowding_penalty,-4.5280243875033964e-05,1.5977311803772603
2023-06-28,momentum_crowding_penalty,-0.0025573895239363485,1.593645159394497
2023-06-29,momentum_crowding_penalty,0.0031795117435437286,1.5987121728938334
2023-06-30,momentum_crowding_penalty,0.005880233243896372,1.6081129733603055
2023-07-03,momentum_crowding_penalty,0.012633454782105714,1.6284289958937703
2023-07-04,momentum_crowding_penalty,-0.0033334350543896218,1.6230007335952734
2023-07-05,momentum_crowding_penalty,-0.0017276161539789949,1.6201968113099945
2023-07-06,momentum_crowding_penalty,-0.0005376214606198194,1.6193257587338064
2023-07-07,momentum_crowding_penalty,-0.0049362198150139204,1.611332410836582
2023-07-10,momentum_crowding_penalty,0.0007177864452665242,1.6124890033998993
2023-07-11,momentum_crowding_penalty,0.00926579313765451,1.6274299929421454
2023-07-12,momentum_crowding_penalty,-0.0017514159173182887,1.6245796861481854
2023-07-13,momentum_crowding_penalty,0.008532138379514666,1.6384408248389504
2023-07-14,momentum_crowding_penalty,0.0009159902997111888,1.6399416207411535
2023-07-17,momentum_crowding_penalty,-0.004840682594818513,1.6320031838811133
2023-07-18,momentum_crowding_penalty,-0.0013921394861043713,1.6297312078073842
2023-07-19,momentum_crowding_penalty,0.00031326515169950416,1.6302417458014273
2023-07-20,momentum_crowding_penalty,-0.0017339276651647587,1.6274150245374757
2023-07-21,momentum_crowding_penalty,0.0010983486670869127,1.6292024936604739
2023-07-24,momentum_crowding_penalty,-0.008682530989011467,1.615056892521892
2023-07-25,momentum_crowding_penalty,0.007126567546537765,1.6265667045579506
2023-07-26,momentum_crowding_penalty,0.0020769141464723976,1.629944943956828
2023-07-27,momentum_crowding_penalty,0.0036380312948349875,1.635874734671801
2023-07-28,momentum_crowding_penalty,-0.00247069046809728,1.6318329945578463
2023-07-31,momentum_crowding_penalty,0.002514792114675835,1.6359367153050282
2023-08-01,momentum_crowding_penalty,0.00020380056851291282,1.6362701201376586
2023-08-02,momentum_crowding_penalty,-0.002873321167424314,1.631568590565843
2023-08-03,momentum_crowding_penalty,0.004070377599258645,1.6382096908085362
2023-08-04,momentum_crowding_penalty,0.005710918351174865,1.647565372594847
2023-08-07,momentum_crowding_penalty,-0.0020905681129089236,1.6441210249629672
2023-08-08,momentum_crowding_penalty,-0.0037497498085868335,1.6379559824643186
2023-08-09,momentum_crowding_penalty,-0.003075700165747397,1.632918120977566
2023-08-10,momentum_crowding_penalty,0.004804195936395994,1.6407629795788339
2023-08-11,momentum_crowding_penalty,-0.02283046357177726,1.6033036001436385
2023-08-14,momentum_crowding_penalty,-0.007069735530687289,1.5919686677152243
2023-08-15,momentum_crowding_penalty,0.006151326797868607,1.601761387242308
2023-08-16,momentum_crowding_penalty,-0.006687787484499797,1.5910491474835537
2023-08-17,momentum_crowding_penalty,0.000494123570270677,1.5918353223687844
2023-08-18,momentum_crowding_penalty,-0.002730604465318032,1.5874886497294733
2023-08-21,momentum_crowding_penalty,-0.005783978442233158,1.5783066496021483
2023-08-22,momentum_crowding_penalty,-0.0025665912690775237,1.5742557815353524
2023-08-23,momentum_crowding_penalty,-0.0014683582414953154,1.5719442100843133
2023-08-24,momentum_crowding_penalty,0.004209903326605502,1.5785619432435853
2023-08-25,momentum_crowding_penalty,-0.0005331410787461353,1.5777203470262968
2023-08-28,momentum_crowding_penalty,0.00292035873739301,1.5823278564268977
2023-08-29,momentum_crowding_penalty,0.0020067351191383367,1.5855031693063806
2023-08-30,momentum_crowding_penalty,0.0040039777052038655,1.5918514886478135
2023-08-31,momentum_crowding_penalty,0.002308295921626402,1.5955259529468944
2023-09-01,momentum_crowding_penalty,0.00030725175292349875,1.5960161810927722
2023-09-04,momentum_crowding_penalty,-0.002288166489571244,1.5923642303503824
2023-09-05,momentum_crowding_penalty,-0.0005139187969268376,1.5915458844408514
2023-09-06,momentum_crowding_penalty,0.006266118194969039,1.6015186990654744
2023-09-07,momentum_crowding_penalty,-0.012322293998147583,1.5817843148120587
2023-09-08,momentum_crowding_penalty,0.0022915983943000537,1.5854091292080112
2023-09-11,momentum_crowding_penalty,0.0033333079782596215,1.590693786107206
2023-09-12,momentum_crowding_penalty,-0.0044212384613781745,1.5836609495597933
2023-09-13,momentum_crowding_penalty,0.00026421687817301814,1.5840793795119705
2023-09-14,momentum_crowding_penalty,0.006886509523167373,1.5949881572444329
2023-09-15,momentum_crowding_penalty,0.001454153887067078,1.597307515473116
2023-09-18,momentum_crowding_penalty,-0.0033741817968997423,1.5919179095303555
2023-09-19,momentum_crowding_penalty,0.00036220786155043437,1.5924945147121303
2023-09-20,momentum_crowding_penalty,-0.001972672228815608,1.5893530450084166
2023-09-21,momentum_crowding_penalty,-0.008468907320338405,1.5758929613709425
2023-09-22,momentum_crowding_penalty,-0.0004710759779347874,1.575150596053044
2023-09-25,momentum_crowding_penalty,-2.969501820187384e-05,1.5751038219274236
2023-09-26,momentum_crowding_penalty,-0.005197876291569415,1.5669166271146666
2023-09-27,momentum_crowding_penalty,-0.003251905192623583,1.561821162798544
2023-09-28,momentum_crowding_penalty,0.00035105630329326223,1.5623694499623615
2023-10-09,momentum_crowding_penalty,-0.0014310505562309015,1.5601336202919547
2023-10-10,momentum_crowding_penalty,-0.003094474178517926,1.5553058270889235
2023-10-11,momentum_crowding_penalty,0.0011063528711883208,1.5570265441562994
2023-10-12,momentum_crowding_penalty,0.0010382653872227923,1.558643150924084
2023-10-13,momentum_crowding_penalty,-0.0003087321467768688,1.5581619476780402
2023-10-16,momentum_crowding_penalty,-0.0007982100949544901,1.5569182070818295
2023-10-17,momentum_crowding_penalty,0.006863342375024685,1.5676038697869417
2023-10-18,momentum_crowding_penalty,-0.005958487673722679,1.5582633214515362
2023-10-19,momentum_crowding_penalty,-0.008276129829227498,1.54536693189508
2023-10-20,momentum_crowding_penalty,-0.009908557136413332,1.5300545753536738
2023-10-23,momentum_crowding_penalty,-0.01042478661087278,1.5141040829026222
2023-10-24,momentum_crowding_penalty,0.006071942963379029,1.5232976365346262
2023-10-25,momentum_crowding_penalty,0.0004382276755958703,1.5239651877171254
2023-10-26,momentum_crowding_penalty,-0.0005890265797732884,1.5230675317149107
2023-10-27,momentum_crowding_penalty,0.0031466131366767684,1.5278600360182508
2023-10-30,momentum_crowding_penalty,-0.0022052161338956913,1.5244907744164888
2023-10-31,momentum_crowding_penalty,-0.0015396718563367882,1.5221435588758747
2023-11-01,momentum_crowding_penalty,-0.0014768092868006955,1.519895643132283
2023-11-02,momentum_crowding_penalty,0.0006391470729973591,1.5208670799838524
2023-11-03,momentum_crowding_penalty,0.002572062596370728,1.5247788453143305
2023-11-06,momentum_crowding_penalty,0.00932037366997936,1.5389903539167398
2023-11-07,momentum_crowding_penalty,-0.0013694990198254821,1.5368827081355299
2023-11-08,momentum_crowding_penalty,0.0015853389039605426,1.5393191880835615
2023-11-09,momentum_crowding_penalty,-0.0018015838531640236,1.5365459754894446
2023-11-10,momentum_crowding_penalty,-0.004558334751681892,1.529541884571814
2023-11-13,momentum_crowding_penalty,0.0038361568175489876,1.5354094471000408
2023-11-14,momentum_crowding_penalty,0.005908111225440039,1.5444808168900992
2023-11-15,momentum_crowding_penalty,0.006092243905890438,1.5538901707345625
2023-11-16,momentum_crowding_penalty,-0.006692591506193147,1.5434906185763473
2023-11-17,momentum_crowding_penalty,0.0005382364574720527,1.544321381499031
2023-11-20,momentum_crowding_penalty,-0.004486050068842632,1.5373934784592422
2023-11-21,momentum_crowding_penalty,0.0006256112653767912,1.5383552891386834
2023-11-22,momentum_crowding_penalty,-0.007290237505397291,1.5271403137131783
2023-11-23,momentum_crowding_penalty,0.0032771533529469712,1.532144986712684
2023-11-24,momentum_crowding_penalty,-0.00386385215765569,1.5262250049999329
2023-11-27,momentum_crowding_penalty,-0.0006950494433910536,1.5251642031597181
2023-11-28,momentum_crowding_penalty,0.0007818665454874197,1.5263566780265438
2023-11-29,momentum_crowding_penalty,-0.00035592395788840457,1.5258134111165513
2023-11-30,momentum_crowding_penalty,0.000397297678263986,1.526419613242252
2023-12-01,momentum_crowding_penalty,0.0025192528061772084,1.5302650501363166
2023-12-04,momentum_crowding_penalty,-0.0005248980934101865,1.529461816929088
2023-12-05,momentum_crowding_penalty,-0.01707463173886865,1.5033468196463626
2023-12-06,momentum_crowding_penalty,0.006767994224868111,1.513521462239703
2023-12-07,momentum_crowding_penalty,-0.006687213198367715,1.5034002215414008
2023-12-08,momentum_crowding_penalty,0.006266887417263812,1.5128218614728903
2023-12-11,momentum_crowding_penalty,0.008290564130714679,1.5253640081337785
2023-12-12,momentum_crowding_penalty,0.0019534100014161893,1.5283436694430674
2023-12-13,momentum_crowding_penalty,1.0134668445427558e-05,1.5283591586994278
2023-12-14,momentum_crowding_penalty,0.006126482768122655,1.5377226247487024
2023-12-15,momentum_crowding_penalty,-0.003914983494144575,1.5317024660542387
2023-12-18,momentum_crowding_penalty,6.373567954498749e-05,1.5318000901517734
2023-12-19,momentum_crowding_penalty,0.0030136416156166467,1.53641638665026
2023-12-20,momentum_crowding_penalty,0.0019003978109992437,1.5393361889882335
2023-12-21,momentum_crowding_penalty,-0.004303320211195839,1.5327119324543352
2023-12-22,momentum_crowding_penalty,0.000963242054156832,1.534188305044583
2023-12-25,momentum_crowding_penalty,0.001794093247671014,1.5369407819233194
2023-12-26,momentum_crowding_penalty,-0.0017469396769338673,1.5342558390902798
2023-12-27,momentum_crowding_penalty,0.008258748045707122,1.5469268715029814
2023-12-28,momentum_crowding_penalty,-0.004308302661231611,1.5402622423457544
2023-12-29,momentum_crowding_penalty,-0.004141497253054905,1.5338832505000952
2024-01-02,momentum_crowding_penalty,0.004662279133904101,1.5410346423727468
2024-01-03,momentum_crowding_penalty,-0.006394479337195536,1.5311805281941917
2024-01-04,momentum_crowding_penalty,-0.004043143430997287,1.5249897456999524
2024-01-05,momentum_crowding_penalty,-0.006081643704807117,1.5157153014131208
2024-01-08,momentum_crowding_penalty,-0.006338220848214338,1.5061083630897467
2024-01-09,momentum_crowding_penalty,0.006308930517093803,1.515610296103694
2024-01-10,momentum_crowding_penalty,-0.0025153711281451392,1.5117979737233551
2024-01-11,momentum_crowding_penalty,0.003322175371088665,1.5168204317177205
2024-01-12,momentum_crowding_penalty,-9.027311005994627e-05,1.5166835036199469
2024-01-15,momentum_crowding_penalty,-0.0003455843741451689,1.5161593615005722
2024-01-16,momentum_crowding_penalty,-0.005049720265561874,1.5085031808469815
2024-01-17,momentum_crowding_penalty,-0.008491708585849855,1.4956934114344016
2024-01-18,momentum_crowding_penalty,0.003283347995244057,1.5006042933983346
2024-01-19,momentum_crowding_penalty,0.005041597453517555,1.5081697361826691
2024-01-22,momentum_crowding_penalty,0.004843535262095076,1.5154746094810945
2024-01-23,momentum_crowding_penalty,0.0011877302417164337,1.5172745845053286
2024-01-24,momentum_crowding_penalty,0.001776182923951675,1.519969541713273
2024-01-25,momentum_crowding_penalty,0.0006915533780050167,1.5210206817843095
2024-01-26,momentum_crowding_penalty,-0.002522440867898712,1.5171839970556575
2024-01-29,momentum_crowding_penalty,-0.0032211140045219637,1.512296974435305
2024-01-30,momentum_crowding_penalty,-0.0027119533888188664,1.5081956955305846
2024-01-31,momentum_crowding_penalty,-0.0039005308439823863,1.5023129317014061
2024-02-01,momentum_crowding_penalty,-0.0059403965883578335,1.4933885970872811
2024-02-02,momentum_crowding_penalty,-0.00028499473285868997,1.492962989203
2024-02-05,momentum_crowding_penalty,-0.005258728769393506,1.4851119017800385
2024-02-06,momentum_crowding_penalty,-0.0014817560560606013,1.4829113282256483
2024-02-07,momentum_crowding_penalty,-0.0007652721747989479,1.481776497448463
2024-02-08,momentum_crowding_penalty,0.008803243284932028,1.4948209364493965
2024-02-19,momentum_crowding_penalty,0.005531035179431529,1.503088843635849
2024-02-20,momentum_crowding_penalty,-0.0009140843140129641,1.5017148937013136
2024-02-21,momentum_crowding_penalty,0.00502087003726991,1.5092548090156204
2024-02-22,momentum_crowding_penalty,0.011736979508639013,1.5269689017823516
2024-02-23,momentum_crowding_penalty,0.0035393639508958584,1.532373400467459
2024-02-26,momentum_crowding_penalty,-0.008156956814695054,1.5198738968158585
2024-02-27,momentum_crowding_penalty,0.015490598163993475,1.5434176526113759
2024-02-28,momentum_crowding_penalty,-0.01920431634415474,1.5137773717594742
2024-02-29,momentum_crowding_penalty,0.02042325838539145,1.5446936381608767
2024-03-01,momentum_crowding_penalty,0.013020686427953985,1.564806609650625
2024-03-04,momentum_crowding_penalty,0.006309599258796051,1.5746799122750357
2024-03-05,momentum_crowding_penalty,-0.0007256691159260531,1.5735372156952285
2024-03-06,momentum_crowding_penalty,-0.0027091181331874714,1.5692743174909431
2024-03-07,momentum_crowding_penalty,-0.016258733587330987,1.5437599044374173
2024-03-08,momentum_crowding_penalty,0.012286415638301395,1.5627271802690799
2024-03-11,momentum_crowding_penalty,0.016041364351153498,1.587795456349227
2024-03-12,momentum_crowding_penalty,-0.004994195486235342,1.5798656954480625
2024-03-13,momentum_crowding_penalty,-0.0024008419888339352,1.5760726875497124
2024-03-14,momentum_crowding_penalty,-0.004014047867613224,1.56974625633905
2024-03-15,momentum_crowding_penalty,0.0014053087772888388,1.5719522345311998
2024-03-18,momentum_crowding_penalty,0.007507419744932222,1.5837535397748097
2024-03-19,momentum_crowding_penalty,-0.006863466411559438,1.572883500550377
2024-03-20,momentum_crowding_penalty,0.0028729098568305417,1.5774022530627543
2024-03-21,momentum_crowding_penalty,0.0034810182409439226,1.5828932190789717
2024-03-22,momentum_crowding_penalty,-0.011001413647123481,1.5654791560166572
2024-03-25,momentum_crowding_penalty,-0.011920065282722981,1.5468185422781966
2024-03-26,momentum_crowding_penalty,-0.0023226954235294308,1.5432257539290164
2024-03-27,momentum_crowding_penalty,-0.01663776894250294,1.5175499204090255
2024-03-28,momentum_crowding_penalty,0.016264798285583457,1.5422325637527816
2024-03-29,momentum_crowding_penalty,0.009271645080418955,1.556531596715362
2024-04-01,momentum_crowding_penalty,0.012608796093177211,1.5761575862309334
2024-04-02,momentum_crowding_penalty,-0.001070097065467124,1.574470944623194
2024-04-03,momentum_crowding_penalty,0.00040163254358645,1.575103303393486
2024-04-08,momentum_crowding_penalty,0.0031188433829843773,1.5800158039087915
2024-04-09,momentum_crowding_penalty,0.00429045125386076,1.586794784695792
2024-04-10,momentum_crowding_penalty,-0.0035587596787005297,1.5811477633976443
2024-04-11,momentum_crowding_penalty,-0.0027366269768080097,1.5768207517740107
2024-04-12,momentum_crowding_penalty,0.005087210226814554,1.5848423704282888
2024-04-15,momentum_crowding_penalty,0.0005611442965866469,1.5857316956854437
2024-04-16,momentum_crowding_penalty,-0.00767979395502043,1.5735536029946344
2024-04-17,momentum_crowding_penalty,0.004051410183029947,1.5799287140853504
2024-04-18,momentum_crowding_penalty,0.003267766092681967,1.585091551566093
2024-04-19,momentum_crowding_penalty,0.0018195223046404308,1.5879756609990647
2024-04-22,momentum_crowding_penalty,-0.011226729374915345,1.570147887999076
2024-04-23,momentum_crowding_penalty,-0.012158237571124154,1.5510576569549845
2024-04-24,momentum_crowding_penalty,0.007811705732888363,1.5631740629458601
2024-04-25,momentum_crowding_penalty,0.0004644502168538954,1.5639000794783755
2024-04-26,momentum_crowding_penalty,0.005389812830536267,1.5723292081924247
2024-04-29,momentum_crowding_penalty,-0.0017694249540907302,1.5695470896554033
2024-04-30,momentum_crowding_penalty,0.0009916722390777457,1.5711035659321397
2024-05-06,momentum_crowding_penalty,0.006983140217033351,1.582074802428525
2024-05-07,momentum_crowding_penalty,0.0008277963828857149,1.58338443822743
2024-05-08,momentum_crowding_penalty,-0.009735422266831118,1.5679695221105567
2024-05-09,momentum_crowding_penalty,0.011375801958384847,1.5858064328708699
2024-05-10,momentum_crowding_penalty,-0.004494916956915507,1.5786783646453728
2024-05-13,momentum_crowding_penalty,-0.0035137643036612797,1.5731312609607195
2024-05-14,momentum_crowding_penalty,-0.0010047412704769722,1.5715506710589549
2024-05-15,momentum_crowding_penalty,-0.0056712013546041384,1.5626380907644164
2024-05-16,momentum_crowding_penalty,0.00178336832844872,1.5654248500443133
2024-05-17,momentum_crowding_penalty,0.010001859050638218,1.5810820087488229
2024-05-20,momentum_crowding_penalty,0.004535607009533592,1.5882531753903513
2024-05-21,momentum_crowding_penalty,-0.0029459691106976105,1.583574230595684
2024-05-22,momentum_crowding_penalty,0.0029326564372769816,1.5882183097569462
2024-05-23,momentum_crowding_penalty,-0.009829033284874522,1.572607659126698
2024-05-24,momentum_crowding_penalty,-0.008130558441174975,1.559821480649129
2024-05-27,momentum_crowding_penalty,0.008063702486636907,1.5723994170013493
2024-05-28,momentum_crowding_penalty,-0.0023178191816275676,1.5687548794714437
2024-05-29,momentum_crowding_penalty,0.0011400261582254823,1.570543301069885
2024-05-30,momentum_crowding_penalty,-0.00922992238651521,1.5560473082963486
2024-05-31,momentum_crowding_penalty,-0.0007961481710076712,1.554808464077847
2024-06-03,momentum_crowding_penalty,-0.0012216579341595383,1.552909019981608
2024-06-04,momentum_crowding_penalty,0.0030421911231427456,1.5576332660172445
2024-06-05,momentum_crowding_penalty,-0.008630899656418445,1.5441894895967505
2024-06-06,momentum_crowding_penalty,0.003256423514190221,1.549218024561039
2024-06-07,momentum_crowding_penalty,0.0027210333299710013,1.5534334984412614
2024-06-11,momentum_crowding_penalty,-0.012103490491524817,1.5346315308636616
2024-06-12,momentum_crowding_penalty,0.0024278285201393525,1.5383573530621975
2024-06-13,momentum_crowding_penalty,0.003642309698264367,1.543960526968652
2024-06-14,momentum_crowding_penalty,-0.003170738955565611,1.539065031179937
2024-06-17,momentum_crowding_penalty,-0.0041613893462301085,1.5326603823560294
2024-06-18,momentum_crowding_penalty,0.0053002578484030675,1.5407838775765486
2024-06-19,momentum_crowding_penalty,-0.0014163102854784948,1.5386016495230375
2024-06-20,momentum_crowding_penalty,0.0016838622967383812,1.5411924428303687
2024-06-21,momentum_crowding_penalty,-0.002364316694286928,1.537548575808676
2024-06-24,momentum_crowding_penalty,-0.015292494641324459,1.514035622452346
2024-06-25,momentum_crowding_penalty,-0.009242976699077933,1.5000414264724449
2024-06-26,momentum_crowding_penalty,0.010036494137676889,1.5150965834555081
2024-06-27,momentum_crowding_penalty,-0.004314594283242457,1.5085595563979708
2024-06-28,momentum_crowding_penalty,0.006471696946958683,1.518322496673417
2024-07-01,momentum_crowding_penalty,0.0005104762369405674,1.5190975642279811
2024-07-02,momentum_crowding_penalty,0.0023642884222178084,1.5226891490113044
2024-07-03,momentum_crowding_penalty,0.004199655512597834,1.5290839188899226
2024-07-04,momentum_crowding_penalty,-0.0007641498319080115,1.5279154696703297
2024-07-05,momentum_crowding_penalty,0.002888560684488128,1.5323289462252407
2024-07-08,momentum_crowding_penalty,-0.003231405543591268,1.5273773699738031
2024-07-09,momentum_crowding_penalty,0.004853262265956249,1.5347901329293725
2024-07-10,momentum_crowding_penalty,-0.006169226174203913,1.5253216654693946
2024-07-11,momentum_crowding_penalty,0.005063442082164627,1.5330450433791698
2024-07-12,momentum_crowding_penalty,-0.007839768545141991,1.5210263250698
2024-07-15,momentum_crowding_penalty,0.00790005092135247,1.533042510490569
2024-07-16,momentum_crowding_penalty,0.009039877971816457,1.5469010277110107
2024-07-17,momentum_crowding_penalty,-0.0036484441117865195,1.5412572457649418
2024-07-18,momentum_crowding_penalty,-0.0053662445506240325,1.5329864824687458
2024-07-19,momentum_crowding_penalty,-0.007939156699319118,1.5208158625664885
2024-07-22,momentum_crowding_penalty,-0.004710698978636288,1.5136517568360026
2024-07-23,momentum_crowding_penalty,-0.00780432463552747,1.501838727140518
2024-07-24,momentum_crowding_penalty,-0.005104454861955287,1.4941726591478928
2024-07-25,momentum_crowding_penalty,-0.009695210893741901,1.4796863401057907
2024-07-26,momentum_crowding_penalty,0.0042637918431223335,1.4859954146531134
2024-07-29,momentum_crowding_penalty,0.0018191205765079798,1.4886986194885052
2024-07-30,momentum_crowding_penalty,0.0005930121705099102,1.4895814358880834
2024-07-31,momentum_crowding_penalty,0.01980400460076206,1.519081113497621
2024-08-01,momentum_crowding_penalty,-0.0030380857046031886,1.5144660148825713
2024-08-02,momentum_crowding_penalty,-0.007443988242009192,1.5031923476748628
2024-08-05,momentum_crowding_penalty,-0.009716579651093472,1.4885864594977658
2024-08-06,momentum_crowding_penalty,0.008459457242385551,1.5011790930034812
2024-08-07,momentum_crowding_penalty,-0.0026304495282185925,1.4972303171665187
2024-08-08,momentum_crowding_penalty,-0.001907176893594831,1.4943748341012288
2024-08-09,momentum_crowding_penalty,-0.003909230244032102,1.48853297880384
2024-08-12,momentum_crowding_penalty,-0.00225248400010968,1.4851800820854486
2024-08-13,momentum_crowding_penalty,0.0007780690530470146,1.486335654745521
2024-08-14,momentum_crowding_penalty,-0.006762544427270068,1.476284243846469
2024-08-15,momentum_crowding_penalty,0.007009055474416948,1.4866316020075965
2024-08-16,momentum_crowding_penalty,-0.0029242748831442736,1.482284282553357
2024-08-19,momentum_crowding_penalty,0.0006533940253903416,1.4832527982475074
2024-08-20,momentum_crowding_penalty,0.002573110999571615,1.4870693723378237
2024-08-21,momentum_crowding_penalty,-0.00268652235839677,1.483074327220551
2024-08-22,momentum_crowding_penalty,-0.0004575966112102314,1.482395677434242
2024-08-23,momentum_crowding_penalty,0.003433804297533327,1.4874859340820603
2024-08-26,momentum_crowding_penalty,-0.0012338382061500594,1.485650617105479
2024-08-27,momentum_crowding_penalty,-0.0007339942538560074,1.484560158089286
2024-08-28,momentum_crowding_penalty,-0.00022247644396619095,1.4842298784244603
2024-08-29,momentum_crowding_penalty,-0.004868338328584942,1.4770041452188956
2024-08-30,momentum_crowding_penalty,0.0026940798913438484,1.4809833123859615
2024-09-02,momentum_crowding_penalty,-0.006393299384394772,1.4715149426865852
2024-09-03,momentum_crowding_penalty,0.0019302136666401015,1.474355280939624
2024-09-04,momentum_crowding_penalty,-0.014725340779679033,1.4526448969974688
2024-09-05,momentum_crowding_penalty,0.0008711123495208303,1.4539103139067118
2024-09-06,momentum_crowding_penalty,0.0003065257771404096,1.4543559748955746
2024-09-09,momentum_crowding_penalty,-0.0122705448934068,1.436510234614624
2024-09-10,momentum_crowding_penalty,-0.0011375932209190087,1.4348760703099455
2024-09-11,momentum_crowding_penalty,0.00028922345974290446,1.4352910701313029
2024-09-12,momentum_crowding_penalty,0.00023985855268032763,1.4356353369700596
2024-09-13,momentum_crowding_penalty,-0.000577930989853981,1.4348056388186952
2024-09-18,momentum_crowding_penalty,0.22618456359733424,1.7593365260818963
2024-09-19,momentum_crowding_penalty,0.008619717695709583,1.7745015102684727
2024-09-20,momentum_crowding_penalty,0.004190109157705513,1.7819368652970107
2024-09-23,momentum_crowding_penalty,-0.0003386121154871158,1.781333479885388
2024-09-24,momentum_crowding_penalty,0.00790897380037854,1.7954219997075387
2024-09-25,momentum_crowding_penalty,9.03424753616489e-05,1.7955842025753108
2024-09-26,momentum_crowding_penalty,0.012230202035803718,1.8175445601451046
2024-09-27,momentum_crowding_penalty,0.007313572288500891,1.8308373036732974
2024-09-30,momentum_crowding_penalty,0.01683909044074912,1.8616669386121494
2024-10-08,momentum_crowding_penalty,0.06591807573582836,1.9843844408664728
2024-10-09,momentum_crowding_penalty,-0.0697732369497902,1.8459275150744194
2024-10-10,momentum_crowding_penalty,-0.007576380418833262,1.8319420659946242
2024-10-11,momentum_crowding_penalty,-0.027155518224501674,1.7821947298352758
2024-10-14,momentum_crowding_penalty,0.015293532214298407,1.8094507823481645
2024-10-15,momentum_crowding_penalty,-0.022690316800333156,1.7683937708620738
2024-10-16,momentum_crowding_penalty,-0.011735064234435844,1.7476415563692311
2024-10-17,momentum_crowding_penalty,-0.00039011241077157037,1.7469597797085112
2024-10-18,momentum_crowding_penalty,0.06521424817907229,1.8608864483412795
2024-10-21,momentum_crowding_penalty,0.010155433808784635,1.8797845574930736
2024-10-22,momentum_crowding_penalty,-0.0017004482684019884,1.8765880810973157
2024-10-23,momentum_crowding_penalty,-0.0026509820455248296,1.8716132797874807
2024-10-24,momentum_crowding_penalty,-0.005370416512442411,1.8615619369248035
2024-10-25,momentum_crowding_penalty,0.0014545280203355436,1.8642696309236508
2024-10-28,momentum_crowding_penalty,0.004811499037370572,1.8732395624582394
2024-10-29,momentum_crowding_penalty,-0.012197854249240848,1.8503900593014622
2024-10-30,momentum_crowding_penalty,-0.00490018145208141,1.8413228122537575
2024-10-31,momentum_crowding_penalty,0.012819548400128,1.8649277391657042
2024-11-01,momentum_crowding_penalty,-0.0223929723422323,1.8231664638823049
2024-11-04,momentum_crowding_penalty,0.023008334769887274,1.8651144882245405
2024-11-05,momentum_crowding_penalty,0.03945578790807343,1.938704049896203
2024-11-06,momentum_crowding_penalty,0.004307636573497021,1.9470552823667227
2024-11-07,momentum_crowding_penalty,0.02578268336836908,1.9972555922126942
2024-11-08,momentum_crowding_penalty,-0.0019026510943379597,1.993455511674498
2024-11-11,momentum_crowding_penalty,0.026143659906459164,2.0455717346103723
2024-11-12,momentum_crowding_penalty,-0.01529251394763085,2.0142898003279637
2024-11-13,momentum_crowding_penalty,0.0022796824056808165,2.0188817413457136
2024-11-14,momentum_crowding_penalty,-0.024648757662954913,1.9691188145531187
2024-11-15,momentum_crowding_penalty,-0.027862207418008145,1.9142548177113374
2024-11-18,momentum_crowding_penalty,-0.017329196702245257,1.881082319436997
2024-11-19,momentum_crowding_penalty,0.014978869978056341,1.9092588069178646
2024-11-20,momentum_crowding_penalty,0.0016575900344773082,1.9124235752894496
2024-11-21,momentum_crowding_penalty,0.002887466288328355,1.9179456338921022
2024-11-22,momentum_crowding_penalty,-0.014979091954090175,1.8892165498790865
2024-11-25,momentum_crowding_penalty,0.00017775620348620558,1.8895523698405563
2024-11-26,momentum_crowding_penalty,-0.008013193881645165,1.8744110203515019
2024-11-27,momentum_crowding_penalty,0.009319855285595625,1.8918802598069033
2024-11-28,momentum_crowding_penalty,-0.004200787408876217,1.883932873032405
2024-11-29,momentum_crowding_penalty,0.010645733847324812,1.9039887209849342
2024-12-02,momentum_crowding_penalty,0.008743425409865136,1.9206361043480904
2024-12-03,momentum_crowding_penalty,0.005783732278098874,1.9317445493792906
2024-12-04,momentum_crowding_penalty,-0.0009097304375127903,1.9299871825652208
2024-12-05,momentum_crowding_penalty,-0.0012758852910419336,1.9275247403070863
2024-12-06,momentum_crowding_penalty,3.226562184422007e-06,1.9275309595855228
2024-12-09,momentum_crowding_penalty,0.0025441894667681216,1.9324349635497697
2024-12-10,momentum_crowding_penalty,0.00367983244435307,1.9395460004252423
2024-12-11,momentum_crowding_penalty,0.002535631423054685,1.9444639742103806
2024-12-12,momentum_crowding_penalty,0.004608551526758131,1.9534251366274542
2024-12-13,momentum_crowding_penalty,-0.009629064777040097,1.93461547944977
2024-12-16,momentum_crowding_penalty,-0.0024116855183454406,1.929949795314414
2024-12-17,momentum_crowding_penalty,-0.0034362549376849238,1.9233179958007809
2024-12-18,momentum_crowding_penalty,0.005332971960990907,1.9335749967444558
2024-12-19,momentum_crowding_penalty,-0.006272862464518414,1.9214459467250462
2024-12-20,momentum_crowding_penalty,-0.004169861234080774,1.9134337837584157
2024-12-23,momentum_crowding_penalty,-0.0008711144100740807,1.9117669640166612
2024-12-24,momentum_crowding_penalty,0.0035305265097944852,1.9185165079636712
2024-12-25,momentum_crowding_penalty,0.0013231101613886743,1.9210549166501498
2024-12-26,momentum_crowding_penalty,0.005446780033989651,1.9315184802143577
2024-12-27,momentum_crowding_penalty,-0.002108061493912838,1.9274467204814367
2024-12-30,momentum_crowding_penalty,-0.0018475330039622142,1.9238856990519686
2024-12-31,momentum_crowding_penalty,-0.01761808653883943,1.8899905143152353
2025-01-02,momentum_crowding_penalty,-0.0146668795303884,1.862270251128197
2025-01-03,momentum_crowding_penalty,-0.0074276890843302254,1.8484378867118192
2025-01-06,momentum_crowding_penalty,0.005703732065657509,1.8589808811576334
2025-01-07,momentum_crowding_penalty,-0.0012836767051606411,1.8565945507051524
2025-01-08,momentum_crowding_penalty,0.000697499243539812,1.8578895239998294
2025-01-09,momentum_crowding_penalty,-0.00152622590379029,1.8550539648819204
2025-01-10,momentum_crowding_penalty,-0.0020101521670762516,1.8513250241343697
2025-01-13,momentum_crowding_penalty,-0.005644373132051443,1.8408754549094513
2025-01-14,momentum_crowding_penalty,0.011882844067929456,1.862750290888619
2025-01-15,momentum_crowding_penalty,0.004583928648121205,1.8712890053113198
2025-01-16,momentum_crowding_penalty,0.006188619112375248,1.882869700214367
2025-01-17,momentum_crowding_penalty,0.004084852584451315,1.8905609453754726
2025-01-20,momentum_crowding_penalty,0.006964372176854732,1.9037275154220936
2025-01-21,momentum_crowding_penalty,-0.0006121469714025162,1.9025621543891522
2025-01-22,momentum_crowding_penalty,-0.0016962584676636927,1.899334917224513
2025-01-23,momentum_crowding_penalty,-6.406967401958433e-05,1.8992132274555125
2025-01-24,momentum_crowding_penalty,0.007760097997463378,1.9139513082186461
2025-01-27,momentum_crowding_penalty,-0.015246829580222596,1.8847696187973924
2025-02-05,momentum_crowding_penalty,0.008649382322195823,1.9010717118196303
2025-02-06,momentum_crowding_penalty,0.014498971009808626,1.9286352954568704
2025-02-07,momentum_crowding_penalty,0.0066163348655099985,1.9413957924050547
2025-02-10,momentum_crowding_penalty,0.0008531529004483728,1.9430520998562633
2025-02-11,momentum_crowding_penalty,-0.0039001364299664164,1.935473931576291
2025-02-12,momentum_crowding_penalty,0.009758126867502204,1.9543605317493558
2025-02-13,momentum_crowding_penalty,-0.009305977308280401,1.9361732969886973
2025-02-14,momentum_crowding_penalty,0.009549331975886333,1.9546624585644887
2025-02-17,momentum_crowding_penalty,0.002491483867988387,1.9595324685473645
2025-02-18,momentum_crowding_penalty,-0.010580008210812609,1.9388005989407795
2025-02-19,momentum_crowding_penalty,0.015888056123291073,1.969604371668621
2025-02-20,momentum_crowding_penalty,-0.0012499390037946756,1.9671424863424278
2025-02-21,momentum_crowding_penalty,0.02094629250399871,2.0083468282583996
2025-02-24,momentum_crowding_penalty,-0.0018093667044932758,2.004712992376274
2025-02-25,momentum_crowding_penalty,-0.002674033076908933,1.9993523235249508
2025-02-26,momentum_crowding_penalty,0.0073840819047974356,2.014115704838406
2025-02-27,momentum_crowding_penalty,-0.0029708677030519386,2.008132033540692
2025-02-28,momentum_crowding_penalty,-0.039100210808337345,1.9296136476982755
2025-03-03,momentum_crowding_penalty,0.0002864870983419009,1.9301664571131254
2025-03-04,momentum_crowding_penalty,0.010709301582148391,1.950837191806097
2025-03-05,momentum_crowding_penalty,0.006914385287350555,1.9643260317831372
2025-03-06,momentum_crowding_penalty,0.023147374844920382,2.009795022758457
2025-03-07,momentum_crowding_penalty,-0.00781009686313201,1.9940983289556726
2025-03-10,momentum_crowding_penalty,-0.0021337906187193488,1.9898433406485432
2025-03-11,momentum_crowding_penalty,-0.0023415388723307066,1.9851840451165663
2025-03-12,momentum_crowding_penalty,-0.00034321992733287186,1.984502690392859
2025-03-13,momentum_crowding_penalty,-0.006221640585278397,1.9721558279127167
2025-03-14,momentum_crowding_penalty,0.014525393562872014,2.0008021674804604
2025-03-17,momentum_crowding_penalty,0.0007801082241385562,2.002363009706186
2025-03-18,momentum_crowding_penalty,0.0010747317095237577,2.0045150127266944
2025-03-19,momentum_crowding_penalty,0.002353757115790334,2.0092331542016084
2025-03-20,momentum_crowding_penalty,-0.0024493701163201048,2.0043117985569876
2025-03-21,momentum_crowding_penalty,-0.01100740394268458,1.982249528963182
2025-03-24,momentum_crowding_penalty,0.0009157551273342127,1.984064784132986
2025-03-25,momentum_crowding_penalty,-0.0056998463710599915,1.9727559196731976
2025-03-26,momentum_crowding_penalty,0.0038106483120372127,1.980273398688562
2025-03-27,momentum_crowding_penalty,-5.781696286484317e-05,1.9801589052950075
2025-03-28,momentum_crowding_penalty,-0.002632437428592816,1.9749462608781474
2025-03-31,momentum_crowding_penalty,-0.007770777654377114,1.95959939260552
2025-04-01,momentum_crowding_penalty,0.0033005109820742895,1.9660670719212805
2025-04-02,momentum_crowding_penalty,-0.0009739170029922418,1.9641522857709133
2025-04-03,momentum_crowding_penalty,0.00025358099450877296,1.9646503574609058
2025-04-07,momentum_crowding_penalty,-0.03592475608527636,1.8940707725762718
2025-04-08,momentum_crowding_penalty,0.005813408295976696,1.9050817793187336
2025-04-09,momentum_crowding_penalty,-0.0021082201136038425,1.9010654475935138
2025-04-10,momentum_crowding_penalty,0.012079911498929096,1.9240301499541157
2025-04-11,momentum_crowding_penalty,-0.0035099877734569578,1.917276827652014
2025-04-14,momentum_crowding_penalty,0.004530660407389451,1.9259633578650621
2025-04-15,momentum_crowding_penalty,0.0010375325472642084,1.9279616075336854
2025-04-16,momentum_crowding_penalty,0.0012107594011126711,1.930295905174991
2025-04-17,momentum_crowding_penalty,0.0039650328378735165,1.9379495918258227
2025-04-18,momentum_crowding_penalty,0.0002108662543986894,1.9383582399974646
2025-04-21,momentum_crowding_penalty,0.0006786448200221565,1.9396736967763863
2025-04-22,momentum_crowding_penalty,0.0028561703085498214,1.9452137351973944
2025-04-23,momentum_crowding_penalty,-0.0024032128297354458,1.9405389725923905
2025-04-24,momentum_crowding_penalty,-0.0014380284610452268,1.9377484223200352
2025-04-25,momentum_crowding_penalty,0.001859685137475131,1.9413520242611895
2025-04-28,momentum_crowding_penalty,-0.004462019834927773,1.9326896730223588
2025-04-29,momentum_crowding_penalty,-0.0004443384995368447,1.9318309045929778
2025-04-30,momentum_crowding_penalty,-0.0002553780361778446,1.9313375574103353
2025-05-06,momentum_crowding_penalty,0.007295829642464997,1.9454282672112955
2025-05-07,momentum_crowding_penalty,0.0003199754181884784,1.9460507564346519
2025-05-08,momentum_crowding_penalty,0.0028060348518404777,1.951511442680658
2025-05-09,momentum_crowding_penalty,-0.0003114702449334208,1.950903604933616
2025-05-12,momentum_crowding_penalty,0.007939819009882618,1.9663934264625165
2025-05-13,momentum_crowding_penalty,-0.009680074560178773,1.947358591479714
2025-05-14,momentum_crowding_penalty,0.006284403606307199,1.9595965788347824
2025-05-15,momentum_crowding_penalty,-0.01567096499288979,1.928887809447676
2025-05-16,momentum_crowding_penalty,0.001818321763126041,1.9323951481302233
2025-05-19,momentum_crowding_penalty,-0.0018076260859784597,1.9289021002520448
2025-05-20,momentum_crowding_penalty,0.004506717811464079,1.9375951177038213
2025-05-21,momentum_crowding_penalty,0.00016794240129758254,1.9379205220806308
2025-05-22,momentum_crowding_penalty,-0.01038922808000613,1.9177870237758106
2025-05-23,momentum_crowding_penalty,-0.004055935360254237,1.9100086035726414
2025-05-26,momentum_crowding_penalty,-0.000526525125279271,1.9090029360533607
2025-05-27,momentum_crowding_penalty,-0.002490365430003394,1.9042488211356385
2025-05-28,momentum_crowding_penalty,-0.002245483662029124,1.8999728615193403
2025-05-29,momentum_crowding_penalty,0.008557353280119773,1.9162316005180013
2025-05-30,momentum_crowding_penalty,-0.005960385095835009,1.9048101222461058
2025-06-03,momentum_crowding_penalty,0.001592087698453453,1.9078427470096233
2025-06-04,momentum_crowding_penalty,0.006790855298899268,1.9207986310376202
2025-06-05,momentum_crowding_penalty,0.0015424770543246093,1.9237614188519738
2025-06-06,momentum_crowding_penalty,-0.0006310633999812243,1.9225474034302403
2025-06-09,momentum_crowding_penalty,0.005740739342784186,1.93358424694748
2025-06-10,momentum_crowding_penalty,-0.0022135229244956032,1.9293042138904182
2025-06-11,momentum_crowding_penalty,0.005526916062404563,1.9399673163394338
2025-06-12,momentum_crowding_penalty,-0.0030598495212040833,1.934031308275381
2025-06-13,momentum_crowding_penalty,-0.008368941530071916,1.917845513339096
2025-06-16,momentum_crowding_penalty,0.006255181293884651,1.9298419847186954
2025-06-17,momentum_crowding_penalty,0.0006611162727979344,1.9311178346587214
2025-06-18,momentum_crowding_penalty,0.002915173450953334,1.9367473781009812
2025-06-19,momentum_crowding_penalty,-0.006008473404797187,1.925110482987851
2025-06-20,momentum_crowding_penalty,-0.0017454263594309572,1.921750344406027
2025-06-23,momentum_crowding_penalty,0.0021021036580425867,1.9257900628348477
2025-06-24,momentum_crowding_penalty,0.002037540330200628,1.9297139377553734
2025-06-25,momentum_crowding_penalty,0.003827866144793202,1.9371006244068427
2025-06-26,momentum_crowding_penalty,0.0007622704911384835,1.938577219051194
2025-06-27,momentum_crowding_penalty,0.0038597257954672845,1.9460595955500712
2025-06-30,momentum_crowding_penalty,0.004035647876563155,1.9539132068245182
2025-07-01,momentum_crowding_penalty,-0.0031922173460101066,1.9476758911930947
2025-07-02,momentum_crowding_penalty,-0.005064497164478565,1.937811892164824
2025-07-03,momentum_crowding_penalty,0.005446530434768393,1.9483662436123559
2025-07-04,momentum_crowding_penalty,-0.004090633086947371,1.9403961921907438
2025-07-07,momentum_crowding_penalty,-0.0023833256174247476,1.9357715962379423
2025-07-08,momentum_crowding_penalty,0.007561925684344916,1.9504097571905592
2025-07-09,momentum_crowding_penalty,-0.0004582365527524669,1.9495160081469693
2025-07-10,momentum_crowding_penalty,0.0023453679003170858,1.9540883404136316
2025-07-11,momentum_crowding_penalty,0.002288684732799396,1.9585606325648777
2025-07-14,momentum_crowding_penalty,-0.00251197391496224,1.9536407793450026
2025-07-15,momentum_crowding_penalty,-0.0017221493733317488,1.9502763181011382
2025-07-16,momentum_crowding_penalty,-0.002936285243468617,1.9445497505276115
2025-07-17,momentum_crowding_penalty,0.007222967807841575,1.9585951707764186
2025-07-18,momentum_crowding_penalty,0.004714854420993864,1.967829661876291
2025-07-21,momentum_crowding_penalty,0.007916392538340082,1.9834077739282927
2025-07-22,momentum_crowding_penalty,0.0036841418870948053,1.9907149295874114
2025-07-23,momentum_crowding_penalty,-0.00014738245146386222,1.9904215331409232
2025-07-24,momentum_crowding_penalty,0.008773134541763128,2.007883769045991
2025-07-25,momentum_crowding_penalty,0.0014005984091422508,2.0106960078586593
2025-07-28,momentum_crowding_penalty,0.0027854404691575593,2.0162966818901227
2025-07-29,momentum_crowding_penalty,0.00436602119386057,2.0250998759363656
2025-07-30,momentum_crowding_penalty,-0.00848941665531099,2.007907959320923
2025-07-31,momentum_crowding_penalty,-0.01767826155502251,1.9724116372376364
2025-08-01,momentum_crowding_penalty,-0.0016539690745647762,1.9691493293873337
2025-08-04,momentum_crowding_penalty,0.002906745496130279,1.974873145331738
2025-08-05,momentum_crowding_penalty,0.0076178254418277636,1.9899173842226285
2025-08-06,momentum_crowding_penalty,0.009398402113789452,2.0086194279727727
2025-08-07,momentum_crowding_penalty,-0.0008357553082134483,2.006940713623664
2025-08-08,momentum_crowding_penalty,-0.007008322474009443,1.9928754259163708
2025-08-11,momentum_crowding_penalty,0.009714309543215189,2.0122348346847896
2025-08-12,momentum_crowding_penalty,0.003811149984951734,2.019903763444718
2025-08-13,momentum_crowding_penalty,0.008396437631883457,2.0368637594168884
2025-08-14,momentum_crowding_penalty,-0.0056463033302927125,2.0253630087887404
2025-08-15,momentum_crowding_penalty,0.008797613404978578,2.043181369544808
2025-08-18,momentum_crowding_penalty,0.00942286020809128,2.062433981969805
2025-08-19,momentum_crowding_penalty,-0.007529297425233373,2.046905303099646
2025-08-20,momentum_crowding_penalty,0.010397953878836942,2.068188930035623
2025-08-21,momentum_crowding_penalty,-0.003856785072727531,2.060212369842681
2025-08-22,momentum_crowding_penalty,0.04064709649960779,2.1439540208493617
2025-08-25,momentum_crowding_penalty,0.019694510149416495,2.186178145072862
2025-08-26,momentum_crowding_penalty,-0.008341141526435647,2.167942923762809
2025-08-27,momentum_crowding_penalty,-0.0073302197596569986,2.1520514257052343
2025-08-28,momentum_crowding_penalty,0.03479691985612424,2.2269361866917574
2025-08-29,momentum_crowding_penalty,-0.0016721272587120084,2.223212465990578
2025-09-01,momentum_crowding_penalty,0.006584179742738409,2.2378504964729564
2025-09-02,momentum_crowding_penalty,-0.017177699079752737,2.199409374059069
2025-09-03,momentum_crowding_penalty,-0.007809572624370088,2.182232926821634
2025-09-04,momentum_crowding_penalty,-0.037704922348439376,2.0999520037696167
2025-09-05,momentum_crowding_penalty,0.039470081562992324,2.1828372806367726
2025-09-08,momentum_crowding_penalty,0.0035172894582650087,2.190514951193064
2025-09-09,momentum_crowding_penalty,-0.0006513573069796604,2.1890881432735565
2025-09-10,momentum_crowding_penalty,-0.0016449944454205,2.1854871054373355
2025-09-11,momentum_crowding_penalty,0.0050957403924043135,2.196623780357591
2025-09-12,momentum_crowding_penalty,0.002009311566034677,2.2010374819256904
2025-09-15,momentum_crowding_penalty,0.0016939655787273102,2.2047659636575614
2025-09-16,momentum_crowding_penalty,0.011615866256968711,2.2303762302193246
2025-09-17,momentum_crowding_penalty,0.008363005520499156,2.2490288789454387
2025-09-18,momentum_crowding_penalty,-0.0004381255392739154,2.248043521955008
2025-09-19,momentum_crowding_penalty,-0.0075028317752730235,2.2311768295862873
2025-09-22,momentum_crowding_penalty,0.016006224651643412,2.266889547158187
2025-09-23,momentum_crowding_penalty,0.0015352994711833826,2.2703699014811702
2025-09-24,momentum_crowding_penalty,0.021510622275837245,2.3192069708583616
2025-09-25,momentum_crowding_penalty,0.005948587483534484,2.3330029764169358
2025-09-26,momentum_crowding_penalty,-0.013091323686271151,2.3024608792916275
2025-09-29,momentum_crowding_penalty,0.011177351734078451,2.328196294393426
2025-09-30,momentum_crowding_penalty,0.00807970045300286,2.347007423047916
2025-10-09,momentum_crowding_penalty,0.025150497184184564,2.4060358266325426
2025-10-10,momentum_crowding_penalty,-0.02657729443334622,2.3420899040509497
2025-10-13,momentum_crowding_penalty,0.0008890085488260989,2.34417204199777
2025-10-14,momentum_crowding_penalty,-0.018517902667251597,2.300762892288763
2025-10-15,momentum_crowding_penalty,0.017472549210023523,2.3409630851448746
2025-10-16,momentum_crowding_penalty,0.004148556765284795,2.3506747033890343
2025-10-17,momentum_crowding_penalty,-0.01586668249475717,2.313377294221903
2025-10-20,momentum_crowding_penalty,-0.002264895184702027,2.3081377371278204
2025-10-21,momentum_crowding_penalty,0.003450325811743804,2.3161015643392924
2025-10-22,momentum_crowding_penalty,-0.007661923279034821,2.298355771846872
2025-10-23,momentum_crowding_penalty,0.0015834389766838488,2.3019950779583005
2025-10-24,momentum_crowding_penalty,0.00010738160252603561,2.302242269878779
2025-10-27,momentum_crowding_penalty,0.007914927241310654,2.3204643499367394
2025-10-28,momentum_crowding_penalty,-0.0028793115999495855,2.313783010016697
2025-10-29,momentum_crowding_penalty,0.009755860584006881,2.336355954484064
2025-10-30,momentum_crowding_penalty,-0.005925401567277656,2.3225121072496457
2025-10-31,momentum_crowding_penalty,-0.0037972058017080364,2.31369305080146
2025-11-03,momentum_crowding_penalty,0.00703967150467253,2.329980689841746
2025-11-04,momentum_crowding_penalty,-0.0231439985848916,2.276055620053224
2025-11-05,momentum_crowding_penalty,-0.003926388604373866,2.2671189412037256
2025-11-06,momentum_crowding_penalty,0.016570552047888487,2.304686353617696
2025-11-07,momentum_crowding_penalty,-0.0051969467973929095,2.292709021253267
2025-11-10,momentum_crowding_penalty,0.0037721241355122026,2.301357404288043
2025-11-11,momentum_crowding_penalty,-0.00035753093026186233,2.3005345978344227
2025-11-12,momentum_crowding_penalty,-0.0025282448378598833,2.29471828311313
2025-11-13,momentum_crowding_penalty,0.013043941259551217,2.324650453605276
2025-11-14,momentum_crowding_penalty,-0.008069482493842019,2.3058917274656063
2025-11-17,momentum_crowding_penalty,-0.0041686746845314045,2.29627921499605
2025-11-18,momentum_crowding_penalty,-0.019530327007879454,2.2514321310257803
2025-11-19,momentum_crowding_penalty,-0.0009411123593487389,2.2493132804210374
2025-11-20,momentum_crowding_penalty,0.006760281298150116,2.2645192709243487
2025-11-21,momentum_crowding_penalty,-0.02618301445497908,2.2052273301201577
2025-11-24,momentum_crowding_penalty,0.002819060433244934,2.21144399923281
2025-11-25,momentum_crowding_penalty,0.0006494722298437173,2.2128802706981663
2025-11-26,momentum_crowding_penalty,-0.004073348683193234,2.203866437761454
2025-11-27,momentum_crowding_penalty,0.0017862261095879183,2.207803041534628
2025-11-28,momentum_crowding_penalty,0.002598588178793315,2.213540212419464
2025-12-01,momentum_crowding_penalty,6.729966963443568e-05,2.2136891829444822
2025-12-02,momentum_crowding_penalty,-0.001702443353233274,2.209920502508854
2025-12-03,momentum_crowding_penalty,0.0052577159810775825,2.221539636851806
2025-12-04,momentum_crowding_penalty,-7.924502921097238e-05,2.2213635908783904
2025-12-05,momentum_crowding_penalty,0.004102538603552997,2.230476820762496
2025-12-08,momentum_crowding_penalty,-0.0014328131492841888,2.227280964244534
2025-12-09,momentum_crowding_penalty,-0.007243224149813289,2.2111482689758986
2025-12-10,momentum_crowding_penalty,0.009748875606291885,2.232704478397212
2025-12-11,momentum_crowding_penalty,0.00209516858001706,2.237382370668813
2025-12-12,momentum_crowding_penalty,0.008451043950121152,2.2562905874165615
2025-12-15,momentum_crowding_penalty,-0.004479809325511519,2.246182835801989
2025-12-16,momentum_crowding_penalty,-0.009567255604457503,2.224693030477526
2025-12-17,momentum_crowding_penalty,0.024119062729254404,2.278350541232949
2025-12-18,momentum_crowding_penalty,-0.0010414353586096876,2.2759777864200013
2025-12-19,momentum_crowding_penalty,0.003857740677865984,2.284757918508593
2025-12-22,momentum_crowding_penalty,0.01805150809254227,2.326001244564051
2025-12-23,momentum_crowding_penalty,0.008478813385215535,2.3457229750504887
2025-12-24,momentum_crowding_penalty,0.016225473657730947,2.383783441390505
2025-12-25,momentum_crowding_penalty,-0.006902428636498847,2.3673295463014394
2025-12-26,momentum_crowding_penalty,-0.006767924636320932,2.3513076383427354
2025-12-29,momentum_crowding_penalty,-0.0003378755427461817,2.350513188998267
2025-12-30,momentum_crowding_penalty,0.0021252142503083832,2.355508533123064
2025-12-31,momentum_crowding_penalty,-0.009701779867069393,2.3326559078597002
2026-01-05,momentum_crowding_penalty,0.0355846524515102,2.41566265762985
2026-01-06,momentum_crowding_penalty,0.02341886968218745,2.47223474660501
2026-01-07,momentum_crowding_penalty,0.006107653560048466,2.4873342999563874
2026-01-08,momentum_crowding_penalty,-0.0008726121397624521,2.4851638218505983
2026-01-09,momentum_crowding_penalty,0.012456660513782095,2.5161206639005247
2026-01-12,momentum_crowding_penalty,0.028908722803269844,2.588858498712804
2026-01-13,momentum_crowding_penalty,-0.021041833343532934,2.5343841696329004
2026-01-14,momentum_crowding_penalty,0.015027989487658135,2.572470868291831
2026-01-15,momentum_crowding_penalty,0.002942302784098405,2.580039856489618
2026-01-16,momentum_crowding_penalty,0.007454264498722153,2.5992721559971366
2026-01-19,momentum_crowding_penalty,0.009943106965408318,2.625116997076424
2026-01-20,momentum_crowding_penalty,-0.0018369838395504337,2.620294699575865
2026-01-21,momentum_crowding_penalty,0.02577471120504178,2.6878320387295345
2026-01-22,momentum_crowding_penalty,0.0033200631901542767,2.6967558109426375
2026-01-23,momentum_crowding_penalty,0.006042692696324781,2.7130514775851924
2026-01-26,momentum_crowding_penalty,0.002919314671693643,2.720971728568767
2026-01-27,momentum_crowding_penalty,0.01660482884742558,2.7661529984203352
2026-01-28,momentum_crowding_penalty,0.01677022563683681,2.812542008349857
2026-01-29,momentum_crowding_penalty,-0.0028267581059633782,2.8045916324293914
2026-01-30,momentum_crowding_penalty,-0.0012536594248101828,2.8010756296966526
2026-02-02,momentum_crowding_penalty,-0.03314078600160133,2.708245781678575
2026-02-03,momentum_crowding_penalty,0.03146739016649372,2.7934672083574155
2026-02-04,momentum_crowding_penalty,0.01716766987912394,2.8414245312086535
2026-02-05,momentum_crowding_penalty,-0.01900423939519227,2.7874254191941925
2026-02-06,momentum_crowding_penalty,-0.0027071990580534,2.779879303724956
2026-02-09,momentum_crowding_penalty,0.017971355620269407,2.829837503273624
2026-02-10,momentum_crowding_penalty,0.004244296775397294,2.8418481734636667
2026-02-11,momentum_crowding_penalty,0.002886873627253917,2.8500522300082984
2026-02-12,momentum_crowding_penalty,0.0008784448707871984,2.852555843771225
2026-02-13,momentum_crowding_penalty,9.816514634631829e-05,2.85283586533309
2026-02-24,momentum_crowding_penalty,0.0022395837234559604,2.859225030102781
2026-02-25,momentum_crowding_penalty,0.007580280777734384,2.880898758637686
2026-02-26,momentum_crowding_penalty,0.008138610534273717,2.904345271622911
2026-02-27,momentum_crowding_penalty,-0.0003744927777810104,2.903257615294506
2026-03-02,momentum_crowding_penalty,-0.0013816179695382827,2.8992464224030163
2026-03-03,momentum_crowding_penalty,-0.018967899282461138,2.8442538082678404
2026-03-04,momentum_crowding_penalty,-0.00919818794215236,2.8180918271842104
2026-03-05,momentum_crowding_penalty,0.010894012594979397,2.848792155043364
2026-03-06,momentum_crowding_penalty,0.004055142437370774,2.860344413006529
2026-03-09,momentum_crowding_penalty,-0.0018332714567234898,2.8551006252377653
2026-03-10,momentum_crowding_penalty,-0.00913066057733124,2.8290316705145933
2026-03-11,momentum_crowding_penalty,0.011282545757128469,2.8609503497855395
2026-03-12,momentum_crowding_penalty,0.009941169082008339,2.8893915409479884
2026-03-13,momentum_crowding_penalty,0.002443211092142883,2.8964509344103764
2026-03-16,momentum_crowding_penalty,-0.005278637150643381,2.881161620902982
2026-03-17,momentum_crowding_penalty,-0.013405261725789144,2.8425388953004784
2026-03-18,momentum_crowding_penalty,0.0018942199374549105,2.8479232891489477
2026-03-19,momentum_crowding_penalty,-0.008577084088798837,2.8234964116194683
2026-03-20,momentum_crowding_penalty,-0.0026369348134742347,2.816051035635949
2026-03-23,momentum_crowding_penalty,-0.020860116006853228,2.757307884351364
2026-03-24,momentum_crowding_penalty,0.004107076015845789,2.768632357431486
2026-03-25,momentum_crowding_penalty,0.004499387276261158,2.781089506633158
2026-03-26,momentum_crowding_penalty,-0.0032724145871687368,2.7719886287634297
2026-03-27,momentum_crowding_penalty,0.005052028810008435,2.7859927951769583
2026-03-30,momentum_crowding_penalty,0.008255910235419007,2.808993701610463
2026-03-31,momentum_crowding_penalty,-0.014768005922016492,2.767510465990173
2026-04-01,momentum_crowding_penalty,-0.008242862995407097,2.7446982563806603
2026-04-02,momentum_crowding_penalty,0.0005883648221126194,2.7463131402820284
2026-04-03,momentum_crowding_penalty,-0.00896764611897637,2.7216851759080845
2026-04-07,momentum_crowding_penalty,0.0049601937694209106,2.735185261759949
2026-04-08,momentum_crowding_penalty,0.00028826695992709714,2.7359737253001937
2026-04-09,momentum_crowding_penalty,5.469922097313135e-05,2.7361233809315704
2026-04-10,momentum_crowding_penalty,-0.001428644491038778,2.7322144333366003
2026-04-13,momentum_crowding_penalty,0.0018086850922736637,2.737156148851071
2026-04-14,momentum_crowding_penalty,0.014119483167603765,2.775803379021877
2026-04-15,momentum_crowding_penalty,0.00016904102264305747,2.776272603663723
2026-04-16,momentum_crowding_penalty,0.015163068218076559,2.818369414545053
2026-04-17,momentum_crowding_penalty,0.002165246520700004,2.8244718791139443
2026-04-20,momentum_crowding_penalty,0.006291646247736422,2.8422424570140086
2026-04-21,momentum_crowding_penalty,-0.002259312132159563,2.8358209441483377
2026-04-22,momentum_crowding_penalty,0.01238039305204326,2.8709295220621103
2026-04-23,momentum_crowding_penalty,-0.007955383537790128,2.8480901766041415
2026-04-24,momentum_crowding_penalty,0.0010805821365786894,2.8511677719723454
2026-04-27,momentum_crowding_penalty,0.01588052355721695,2.8964458089407303
2026-04-28,momentum_crowding_penalty,-0.009370993242518779,2.869303234837825
2026-04-29,momentum_crowding_penalty,0.008299729670702983,2.893117676030253
2026-04-30,momentum_crowding_penalty,0.015525485934148608,2.9380347338152975
2026-05-06,momentum_crowding_penalty,0.02455563667235479,3.0101800472696243
2026-05-07,momentum_crowding_penalty,0.016177396614188436,3.0588769237744216
2026-05-08,momentum_crowding_penalty,-0.004685358302307485,3.0445449893838785
2026-05-11,momentum_crowding_penalty,0.02671363373792004,3.1258758491288994
2026-05-12,momentum_crowding_penalty,-0.0030502834224251933,3.1163410418457422
2026-05-13,momentum_crowding_penalty,0.02763798745365422,3.202470436461583
2026-05-14,momentum_crowding_penalty,-0.01612099145949644,3.150843437906096
2026-05-15,momentum_crowding_penalty,-0.008372644901390214,3.1244625446606324
2026-05-18,momentum_crowding_penalty,-0.0039010906905977104,3.1122737329145354
2026-05-19,momentum_crowding_penalty,0.005249064215571619,3.1286102575950405
2026-05-20,momentum_crowding_penalty,0.01051770140386511,3.1615160460934946
2026-05-21,momentum_crowding_penalty,-0.011727933933071777,3.1244379947765637
2026-05-22,momentum_crowding_penalty,0.017012695820507486,3.1775931079917337
2026-05-25,momentum_crowding_penalty,0.030818784474552254,3.2755226651347535
2026-05-26,momentum_crowding_penalty,-0.0046702591258646845,3.260225125515931
2026-05-27,momentum_crowding_penalty,-0.007790593715889105,3.234826036140703
2026-05-28,momentum_crowding_penalty,0.0019840564534721276,3.2412441136135675
2026-05-29,momentum_crowding_penalty,-0.011075840448586817,3.2053446109562627
2026-06-01,momentum_crowding_penalty,-0.004124292580170854,3.192124831960405
2026-06-02,momentum_crowding_penalty,0.00786761467424143,3.217239240130347
2026-06-03,momentum_crowding_penalty,0.012574095472339319,3.257693113493102
2026-06-04,momentum_crowding_penalty,-0.007246437450003463,3.2340864441148676
2026-06-05,momentum_crowding_penalty,-0.024688614478604806,3.154241330705634
2026-06-08,momentum_crowding_penalty,-0.035714753027131126,3.041588380591513
2026-06-09,momentum_crowding_penalty,0.00447543635878942,3.055200815818483
2026-06-10,momentum_crowding_penalty,-0.01690391843592156,3.0035559504225264
2026-06-11,momentum_crowding_penalty,0.00080121877455408,3.0059624558404288
2026-06-12,momentum_crowding_penalty,0.006038606494340548,3.0241142802480105
2026-06-15,momentum_crowding_penalty,0.007214511779070669,3.0459317883441157
2026-06-16,momentum_crowding_penalty,-0.0016937834602134161,3.04077263946008
2026-06-17,momentum_crowding_penalty,0.003791550943275313,3.052301883829511
2026-06-18,momentum_crowding_penalty,-0.003445306158284989,3.041785769352208
2026-06-22,momentum_crowding_penalty,0.010313747347017331,3.07315797926106
2026-06-23,momentum_crowding_penalty,-0.028327018202177357,2.9861045772443653
2026-06-24,momentum_crowding_penalty,0.017425651294784027,3.0381393943371844
2026-06-25,momentum_crowding_penalty,0.027537524374415548,3.1218022319616168
2026-06-26,momentum_crowding_penalty,-0.023659656508646053,3.04794146346548
2026-06-29,momentum_crowding_penalty,0.01562997837635541,3.0955807226318424
2026-06-30,momentum_crowding_penalty,0.024213590059431068,3.1705358452455275
2026-07-01,momentum_crowding_penalty,-0.008786428798767176,3.142678157787339
2026-07-02,momentum_crowding_penalty,-0.04811994430579648,2.991452659863569
2026-07-03,momentum_crowding_penalty,-0.045110410346217544,2.8565070028458392
2026-07-06,momentum_crowding_penalty,-0.0036171140682396213,2.8461746911798205
2026-07-07,momentum_crowding_penalty,-0.006529064597590251,2.827591832765081
2026-07-08,momentum_crowding_penalty,-0.0044690478086905966,2.814955189680991
2026-07-09,momentum_crowding_penalty,0.001075704553594359,2.8179832497966943
2026-07-10,momentum_crowding_penalty,-0.002288073628958209,2.8115354966359885
2026-07-13,momentum_crowding_penalty,-0.0017360951340626516,2.8066544035410343
2026-07-14,momentum_crowding_penalty,0.01230746270728358,2.841197197944849
2026-07-15,momentum_crowding_penalty,-0.007633058307366082,2.819510174070211
2026-07-16,momentum_crowding_penalty,-0.02173260020539666,2.7582348866820947
2026-07-17,momentum_crowding_penalty,-0.035324518668478896,2.6608015669354432
2026-07-20,momentum_crowding_penalty,0.009457073745014161,2.685964963574801
2026-07-21,momentum_crowding_penalty,-0.0038517404745420205,2.6756193236113983
2026-07-22,momentum_crowding_penalty,0.007212481888154277,2.694917179522541
2026-07-23,momentum_crowding_penalty,0.004662203490321648,2.7074814318030387
2026-07-24,momentum_crowding_penalty,-0.01275677407308522,2.672942702870454
2026-07-27,momentum_crowding_penalty,-0.0009790470899815372,2.6703257660955213
2026-07-28,momentum_crowding_penalty,-0.011569663628450343,2.639430995203412
2026-07-29,momentum_crowding_penalty,0.009469860190325875,2.664426037710001
2026-07-30,momentum_crowding_penalty,0.000977504589259915,2.667030526389606
2026-07-31,momentum_crowding_penalty,0.0020709382091547825,2.672553781811689
2026-08-03,momentum_crowding_penalty,-0.002320263132353311,2.66635275380252
2026-08-04,momentum_crowding_penalty,0.0015685726310897489,2.670535121756965
2026-08-05,momentum_crowding_penalty,0.01323736782550563,2.705885977454593
2026-08-06,momentum_crowding_penalty,-0.0021925729122095903,2.6999531251568984
2026-08-07,momentum_crowding_penalty,0.010654758506536244,2.728720473684413
2026-08-10,momentum_crowding_penalty,-0.0015557942869400716,2.7244751459607985
2026-08-11,momentum_crowding_penalty,-0.00916526340608358,2.6995046136047396
2026-08-12,momentum_crowding_penalty,0.0017878553148654053,2.7043309372756763
2026-08-13,momentum_crowding_penalty,-0.0040598309055065234,2.693351810957807
2026-08-14,momentum_crowding_penalty,0.0076279875039338765,2.7138966649154908
2026-08-17,momentum_crowding_penalty,0.009657341521974401,2.7401056918639273
2026-08-18,momentum_crowding_penalty,-0.0033637551365676803,2.7308886472681815
2026-08-19,momentum_crowding_penalty,-0.02253681974170063,2.6693431020900418
2026-08-20,momentum_crowding_penalty,0.005118636186988023,2.6830064982878863
2026-08-21,momentum_crowding_penalty,0.00028816581177216766,2.6837796490334553
2018-01-02,momentum_crowding_penalty_trend,0.0,1.0
2018-01-03,momentum_crowding_penalty_trend,0.0,1.0
2018-01-04,momentum_crowding_penalty_trend,0.0,1.0
2018-01-05,momentum_crowding_penalty_trend,0.0,1.0
2018-01-08,momentum_crowding_penalty_trend,0.0,1.0
2018-01-09,momentum_crowding_penalty_trend,0.0,1.0
2018-01-10,momentum_crowding_penalty_trend,0.0,1.0
2018-01-11,momentum_crowding_penalty_trend,0.0,1.0
2018-01-12,momentum_crowding_penalty_trend,0.0,1.0
2018-01-15,momentum_crowding_penalty_trend,0.0,1.0
2018-01-16,momentum_crowding_penalty_trend,0.0,1.0
2018-01-17,momentum_crowding_penalty_trend,0.0,1.0
2018-01-18,momentum_crowding_penalty_trend,0.0,1.0
2018-01-19,momentum_crowding_penalty_trend,0.0,1.0
2018-01-22,momentum_crowding_penalty_trend,0.0,1.0
2018-01-23,momentum_crowding_penalty_trend,0.0,1.0
2018-01-24,momentum_crowding_penalty_trend,0.0,1.0
2018-01-25,momentum_crowding_penalty_trend,0.0,1.0
2018-01-26,momentum_crowding_penalty_trend,0.0,1.0
2018-01-29,momentum_crowding_penalty_trend,0.0,1.0
2018-01-30,momentum_crowding_penalty_trend,0.0,1.0
2018-01-31,momentum_crowding_penalty_trend,0.0,1.0
2018-02-01,momentum_crowding_penalty_trend,0.0,1.0
2018-02-02,momentum_crowding_penalty_trend,0.0,1.0
2018-02-05,momentum_crowding_penalty_trend,0.0,1.0
2018-02-06,momentum_crowding_penalty_trend,0.0,1.0
2018-02-07,momentum_crowding_penalty_trend,0.0,1.0
2018-02-08,momentum_crowding_penalty_trend,0.0,1.0
2018-02-09,momentum_crowding_penalty_trend,0.0,1.0
2018-02-12,momentum_crowding_penalty_trend,0.0,1.0
2018-02-13,momentum_crowding_penalty_trend,0.0,1.0
2018-02-14,momentum_crowding_penalty_trend,0.0,1.0
2018-02-22,momentum_crowding_penalty_trend,-8.999999999999999e-05,0.99991
2018-02-23,momentum_crowding_penalty_trend,0.0009945722912208022,1.0009044827797144
2018-02-26,momentum_crowding_penalty_trend,0.0050803723858428166,1.0059894502748947
2018-02-27,momentum_crowding_penalty_trend,0.00028759850732416035,1.0062787713391776
2018-02-28,momentum_crowding_penalty_trend,-0.0027186135507606905,1.0035430882355723
2018-03-01,momentum_crowding_penalty_trend,0.0004894845567672113,1.0040343070793138
2018-03-02,momentum_crowding_penalty_trend,-0.00231140153286179,1.001713580642885
2018-03-05,momentum_crowding_penalty_trend,-0.0005528241278355183,1.001159809206325
2018-03-06,momentum_crowding_penalty_trend,0.0020997635098855215,1.0032620080412604
2018-03-07,momentum_crowding_penalty_trend,-0.0016501081264699343,1.0016065172488129
2018-03-08,momentum_crowding_penalty_trend,0.0009603238072242338,1.002568383832798
2018-03-09,momentum_crowding_penalty_trend,0.004756101157301517,1.0073367004834188
2018-03-12,momentum_crowding_penalty_trend,0.00357281390811124,1.010935727057057
2018-03-13,momentum_crowding_penalty_trend,-0.0013603742911208084,1.009560476083993
2018-03-14,momentum_crowding_penalty_trend,-0.0025026694631226473,1.007033879909322
2018-03-15,momentum_crowding_penalty_trend,6.444253495417328e-05,1.007098775725328
2018-03-16,momentum_crowding_penalty_trend,-0.0016843003161256757,1.0054025189390041
2018-03-19,momentum_crowding_penalty_trend,0.0002048483430633054,1.0056084739791205
2018-03-20,momentum_crowding_penalty_trend,-0.001958560305466078,1.0036389291391448
2018-03-21,momentum_crowding_penalty_trend,-0.0009635205843084915,1.002671902371706
2018-03-22,momentum_crowding_penalty_trend,0.00027384024217301804,1.0029464742882714
2018-03-23,momentum_crowding_penalty_trend,-0.009932987699953847,0.9929842192954539
2018-03-26,momentum_crowding_penalty_trend,0.0011322267420607725,0.9941085025829846
2018-03-27,momentum_crowding_penalty_trend,0.0047669762585369705,0.9988473942132073
2018-03-28,momentum_crowding_penalty_trend,-0.00367846238727223,0.9951731716429693
2018-03-29,momentum_crowding_penalty_trend,-0.00023873440147343934,0.9949355895714747
2018-03-30,momentum_crowding_penalty_trend,0.0035253350828413853,0.9984430709105585
2018-04-02,momentum_crowding_penalty_trend,0.0014172555374460506,0.9998581198816312
2018-04-03,momentum_crowding_penalty_trend,-0.0013551607503162811,0.9985031514016826
2018-04-04,momentum_crowding_penalty_trend,-0.0013807337198873393,0.9971244844311284
2018-04-09,momentum_crowding_penalty_trend,0.0015427584156739726,0.9986628066209592
2018-04-10,momentum_crowding_penalty_trend,-0.0013701631862763689,0.9972944756078237
2018-04-11,momentum_crowding_penalty_trend,0.0007512422207526404,0.9980436853244238
2018-04-12,momentum_crowding_penalty_trend,-0.0008398668263201401,0.9972054615419016
2018-04-13,momentum_crowding_penalty_trend,-9.000579796911151e-05,0.9971157072685963
2018-04-16,momentum_crowding_penalty_trend,0.0010664729770380665,0.9981791042253784
2018-04-17,momentum_crowding_penalty_trend,0.00022723358775252896,0.998405924044451
2018-04-18,momentum_crowding_penalty_trend,0.001939105433525795,1.00034193839663
2018-04-19,momentum_crowding_penalty_trend,0.0028870554912885263,1.0032299810830443
2018-04-20,momentum_crowding_penalty_trend,-0.0013174120918978851,1.001908313775011
2018-04-23,momentum_crowding_penalty_trend,-0.0011373349571659318,1.0007688084258797
2018-04-24,momentum_crowding_penalty_trend,0.002003952790029062,1.0027743018716988
2018-04-25,momentum_crowding_penalty_trend,-0.00237984474191838,1.0003878547220586
2018-04-26,momentum_crowding_penalty_trend,-0.00043090974528937616,0.9999567778463897
2018-04-27,momentum_crowding_penalty_trend,0.0011857297909928454,1.0011424563875873
2018-05-02,momentum_crowding_penalty_trend,-0.0011762871779907745,0.9999648253527963
2018-05-03,momentum_crowding_penalty_trend,0.0024150345810654227,1.0023797749858723
2018-05-04,momentum_crowding_penalty_trend,-0.0015021047008055676,1.0008740956138735
2018-05-07,momentum_crowding_penalty_trend,0.004228942029858921,1.0051067341434121
2018-05-08,momentum_crowding_penalty_trend,0.0013691869994307492,1.0064829132168416
2018-05-09,momentum_crowding_penalty_trend,0.0008208268831266126,1.0073090614494176
2018-05-10,momentum_crowding_penalty_trend,0.0021646112089879987,1.009489493934746
2018-05-11,momentum_crowding_penalty_trend,-9.252519372868754e-05,1.0093960907237527
2018-05-14,momentum_crowding_penalty_trend,0.00048060390199391556,1.0098812104236121
2018-05-15,momentum_crowding_penalty_trend,0.000917060605862252,1.010807332698292
2018-05-16,momentum_crowding_penalty_trend,-0.00056664681140145,1.0102345619462774
2018-05-17,momentum_crowding_penalty_trend,0.0007543682297920572,1.0109966508044477
2018-05-18,momentum_crowding_penalty_trend,0.002462724842965008,1.0134864573725382
2018-05-21,momentum_crowding_penalty_trend,0.0019859635574926283,1.0154992045428923
2018-05-22,momentum_crowding_penalty_trend,0.00040242125719694986,1.015907863009467
2018-05-23,momentum_crowding_penalty_trend,-0.004738316382394441,1.0110941701391658
2018-05-24,momentum_crowding_penalty_trend,-0.0014066991551312967,1.0096718648242728
2018-05-25,momentum_crowding_penalty_trend,-0.0003861591141162801,1.009281970831404
2018-05-28,momentum_crowding_penalty_trend,0.00039437828271418965,1.009680009721835
2018-05-29,momentum_crowding_penalty_trend,-0.0018736706292825586,1.0077882019426454
2018-05-30,momentum_crowding_penalty_trend,-0.004480976423988254,1.0032723267693668
2018-05-31,momentum_crowding_penalty_trend,0.004065199637517379,1.007350829068481
2018-06-01,momentum_crowding_penalty_trend,-0.0023427902445366466,1.0049908173733133
2018-06-04,momentum_crowding_penalty_trend,0.000582921178985585,1.0055766478054462
2018-06-05,momentum_crowding_penalty_trend,0.0010452533461700775,1.0066277301613953
2018-06-06,momentum_crowding_penalty_trend,3.901680937602458e-05,1.0066670055636555
2018-06-07,momentum_crowding_penalty_trend,-0.00021165699272364115,1.0064539374525838
2018-06-08,momentum_crowding_penalty_trend,-0.002141042233668744,1.0042990770662557
2018-06-11,momentum_crowding_penalty_trend,0.00048187199380515084,1.0047830206648982
2018-06-12,momentum_crowding_penalty_trend,0.0009374812174020919,1.0057249858743362
2018-06-13,momentum_crowding_penalty_trend,-0.00034438312147496146,1.0053786311643553
2018-06-14,momentum_crowding_penalty_trend,-0.00030684409319879364,1.0050701366699542
2018-06-15,momentum_crowding_penalty_trend,0.0017910276284429701,1.006870245053253
2018-06-19,momentum_crowding_penalty_trend,-0.006755391110856321,1.0000684427500346
2018-06-20,momentum_crowding_penalty_trend,0.002392116578348014,1.0024607230514198
2018-06-21,momentum_crowding_penalty_trend,0.0018941830792717274,1.0043595671906584
2018-06-22,momentum_crowding_penalty_trend,-0.00017297621393755908,1.0041858368752938
2018-06-25,momentum_crowding_penalty_trend,0.0013172475652921476,1.0055085982240186
2018-06-26,momentum_crowding_penalty_trend,-0.002065531175052959,1.0034316888676031
2018-06-27,momentum_crowding_penalty_trend,0.0004403440896388499,1.0038735440811521
2018-06-28,momentum_crowding_penalty_trend,-0.0006890170546313356,1.003181858088587
2018-06-29,momentum_crowding_penalty_trend,0.0034497051965371225,1.006642539757507
2018-07-02,momentum_crowding_penalty_trend,-0.0015396591107623544,1.0050926533998883
2018-07-03,momentum_crowding_penalty_trend,0.0032644976833228864,1.008373776038437
2018-07-04,momentum_crowding_penalty_trend,-0.000716066050314057,1.007651713811389
2018-07-05,momentum_crowding_penalty_trend,-0.001446932838399656,1.0061937094570055
2018-07-06,momentum_crowding_penalty_trend,0.001597340591230556,1.007800943511762
2018-07-09,momentum_crowding_penalty_trend,0.002794883669133854,1.0106176299105207
2018-07-10,momentum_crowding_penalty_trend,0.0018253873881126704,1.0124623985863637
2018-07-11,momentum_crowding_penalty_trend,-0.0013431139371218592,1.0111025462280105
2018-07-12,momentum_crowding_penalty_trend,0.0009272787795078565,1.012040120163034
2018-07-13,momentum_crowding_penalty_trend,-0.0003036908439721653,1.011732772844808
2018-07-16,momentum_crowding_penalty_trend,0.001422438842589281,1.0131719008392228
2018-07-17,momentum_crowding_penalty_trend,-0.002966195724802678,1.0101666346784632
2018-07-18,momentum_crowding_penalty_trend,0.0010999100668023065,1.0112777271290938
2018-07-19,momentum_crowding_penalty_trend,0.0005960355039253074,1.0118804845587916
2018-07-20,momentum_crowding_penalty_trend,0.003139901469042505,1.0150576895787533
2018-07-23,momentum_crowding_penalty_trend,-0.00021157792232828304,1.0148429257817488
2018-07-24,momentum_crowding_penalty_trend,0.0017548290027465997,1.016623801581143
2018-07-25,momentum_crowding_penalty_trend,0.0009148344464547375,1.0175538440539151
2018-07-26,momentum_crowding_penalty_trend,0.0016111886894576767,1.019193315298369
2018-07-27,momentum_crowding_penalty_trend,0.0022379630581992717,1.0214742322871704
2018-07-30,momentum_crowding_penalty_trend,-0.0031093683112901316,1.0182980926784972
2018-07-31,momentum_crowding_penalty_trend,0.00044496750577325834,1.01875120224093
2018-08-01,momentum_crowding_penalty_trend,-0.005087602032264166,1.0135682015540375
2018-08-02,momentum_crowding_penalty_trend,-0.008138444783485072,1.0053193327113938
2018-08-03,momentum_crowding_penalty_trend,-0.0023681733042206056,1.0029385623054499
2018-08-06,momentum_crowding_penalty_trend,-0.0046535856054407245,0.9982713018487638
2018-08-07,momentum_crowding_penalty_trend,0.0019607691750708365,1.0002286814457868
2018-08-08,momentum_crowding_penalty_trend,-0.00149589075066644,0.9987324486126608
2018-08-09,momentum_crowding_penalty_trend,-0.0003664306586096233,0.9983664824237408
2018-08-10,momentum_crowding_penalty_trend,-0.0009567580085720228,0.9974112872961921
2018-08-13,momentum_crowding_penalty_trend,-0.0012439025480438836,0.9961706048544767
2018-08-14,momentum_crowding_penalty_trend,-0.00044695227735960796,0.9957253641339984
2018-08-15,momentum_crowding_penalty_trend,-0.0012462302609782651,0.994484461053591
2018-08-16,momentum_crowding_penalty_trend,-0.0011966657278040913,0.9932943955822144
2018-08-17,momentum_crowding_penalty_trend,5.4736646876496486e-05,0.9933487651867897
2018-08-20,momentum_crowding_penalty_trend,0.0014837579129576052,0.9948226542774623
2018-08-21,momentum_crowding_penalty_trend,0.0006068591123672584,0.9954263714704
2018-08-22,momentum_crowding_penalty_trend,-0.0006010581172430694,0.9948280623697099
2018-08-23,momentum_crowding_penalty_trend,0.0007993067108197804,0.9956232351160739
2018-08-24,momentum_crowding_penalty_trend,-0.00037740894383533896,0.9952474780024508
2018-08-27,momentum_crowding_penalty_trend,0.0028263948873907927,0.9980604403859655
2018-08-28,momentum_crowding_penalty_trend,0.0008178886610770764,0.9988767427032268
2018-08-29,momentum_crowding_penalty_trend,-0.0009664111095837591,0.9979114171219736
2018-08-30,momentum_crowding_penalty_trend,-0.00015097913198708343,0.9977607533224166
2018-08-31,momentum_crowding_penalty_trend,-0.0008847989053262783,0.9968779357000995
2018-09-03,momentum_crowding_penalty_trend,-0.0007956376885661321,0.9960847820435564
2018-09-04,momentum_crowding_penalty_trend,0.002814344408172731,0.9988881076799667
2018-09-05,momentum_crowding_penalty_trend,-0.0025277150513702165,0.9963632031755494
2018-09-06,momentum_crowding_penalty_trend,-0.0018720519070434371,0.9944979595409367
2018-09-07,momentum_crowding_penalty_trend,-0.0020487762179517703,0.9924604557726276
2018-09-10,momentum_crowding_penalty_trend,-0.0014366502554785875,0.9910346372052895
2018-09-11,momentum_crowding_penalty_trend,0.0013410045066266586,0.9923636191200049
2018-09-12,momentum_crowding_penalty_trend,0.0010952689933782958,0.9934505242221837
2018-09-13,momentum_crowding_penalty_trend,0.001606534379882063,0.9950465366440586
2018-09-14,momentum_crowding_penalty_trend,-0.0015013114300171605,0.9935526619051959
2018-09-17,momentum_crowding_penalty_trend,-0.000909536475820154,0.9926489895185449
2018-09-18,momentum_crowding_penalty_trend,0.001056255132652012,0.9936974801086457
2018-09-19,momentum_crowding_penalty_trend,0.0025158619250348906,0.9961974857638541
2018-09-20,momentum_crowding_penalty_trend,0.00019604387456810256,0.9963927841787983
2018-09-21,momentum_crowding_penalty_trend,0.002678760672510061,0.9990618819834293
2018-09-25,momentum_crowding_penalty_trend,0.0009618666860254379,1.000022846324987
2018-09-26,momentum_crowding_penalty_trend,0.002682727745967662,1.0027056353614245
2018-09-27,momentum_crowding_penalty_trend,-0.0006250183819487388,1.0020789259076401
2018-09-28,momentum_crowding_penalty_trend,0.0011446763489186163,1.0032259819538765
2018-10-08,momentum_crowding_penalty_trend,-0.0072142664345858235,0.9959884424259623
2018-10-09,momentum_crowding_penalty_trend,-0.0005654483383203567,0.9954252624162062
2018-10-10,momentum_crowding_penalty_trend,0.0003799563314128285,0.9958034805471095
2018-10-11,momentum_crowding_penalty_trend,-0.014274773360694663,0.9815886115505086
2018-10-12,momentum_crowding_penalty_trend,0.003852416256303059,0.9853700994746476
2018-10-15,momentum_crowding_penalty_trend,-0.003416889663956731,0.9820031985665807
2018-10-16,momentum_crowding_penalty_trend,0.0001641818132512241,0.9821644256323399
2018-10-17,momentum_crowding_penalty_trend,0.0018631968874348813,0.9839943913331274
2018-10-18,momentum_crowding_penalty_trend,-0.0024051127044152298,0.9816277739214587
2018-10-19,momentum_crowding_penalty_trend,0.0004538091951820034,0.9820732456315103
2018-10-22,momentum_crowding_penalty_trend,-0.0002803805933306024,0.9817978913522061
2018-10-23,momentum_crowding_penalty_trend,-0.00237416243198334,0.9794669436827572
2018-10-24,momentum_crowding_penalty_trend,0.0005446295540650793,0.9800003903275165
2018-10-25,momentum_crowding_penalty_trend,-0.0031495012036561465,0.9769138779185964
2018-10-26,momentum_crowding_penalty_trend,-0.00015228048174904528,0.9767651130026396
2018-10-29,momentum_crowding_penalty_trend,-0.0007663638107958025,0.9760165555683865
2018-10-30,momentum_crowding_penalty_trend,0.00295305129911082,0.9788987825257613
2018-10-31,momentum_crowding_penalty_trend,0.0004881378859261875,0.9793766201079993
2018-11-01,momentum_crowding_penalty_trend,0.0006700426599160092,0.980032844223596
2018-11-02,momentum_crowding_penalty_trend,0.00483121129644573,0.9847675899714969
2018-11-05,momentum_crowding_penalty_trend,-0.0009241043522499146,0.9838575619556497
2018-11-06,momentum_crowding_penalty_trend,0.0002939231062325798,0.9841467404263502
2018-11-07,momentum_crowding_penalty_trend,-0.0002298460144605941,0.9839205382204188
2018-11-08,momentum_crowding_penalty_trend,0.0006839049329420313,0.9845934463301308
2018-11-09,momentum_crowding_penalty_trend,-0.0018109772119564104,0.9828103700357853
2018-11-12,momentum_crowding_penalty_trend,0.0012427896464310894,0.9840317965880709
2018-11-13,momentum_crowding_penalty_trend,-0.0004512574180838779,0.9835877449402303
2018-11-14,momentum_crowding_penalty_trend,-0.0005974672899696997,0.9830000834358135
2018-11-15,momentum_crowding_penalty_trend,0.002304783217624051,0.9852656855310393
2018-11-16,momentum_crowding_penalty_trend,0.0008908079958867053,0.9861433680817832
2018-11-19,momentum_crowding_penalty_trend,0.000646052026138242,0.9867804680027952
2018-11-20,momentum_crowding_penalty_trend,-0.007244727252335599,0.9796315126541828
2018-11-21,momentum_crowding_penalty_trend,0.0007934420075278116,0.9804087934482205
2018-11-22,momentum_crowding_penalty_trend,-0.0010265439281952672,0.979402360754157
2018-11-23,momentum_crowding_penalty_trend,-0.008575563042961016,0.9710034340650848
2018-11-26,momentum_crowding_penalty_trend,-0.00026386540919496866,0.9707472198466255
2018-11-27,momentum_crowding_penalty_trend,0.0008799696919839006,0.9716014479786681
2018-11-28,momentum_crowding_penalty_trend,0.00154115257804634,0.973098834055054
2018-11-29,momentum_crowding_penalty_trend,-0.001800541011458512,0.9713467296961354
2018-11-30,momentum_crowding_penalty_trend,0.000930449498890057,0.9722505187740297
2018-12-03,momentum_crowding_penalty_trend,0.003296401121487772,0.9754554464744835
2018-12-04,momentum_crowding_penalty_trend,-0.002824160903278483,0.9727006033396601
2018-12-05,momentum_crowding_penalty_trend,-0.0024917875166015563,0.9702768401188676
2018-12-06,momentum_crowding_penalty_trend,-0.0044820953566071355,0.9659279667991474
2018-12-07,momentum_crowding_penalty_trend,0.0003533098906050469,0.9662692387034295
2018-12-10,momentum_crowding_penalty_trend,-0.0052042815318555135,0.9612405015496452
2018-12-11,momentum_crowding_penalty_trend,0.0022298677557178403,0.9633839407495408
2018-12-12,momentum_crowding_penalty_trend,0.00015848629893226997,0.963536623904761
2018-12-13,momentum_crowding_penalty_trend,0.0031687710438993042,0.9665898508583268
2018-12-14,momentum_crowding_penalty_trend,-0.005412889366940043,0.9613578069324236
2018-12-17,momentum_crowding_penalty_trend,-0.0016334198699171076,0.9597875059884803
2018-12-18,momentum_crowding_penalty_trend,-0.002759611965655373,0.957138864902468
2018-12-19,momentum_crowding_penalty_trend,-0.0012217163920396346,0.9559695126617584
2018-12-20,momentum_crowding_penalty_trend,-0.002649757845936734,0.9534364249451067
2018-12-21,momentum_crowding_penalty_trend,-0.0013485598501872585,0.9521506588627197
2018-12-24,momentum_crowding_penalty_trend,-0.0008993453340397737,0.9512943466103686
2018-12-25,momentum_crowding_penalty_trend,-0.00024922549019740226,0.9510572598105127
2018-12-26,momentum_crowding_penalty_trend,3.690569470753976e-05,0.9510923592393927
2018-12-27,momentum_crowding_penalty_trend,-2.1851255839833156e-05,0.9510715766769237
2018-12-28,momentum_crowding_penalty_trend,0.0007479872698763436,0.9517829661090192
2019-01-02,momentum_crowding_penalty_trend,-0.001040841879745602,0.9507923105374645
2019-01-03,momentum_crowding_penalty_trend,0.00029046832745244786,0.951068485589661
2019-01-04,momentum_crowding_penalty_trend,0.001064366216214474,0.9520807707550288
2019-01-07,momentum_crowding_penalty_trend,0.0009486963025829343,0.9529840062620044
2019-01-08,momentum_crowding_penalty_trend,0.00019640098474766888,0.9531711732592831
2019-01-09,momentum_crowding_penalty_trend,0.0007544095332896239,0.9538902546792468
2019-01-10,momentum_crowding_penalty_trend,-0.0006281367993126119,0.953291081107777
2019-01-11,momentum_crowding_penalty_trend,-3.926481989621197e-05,0.9532536503051686
2019-01-14,momentum_crowding_penalty_trend,-0.001453649540080798,0.9518679535748222
2019-01-15,momentum_crowding_penalty_trend,0.004829916534795576,0.9564653963427353
2019-01-16,momentum_crowding_penalty_trend,-0.0006527096232419815,0.9558411021742445
2019-01-17,momentum_crowding_penalty_trend,-0.002429558438418378,0.9535188303586699
2019-01-18,momentum_crowding_penalty_trend,0.003958784018375361,0.9572936054655139
2019-01-21,momentum_crowding_penalty_trend,0.0010001254606773048,0.9582510191736835
2019-01-22,momentum_crowding_penalty_trend,-0.0031605106185158102,0.9552224566523815
2019-01-23,momentum_crowding_penalty_trend,-0.0016812581924870117,0.9536164810714871
2019-01-24,momentum_crowding_penalty_trend,0.000500974347261912,0.9540942184656301
2019-01-25,momentum_crowding_penalty_trend,0.0007749600761911665,0.9548336033938659
2019-01-28,momentum_crowding_penalty_trend,-0.0006193476140753017,0.954242229479765
2019-01-29,momentum_crowding_penalty_trend,-0.0012692950108143695,0.9530310145787779
2019-01-30,momentum_crowding_penalty_trend,-0.0018687665821290164,0.9512500220670006
2019-01-31,momentum_crowding_penalty_trend,0.002447377596421607,0.9535780900596029
2019-02-01,momentum_crowding_penalty_trend,0.004886222521004102,0.9582374847987881
2019-02-11,momentum_crowding_penalty_trend,0.004838075148869541,0.9628735097607083
2019-02-12,momentum_crowding_penalty_trend,0.0012415117636216774,0.964068928549956
2019-02-13,momentum_crowding_penalty_trend,0.003843581729247136,0.9677744062694653
2019-02-14,momentum_crowding_penalty_trend,0.00037263921600551027,0.9681350369654877
2019-02-15,momentum_crowding_penalty_trend,-0.002849247725270309,0.9653765804136594
2019-02-18,momentum_crowding_penalty_trend,0.006074092861627938,0.9712403674095327
2019-02-19,momentum_crowding_penalty_trend,2.7683369486020148e-05,0.9712672546154835
2019-02-20,momentum_crowding_penalty_trend,-0.0001711833486821967,0.9711009898343731
2019-02-21,momentum_crowding_penalty_trend,-4.230982272102044e-05,0.971059902723649
2019-02-22,momentum_crowding_penalty_trend,0.009597996847558028,0.9803801326087807
2019-02-25,momentum_crowding_penalty_trend,0.016850216518306718,0.9968997501134848
2019-02-26,momentum_crowding_penalty_trend,-0.008856387552192868,0.9880708195757955
2019-02-27,momentum_crowding_penalty_trend,-0.0004060675689179891,0.9876695960601715
2019-02-28,momentum_crowding_penalty_trend,-0.0024479252630547734,0.9852518547044247
2019-03-01,momentum_crowding_penalty_trend,0.010995533473794228,0.9960852244529451
2019-03-04,momentum_crowding_penalty_trend,0.010180912896949128,1.0062262813610388
2019-03-05,momentum_crowding_penalty_trend,0.012994078868296444,1.0193012650203968
2019-03-06,momentum_crowding_penalty_trend,0.01250446188092953,1.0320470788340277
2019-03-07,momentum_crowding_penalty_trend,0.004503602068214896,1.03669500819276
2019-03-08,momentum_crowding_penalty_trend,-0.025179273347754882,1.0105917812032215
2019-03-11,momentum_crowding_penalty_trend,0.018370777212540948,1.029157137668531
2019-03-12,momentum_crowding_penalty_trend,0.012050164936099651,1.041558650922601
2019-03-13,momentum_crowding_penalty_trend,-0.014699040956611897,1.0262487376539762
2019-03-14,momentum_crowding_penalty_trend,-0.014369426356158644,1.0115021319951565
2019-03-15,momentum_crowding_penalty_trend,0.0056220267236988366,1.0171888240123117
2019-03-18,momentum_crowding_penalty_trend,0.01561460230116646,1.033071822964455
2019-03-19,momentum_crowding_penalty_trend,-0.0010123110455954821,1.0320260329471747
2019-03-20,momentum_crowding_penalty_trend,0.0005904725097593099,1.0326354159489861
2019-03-21,momentum_crowding_penalty_trend,-0.0017839967430013704,1.0307931977302254
2019-03-22,momentum_crowding_penalty_trend,0.0037532929339658466,1.0346620665556463
2019-03-25,momentum_crowding_penalty_trend,-0.013163072213928055,1.0210427350565623
2019-03-26,momentum_crowding_penalty_trend,-0.012017416647264256,1.0087724390947252
2019-03-27,momentum_crowding_penalty_trend,0.007647037082203333,1.0164865593439874
2019-03-28,momentum_crowding_penalty_trend,-0.0030817986747040172,1.0133539524125466
2019-03-29,momentum_crowding_penalty_trend,0.026011203520641835,1.039712508307196
2019-04-01,momentum_crowding_penalty_trend,0.01758448241190797,1.0579953146229648
2019-04-02,momentum_crowding_penalty_trend,0.0003128006505315862,1.0583262562456381
2019-04-03,momentum_crowding_penalty_trend,0.003004843446166672,1.061506360960624
2019-04-04,momentum_crowding_penalty_trend,0.0030800285553193806,1.0647758308640358
2019-04-08,momentum_crowding_penalty_trend,0.0052669942412793685,1.07038399903345
2019-04-09,momentum_crowding_penalty_trend,-0.0010736000652198708,1.0692348347022775
2019-04-10,momentum_crowding_penalty_trend,-0.0023171826551686477,1.0667572222890034
2019-04-11,momentum_crowding_penalty_trend,-0.01056017502045592,1.0554920793172962
2019-04-12,momentum_crowding_penalty_trend,-4.9309933139396386e-05,1.055440033073436
2019-04-15,momentum_crowding_penalty_trend,-0.004916813000653786,1.0502506317974099
2019-04-16,momentum_crowding_penalty_trend,0.002036440040131904,1.0523894042361759
2019-04-17,momentum_crowding_penalty_trend,0.000593194631682059,1.0530136759812077
2019-04-18,momentum_crowding_penalty_trend,-0.002196921391593842,1.0507002877108036
2019-04-19,momentum_crowding_penalty_trend,0.0017506007039007952,1.052539644374059
2019-04-22,momentum_crowding_penalty_trend,-0.0007094030007957939,1.0517929695918833
2019-04-23,momentum_crowding_penalty_trend,-0.0029839901575921643,1.0486544297227964
2019-04-24,momentum_crowding_penalty_trend,0.0030649794219420497,1.051868533970625
2019-04-25,momentum_crowding_penalty_trend,-0.014697474757197026,1.0364087227447019
2019-04-26,momentum_crowding_penalty_trend,-0.005178567916583443,1.0310416097846289
2019-04-29,momentum_crowding_penalty_trend,-0.00940085779993401,1.0213489342252284
2019-04-30,momentum_crowding_penalty_trend,0.0021529757772583147,1.023547873740744
2019-05-06,momentum_crowding_penalty_trend,-0.017024920406918706,1.0061220526576369
2019-05-07,momentum_crowding_penalty_trend,0.00636626525393842,1.0125272925226925
2019-05-08,momentum_crowding_penalty_trend,-0.007635776006730567,1.0047958609162877
2019-05-09,momentum_crowding_penalty_trend,-0.004377799739075584,1.0003970658585442
2019-05-10,momentum_crowding_penalty_trend,0.0057284858227529606,1.0061278262674385
2019-05-13,momentum_crowding_penalty_trend,-0.00037398589194849593,1.0057515486549176
2019-05-14,momentum_crowding_penalty_trend,0.0013581169269277328,1.0071174768574296
2019-05-15,momentum_crowding_penalty_trend,0.0003696215750556896,1.0074897292054918
2019-05-16,momentum_crowding_penalty_trend,0.0013417743447955656,1.008841553076785
2019-05-17,momentum_crowding_penalty_trend,0.00023583219578915385,1.0090794703954504
2019-05-20,momentum_crowding_penalty_trend,-0.0014036472979112966,1.0076630787234522
2019-05-21,momentum_crowding_penalty_trend,0.004103927684361097,1.0117984551287338
2019-05-22,momentum_crowding_penalty_trend,-0.002886727439802073,1.0088776687647643
2019-05-23,momentum_crowding_penalty_trend,-0.009508022863742504,0.9992852368234296
2019-05-24,momentum_crowding_penalty_trend,-0.0015476879631019407,0.9977386550906926
2019-05-27,momentum_crowding_penalty_trend,0.009795182408635411,1.0075116872134524
2019-05-28,momentum_crowding_penalty_trend,0.0007262218442516732,1.0082433642090456
2019-05-29,momentum_crowding_penalty_trend,-0.0021172354280642796,1.0061086756382314
2019-05-30,momentum_crowding_penalty_trend,-0.0014870906708492895,1.0046125008128293
2019-05-31,momentum_crowding_penalty_trend,-0.00026458940034633765,1.0043466909936587
2019-06-03,momentum_crowding_penalty_trend,-0.000856986951519338,1.0034859789846755
2019-06-04,momentum_crowding_penalty_trend,-0.0038729122987400727,0.9995995657950525
2019-06-05,momentum_crowding_penalty_trend,0.0009765280534453247,1.0005757028132631
2019-06-06,momentum_crowding_penalty_trend,-0.005974906125949831,0.9945973569170475
2019-06-10,momentum_crowding_penalty_trend,0.0049796457136408595,0.9995500993822181
2019-06-11,momentum_crowding_penalty_trend,0.004147145278968178,1.003695378857963
2019-06-12,momentum_crowding_penalty_trend,0.00042732739652229235,1.0041242853911119
2019-06-13,momentum_crowding_penalty_trend,-0.00017051804083195732,1.0039530640852152
2019-06-14,momentum_crowding_penalty_trend,0.002151853274268445,1.0061134237733789
2019-06-17,momentum_crowding_penalty_trend,-0.003626890695345979,1.0024643603582326
2019-06-18,momentum_crowding_penalty_trend,0.0016207847101277874,1.0040891392659492
2019-06-19,momentum_crowding_penalty_trend,0.006209040933565657,1.0103235698326
2019-06-20,momentum_crowding_penalty_trend,0.013309700192892238,1.0237706736448844
2019-06-21,momentum_crowding_penalty_trend,0.0016447834892758585,1.0254545547457004
2019-06-24,momentum_crowding_penalty_trend,0.0013434049609599753,1.0268321554817847
2019-06-25,momentum_crowding_penalty_trend,-0.001258814665534591,1.025539564105422
2019-06-26,momentum_crowding_penalty_trend,-0.005496427600547505,1.0199027601398194
2019-06-27,momentum_crowding_penalty_trend,0.004627241981119357,1.0246220970081978
2019-06-28,momentum_crowding_penalty_trend,-0.001352078983212568,1.023236727005098
2019-07-01,momentum_crowding_penalty_trend,0.009874493852788187,1.0333406717758569
2019-07-02,momentum_crowding_penalty_trend,0.0012958260327332605,1.0346797015190259
2019-07-03,momentum_crowding_penalty_trend,-0.00024450093543872944,1.034426721364125
2019-07-04,momentum_crowding_penalty_trend,-0.0028378885178013454,1.0314911336490589
2019-07-05,momentum_crowding_penalty_trend,0.002473261351137168,1.0340422808039538
2019-07-08,momentum_crowding_penalty_trend,-0.014649765080828847,1.0188938043065314
2019-07-09,momentum_crowding_penalty_trend,-0.0009472478120896577,1.0179286593796504
2019-07-10,momentum_crowding_penalty_trend,0.00010145616106214126,1.0180319345136661
2019-07-11,momentum_crowding_penalty_trend,0.0026787201417303617,1.0207589571615727
2019-07-12,momentum_crowding_penalty_trend,0.0008653488406908383,1.0216422697417773
2019-07-15,momentum_crowding_penalty_trend,0.005563678071265569,1.0273263584346175
2019-07-16,momentum_crowding_penalty_trend,-0.0024541652209987717,1.024805129815132
2019-07-17,momentum_crowding_penalty_trend,-0.0025819242097532506,1.022159160640183
2019-07-18,momentum_crowding_penalty_trend,-0.005019572674144524,1.017028358448807
2019-07-19,momentum_crowding_penalty_trend,0.005015584483156421,1.0221293501023727
2019-07-22,momentum_crowding_penalty_trend,-0.005037010623939779,1.0169808737068664
2019-07-23,momentum_crowding_penalty_trend,0.002639450798719556,1.0196651446862546
2019-07-24,momentum_crowding_penalty_trend,0.005582216525993311,1.0253571363079015
2019-07-25,momentum_crowding_penalty_trend,0.001661244496913783,1.0270605052079642
2019-07-26,momentum_crowding_penalty_trend,-6.646728037612565e-05,1.0269922392894013
2019-07-29,momentum_crowding_penalty_trend,-0.0012813812771294273,1.0256762706622187
2019-07-30,momentum_crowding_penalty_trend,3.919508059427876e-05,1.0257164721263108
2019-07-31,momentum_crowding_penalty_trend,-0.0009466256491100888,1.0247455026050813
2019-08-01,momentum_crowding_penalty_trend,-0.0064241058040861556,1.018162429074085
2019-08-02,momentum_crowding_penalty_trend,-0.002614257675475684,1.015500690128997
2019-08-05,momentum_crowding_penalty_trend,-0.00246449414663412,1.0129979946222711
2019-08-06,momentum_crowding_penalty_trend,-0.005812742385804427,1.0071096982421954
2019-08-07,momentum_crowding_penalty_trend,-0.00010027117436071063,1.0070087141700426
2019-08-08,momentum_crowding_penalty_trend,0.005905565344777154,1.0129556699343338
2019-08-09,momentum_crowding_penalty_trend,-0.0012900696819125538,1.01164888653543
2019-08-12,momentum_crowding_penalty_trend,0.006295727044018493,1.0180179517894423
2019-08-13,momentum_crowding_penalty_trend,0.0027898057136747654,1.020858024087968
2019-08-14,momentum_crowding_penalty_trend,-0.004778281326454514,1.0159800772545073
2019-08-15,momentum_crowding_penalty_trend,0.0013241386284952414,1.0173253757205816
2019-08-16,momentum_crowding_penalty_trend,0.0016431692984644974,1.0189970135445143
2019-08-19,momentum_crowding_penalty_trend,0.0038928019503778736,1.0229637671062697
2019-08-20,momentum_crowding_penalty_trend,-0.0012773283824753401,1.021657106452301
2019-08-21,momentum_crowding_penalty_trend,0.00018176542895386173,1.021842808394499
2019-08-22,momentum_crowding_penalty_trend,0.0017802890527282235,1.0236619839598928
2019-08-23,momentum_crowding_penalty_trend,-0.0011453788851186197,1.0224895031379666
2019-08-26,momentum_crowding_penalty_trend,-0.0033316090472434025,1.0190829678586009
2019-08-27,momentum_crowding_penalty_trend,0.012831865328814042,1.0321597032610506
2019-08-28,momentum_crowding_penalty_trend,-0.0006249732423261767,1.0315146310647052
2019-08-29,momentum_crowding_penalty_trend,0.0012222528361866547,1.0327754027480922
2019-08-30,momentum_crowding_penalty_trend,0.001019104065118859,1.0338279083593875
2019-09-02,momentum_crowding_penalty_trend,0.016833737876847082,1.0512310963784786
2019-09-03,momentum_crowding_penalty_trend,0.0046328389056490065,1.0561012807006087
2019-09-04,momentum_crowding_penalty_trend,0.008237996417568018,1.0648014392676093
2019-09-05,momentum_crowding_penalty_trend,0.003954822677922576,1.0690125401471093
2019-09-06,momentum_crowding_penalty_trend,-0.009085427002842827,1.0593001047484791
2019-09-09,momentum_crowding_penalty_trend,0.009792786626979013,1.0696736046482174
2019-09-10,momentum_crowding_penalty_trend,-0.0060260540734841,1.0632276936656286
2019-09-11,momentum_crowding_penalty_trend,-0.002808067252887503,1.060242078796683
2019-09-12,momentum_crowding_penalty_trend,0.0025586584154812294,1.0629548761140437
2019-09-16,momentum_crowding_penalty_trend,-0.0006022585789934021,1.062314702420821
2019-09-17,momentum_crowding_penalty_trend,-0.0044558956105751335,1.0575811390012546
2019-09-18,momentum_crowding_penalty_trend,-0.00494407057230175,1.052352383214097
2019-09-19,momentum_crowding_penalty_trend,0.002133369655350159,1.0545974398551814
2019-09-20,momentum_crowding_penalty_trend,-0.0006804852034931306,1.0538798019017181
2019-09-23,momentum_crowding_penalty_trend,-0.0019978441735190233,1.0517743142798994
2019-09-24,momentum_crowding_penalty_trend,-0.0002926121883449873,1.051466552296153
2019-09-25,momentum_crowding_penalty_trend,-0.011471371291142196,1.0394047890745468
2019-09-26,momentum_crowding_penalty_trend,-0.006159176623309892,1.0330029113955226
2019-09-27,momentum_crowding_penalty_trend,0.0007890128606833692,1.033817963977737
2019-09-30,momentum_crowding_penalty_trend,-0.002582532260319794,1.0311480957344663
2019-10-08,momentum_crowding_penalty_trend,-0.0063380188668116086,1.0246126596492244
2019-10-09,momentum_crowding_penalty_trend,-0.0028141576971319584,1.0217292380464937
2019-10-10,momentum_crowding_penalty_trend,0.0008039077326809085,1.0225506140816656
2019-10-11,momentum_crowding_penalty_trend,0.0031148082075511006,1.0257356631270436
2019-10-14,momentum_crowding_penalty_trend,0.0027901869776348854,1.0285976574167963
2019-10-15,momentum_crowding_penalty_trend,-0.0019374022916582192,1.0266048499581228
2019-10-16,momentum_crowding_penalty_trend,-0.0005836623912325977,1.0260056593165452
2019-10-17,momentum_crowding_penalty_trend,-0.0003795305757676726,1.0256162587979238
2019-10-18,momentum_crowding_penalty_trend,-0.00380461910119555,1.0217141795892046
2019-10-21,momentum_crowding_penalty_trend,-0.0003092547511367271,1.0213982096248628
2019-10-22,momentum_crowding_penalty_trend,0.0024083420391084248,1.0238580858717723
2019-10-23,momentum_crowding_penalty_trend,-0.0020029985303209987,1.0218072996305139
2019-10-24,momentum_crowding_penalty_trend,0.0009670029288594285,1.0227953902819866
2019-10-25,momentum_crowding_penalty_trend,0.0030663545900498582,1.0259316436216595
2019-10-28,momentum_crowding_penalty_trend,0.001760718829945005,1.0277380207848206
2019-10-29,momentum_crowding_penalty_trend,-0.0010720752138030033,1.0266362083264542
2019-10-30,momentum_crowding_penalty_trend,0.00010565455464824904,1.0267446771178308
2019-10-31,momentum_crowding_penalty_trend,0.0007068890380431682,1.0274704716749548
2019-11-01,momentum_crowding_penalty_trend,0.0008803482622406823,1.0283750035191974
2019-11-04,momentum_crowding_penalty_trend,0.0010188028323194344,1.0294227148854693
2019-11-05,momentum_crowding_penalty_trend,0.0037781591776924195,1.0333120377634388
2019-11-06,momentum_crowding_penalty_trend,-0.004570422984240319,1.0285893646761526
2019-11-07,momentum_crowding_penalty_trend,0.002018282845302544,1.0306653489457391
2019-11-08,momentum_crowding_penalty_trend,-0.0011395749479835905,1.0294908285343258
2019-11-11,momentum_crowding_penalty_trend,-0.004480261635789948,1.024878440270846
2019-11-12,momentum_crowding_penalty_trend,0.002457110423027853,1.027396679768772
2019-11-13,momentum_crowding_penalty_trend,-0.0023609638925013556,1.024971033304562
2019-11-14,momentum_crowding_penalty_trend,-0.0005769460372702873,1.02437968032858
2019-11-15,momentum_crowding_penalty_trend,-0.0023211774661285323,1.0220019132978415
2019-11-18,momentum_crowding_penalty_trend,0.003005663885136452,1.0250737075391811
2019-11-19,momentum_crowding_penalty_trend,0.00715158433010994,1.0324046086032261
2019-11-20,momentum_crowding_penalty_trend,-0.00407893035294139,1.0281935021086779
2019-11-21,momentum_crowding_penalty_trend,-0.0027372623328960287,1.0253790667644274
2019-11-22,momentum_crowding_penalty_trend,-0.005354441626065909,1.0198887344068472
2019-11-25,momentum_crowding_penalty_trend,-0.004075776596948303,1.0157318957716606
2019-11-26,momentum_crowding_penalty_trend,0.0030466328207827023,1.0188264579024344
2019-11-27,momentum_crowding_penalty_trend,0.0009436948864123385,1.0197879192208985
2019-11-28,momentum_crowding_penalty_trend,0.0026783566304137583,1.0225192749559597
2019-11-29,momentum_crowding_penalty_trend,-0.0019436778272509335,1.0205318269132913
2019-12-02,momentum_crowding_penalty_trend,0.004580434310104216,1.0252063059078382
2019-12-03,momentum_crowding_penalty_trend,-0.00945142536200362,1.0155166450268949
2019-12-04,momentum_crowding_penalty_trend,-0.002758375520963874,1.0127154687721214
2019-12-05,momentum_crowding_penalty_trend,0.002642307976900482,1.0153913749335883
2019-12-06,momentum_crowding_penalty_trend,0.0006803841474148475,1.016082231128515
2019-12-09,momentum_crowding_penalty_trend,0.0020073971962963127,1.018121911750489
2019-12-10,momentum_crowding_penalty_trend,0.003267117492314609,1.0214482356576777
2019-12-11,momentum_crowding_penalty_trend,-0.0024519140876764992,1.0189437323388364
2019-12-12,momentum_crowding_penalty_trend,0.005390464930141037,1.0244363127937959
2019-12-13,momentum_crowding_penalty_trend,0.002840194134808738,1.0273459108008778
2019-12-16,momentum_crowding_penalty_trend,0.005718948633413275,1.0332212492934951
2019-12-17,momentum_crowding_penalty_trend,0.00407815716385328,1.0374348879331468
2019-12-18,momentum_crowding_penalty_trend,-0.0013434181189122207,1.0360411791075057
2019-12-19,momentum_crowding_penalty_trend,-0.0024935893146680876,1.0334577178937272
2019-12-20,momentum_crowding_penalty_trend,-0.002787775948434679,1.0305766693240588
2019-12-23,momentum_crowding_penalty_trend,-0.008091887845072226,1.0222373585001405
2019-12-24,momentum_crowding_penalty_trend,0.01036213597424258,1.0328299210068694
2019-12-25,momentum_crowding_penalty_trend,0.0028092419715958442,1.035731390170482
2019-12-26,momentum_crowding_penalty_trend,0.0059586335746549595,1.041902934006276
2019-12-27,momentum_crowding_penalty_trend,-0.005412903621389065,1.0362632138416576
2019-12-30,momentum_crowding_penalty_trend,0.009224060587036644,1.0458217685102504
2019-12-31,momentum_crowding_penalty_trend,-0.0009986687194060038,1.0447773390239654
2020-01-02,momentum_crowding_penalty_trend,0.0076445101966957545,1.0527641500454108
2020-01-03,momentum_crowding_penalty_trend,0.0032689163327219274,1.0562055479699983
2020-01-06,momentum_crowding_penalty_trend,0.004269155138563544,1.0607146533124938
2020-01-07,momentum_crowding_penalty_trend,0.006783616014661687,1.0679101342216908
2020-01-08,momentum_crowding_penalty_trend,-0.009366992741968182,1.057907027745362
2020-01-09,momentum_crowding_penalty_trend,0.008852116249591502,1.0672717437362238
2020-01-10,momentum_crowding_penalty_trend,-0.0003307813035982821,1.066918710197537
2020-01-13,momentum_crowding_penalty_trend,0.006746358973763969,1.074116526812355
2020-01-14,momentum_crowding_penalty_trend,-0.003437517995103845,1.070424231922599
2020-01-15,momentum_crowding_penalty_trend,-0.0020810214762597475,1.0681966561072591
2020-01-16,momentum_crowding_penalty_trend,0.0020728788298869706,1.0704108983418599
2020-01-17,momentum_crowding_penalty_trend,-0.00216797685248471,1.0680902722916075
2020-01-20,momentum_crowding_penalty_trend,0.00797163287849853,1.0766046958234117
2020-01-21,momentum_crowding_penalty_trend,-0.009098583446952703,1.0668091181590813
2020-01-22,momentum_crowding_penalty_trend,0.009261824687313125,1.0766897171862977
2020-01-23,momentum_crowding_penalty_trend,-0.019816150145057998,1.055353872090894
2020-02-03,momentum_crowding_penalty_trend,-0.05920615858135106,0.9928704233804376
2020-02-04,momentum_crowding_penalty_trend,0.01759445693334031,1.0103394392849923
2020-02-05,momentum_crowding_penalty_trend,0.01333250142765299,1.0238097913016737
2020-02-06,momentum_crowding_penalty_trend,0.016789931311822857,1.0409994873740005
2020-02-07,momentum_crowding_penalty_trend,0.011271383070540476,1.052732991372429
2020-02-10,momentum_crowding_penalty_trend,0.002989963085802465,1.0558806241558392
2020-02-11,momentum_crowding_penalty_trend,0.0013680666324068901,1.0573251392055518
2020-02-12,momentum_crowding_penalty_trend,0.0031059926776945746,1.0606091833458666
2020-02-13,momentum_crowding_penalty_trend,0.004038893514943601,1.0648928708983718
2020-02-14,momentum_crowding_penalty_trend,-0.004514207687108522,1.0600857233146153
2020-02-17,momentum_crowding_penalty_trend,0.0027270060257116946,1.062976583469865
2020-02-18,momentum_crowding_penalty_trend,0.008238309684871449,1.0717337137522565
2020-02-19,momentum_crowding_penalty_trend,-0.00555138620336465,1.0657841060000515
2020-02-20,momentum_crowding_penalty_trend,0.011664142361718444,1.078215563539293
2020-02-21,momentum_crowding_penalty_trend,0.00852611590202015,1.087408554401391
2020-02-24,momentum_crowding_penalty_trend,0.004678563332700423,1.092496064191678
2020-02-25,momentum_crowding_penalty_trend,0.0018171988526851424,1.0944813467860903
2020-02-26,momentum_crowding_penalty_trend,-0.022979432690081528,1.0693307863470696
2020-02-27,momentum_crowding_penalty_trend,-0.003195485733236458,1.065913755075187
2020-02-28,momentum_crowding_penalty_trend,-0.0351710666846305,1.0284244313153725
2020-03-02,momentum_crowding_penalty_trend,0.01870874442401527,1.047664961160265
2020-03-03,momentum_crowding_penalty_trend,0.0028135584578162674,1.0506126277726953
2020-03-04,momentum_crowding_penalty_trend,0.0034728233177577783,1.0542612198043553
2020-03-05,momentum_crowding_penalty_trend,0.003337896948761687,1.057780235113138
2020-03-06,momentum_crowding_penalty_trend,0.0009574861933812958,1.0587930450838903
2020-03-09,momentum_crowding_penalty_trend,-0.017151489816476444,1.040633166953378
2020-03-10,momentum_crowding_penalty_trend,0.018021286817908978,1.0593867157272738
2020-03-11,momentum_crowding_penalty_trend,-0.008584036151350272,1.0502929018612106
2020-03-12,momentum_crowding_penalty_trend,-0.012129970390834289,1.0375528800599307
2020-03-13,momentum_crowding_penalty_trend,-0.0038043272722239835,1.033605689341944
2020-03-16,momentum_crowding_penalty_trend,-0.02954779773561875,1.0030649174948836
2020-03-17,momentum_crowding_penalty_trend,-0.0020629701633350537,1.0009956244982035
2020-03-18,momentum_crowding_penalty_trend,-0.0015727041011655164,0.9994213545743064
2020-03-19,momentum_crowding_penalty_trend,0.0005816934815979035,1.0000027114616319
2020-03-20,momentum_crowding_penalty_trend,0.0030580176899630386,1.0030607374432925
2020-03-23,momentum_crowding_penalty_trend,-0.003355933980916454,0.9996945318295833
2020-03-24,momentum_crowding_penalty_trend,0.0013884425006604755,1.0010825502052534
2020-03-25,momentum_crowding_penalty_trend,0.003350669061568645,1.0044368465343023
2020-03-26,momentum_crowding_penalty_trend,-0.0022570179483577596,1.0021698145436826
2020-03-27,momentum_crowding_penalty_trend,0.000169981225377615,1.0023401645967953
2020-03-30,momentum_crowding_penalty_trend,-0.002064200989775072,1.0002711330369431
2020-03-31,momentum_crowding_penalty_trend,0.0032368845264644894,1.0035088951897395
2020-04-01,momentum_crowding_penalty_trend,-0.0033008627391011283,1.000196450069251
2020-04-02,momentum_crowding_penalty_trend,0.0042007002301802385,1.0043979755272825
2020-04-03,momentum_crowding_penalty_trend,-0.0016451148199951443,1.0027456255325693
2020-04-07,momentum_crowding_penalty_trend,0.0050891622443334965,1.0078487607107
2020-04-08,momentum_crowding_penalty_trend,8.060845467125725e-05,1.0079300018418431
2020-04-09,momentum_crowding_penalty_trend,0.00039671996043710227,1.0083298677922972
2020-04-10,momentum_crowding_penalty_trend,-0.003427828294794327,1.0048734861409925
2020-04-13,momentum_crowding_penalty_trend,-0.002722792807724338,1.002137423840255
2020-04-14,momentum_crowding_penalty_trend,0.007092274572737884,1.0092448576097464
2020-04-15,momentum_crowding_penalty_trend,0.00023008147915601113,1.009477066159416
2020-04-16,momentum_crowding_penalty_trend,0.0027294234426607235,1.0122323565286198
2020-04-17,momentum_crowding_penalty_trend,0.0027437491663400725,1.0150096682129874
2020-04-20,momentum_crowding_penalty_trend,0.0015631918320771123,1.0165963230358173
2020-04-21,momentum_crowding_penalty_trend,-0.002167050971832148,1.0143933069860216
2020-04-22,momentum_crowding_penalty_trend,-0.0029870646408045737,1.011363248606855
2020-04-23,momentum_crowding_penalty_trend,0.004870729396822679,1.0162893253127103
2020-04-24,momentum_crowding_penalty_trend,-0.0008795708151293458,1.0153954268824377
2020-04-27,momentum_crowding_penalty_trend,0.002216822034149389,1.0176463778381253
2020-04-28,momentum_crowding_penalty_trend,-0.00042240739541766765,1.0172165164822065
2020-04-29,momentum_crowding_penalty_trend,-9.924844859094954e-05,1.0171155593210646
2020-04-30,momentum_crowding_penalty_trend,0.0053042964208761855,1.022510641741989
2020-05-06,momentum_crowding_penalty_trend,0.0033854020958101073,1.0259722514115304
2020-05-07,momentum_crowding_penalty_trend,-0.003778113908219513,1.0220960113790252
2020-05-08,momentum_crowding_penalty_trend,0.004306805418380413,1.0264979800189373
2020-05-11,momentum_crowding_penalty_trend,0.001795824713797876,1.028341390460119
2020-05-12,momentum_crowding_penalty_trend,0.0011560592844759633,1.0295302140721714
2020-05-13,momentum_crowding_penalty_trend,8.973671520471336e-05,1.0296226007317861
2020-05-14,momentum_crowding_penalty_trend,-0.006772516449572686,1.0226494647314783
2020-05-15,momentum_crowding_penalty_trend,0.006716979015875235,1.0295185797266757
2020-05-18,momentum_crowding_penalty_trend,-0.0011607450190011465,1.028323571163289
2020-05-19,momentum_crowding_penalty_trend,0.004012294879943002,1.0324495085627923
2020-05-20,momentum_crowding_penalty_trend,-0.002066458666742813,1.0303159943278484
2020-05-21,momentum_crowding_penalty_trend,-0.004176508988374062,1.0260128703166727
2020-05-22,momentum_crowding_penalty_trend,-0.004077894111738374,1.0218288984742405
2020-05-25,momentum_crowding_penalty_trend,-0.0004973759956249133,1.0213206653085036
2020-05-26,momentum_crowding_penalty_trend,0.00565884288876479,1.0271001584925332
2020-05-27,momentum_crowding_penalty_trend,-0.0010712938743400765,1.0259998323844064
2020-05-28,momentum_crowding_penalty_trend,0.002661705177281536,1.0287307414501539
2020-05-29,momentum_crowding_penalty_trend,-0.0011307238802752933,1.027567531034423
2020-06-01,momentum_crowding_penalty_trend,0.004656270627820187,1.0323521635472803
2020-06-02,momentum_crowding_penalty_trend,0.0009257119060559455,1.0333078242363187
2020-06-03,momentum_crowding_penalty_trend,0.0021631492531471986,1.0355430232845866
2020-06-04,momentum_crowding_penalty_trend,0.0001811135034170976,1.035730574109473
2020-06-05,momentum_crowding_penalty_trend,0.002273652413624528,1.0380854654291616
2020-06-08,momentum_crowding_penalty_trend,0.004196770826928255,1.0424420722263328
2020-06-09,momentum_crowding_penalty_trend,0.006775495243175956,1.0495051335279888
2020-06-10,momentum_crowding_penalty_trend,-8.21349166901463e-05,1.0494189325112806
2020-06-11,momentum_crowding_penalty_trend,-0.010288373185005518,1.0386221189061944
2020-06-12,momentum_crowding_penalty_trend,-0.007055658364385721,1.031293956065498
2020-06-15,momentum_crowding_penalty_trend,-0.011766618642546899,1.0191591133761118
2020-06-16,momentum_crowding_penalty_trend,0.02729248311769066,1.0469744962721699
2020-06-17,momentum_crowding_penalty_trend,0.003897465483167506,1.0510550432331474
2020-06-18,momentum_crowding_penalty_trend,-0.004667621404694467,1.0461491162158403
2020-06-19,momentum_crowding_penalty_trend,0.009103800194998348,1.0556730487440433
2020-06-22,momentum_crowding_penalty_trend,-0.002200753708265061,1.0533497723673044
2020-06-23,momentum_crowding_penalty_trend,0.005108496692137821,1.0587308061951068
2020-06-24,momentum_crowding_penalty_trend,0.0017617496841240588,1.0605960248584934
2020-06-29,momentum_crowding_penalty_trend,-0.004719934035893537,1.0555900815824304
2020-06-30,momentum_crowding_penalty_trend,0.013463356482817601,1.0698018671505012
2020-07-01,momentum_crowding_penalty_trend,0.007886303744483602,1.0782386496212657
2020-07-02,momentum_crowding_penalty_trend,0.018080303660039345,1.097733531824409
2020-07-03,momentum_crowding_penalty_trend,0.016873038667945185,1.1162556321539823
2020-07-06,momentum_crowding_penalty_trend,0.040741344300505467,1.161733387190946
2020-07-07,momentum_crowding_penalty_trend,-0.001050487145204837,1.1605130012015468
2020-07-08,momentum_crowding_penalty_trend,0.013575502083936587,1.1762675478677938
2020-07-09,momentum_crowding_penalty_trend,0.014464938614766854,1.1932821857422438
2020-07-10,momentum_crowding_penalty_trend,-0.0028204057756368805,1.1899166457736117
2020-07-13,momentum_crowding_penalty_trend,0.023211891888520395,1.2175368623116596
2020-07-14,momentum_crowding_penalty_trend,-0.002347396160708415,1.2146788209555481
2020-07-15,momentum_crowding_penalty_trend,-0.019971764447713924,1.190419541663797
2020-07-16,momentum_crowding_penalty_trend,-0.04433973764094758,1.1376366515037672
2020-07-17,momentum_crowding_penalty_trend,0.002194065492722708,1.1401327008240882
2020-07-20,momentum_crowding_penalty_trend,0.032192346009419816,1.1768362472256715
2020-07-21,momentum_crowding_penalty_trend,0.012891120829357573,1.1920069854850255
2020-07-22,momentum_crowding_penalty_trend,0.012163355056436797,1.2065057896792328
2020-07-23,momentum_crowding_penalty_trend,0.00031325639931003576,1.2068837353386543
2020-07-24,momentum_crowding_penalty_trend,-0.007042464395388537,1.1983842996031584
2020-07-27,momentum_crowding_penalty_trend,0.009038118926470693,1.2092154394225871
2020-07-28,momentum_crowding_penalty_trend,0.011209572898391196,1.2227702280406547
2020-07-29,momentum_crowding_penalty_trend,0.012574219489192063,1.2381456092728873
2020-07-30,momentum_crowding_penalty_trend,-0.00613914776881237,1.2305444504182548
2020-07-31,momentum_crowding_penalty_trend,0.00926539623260847,1.2419459323332174
2020-08-03,momentum_crowding_penalty_trend,0.016293896837467382,1.262182071232367
2020-08-04,momentum_crowding_penalty_trend,0.002530670082911002,1.2653762376392215
2020-08-05,momentum_crowding_penalty_trend,0.01326258983394535,1.2821584036646514
2020-08-06,momentum_crowding_penalty_trend,0.00277455821136029,1.2857158267918039
2020-08-07,momentum_crowding_penalty_trend,-0.0024705130431885497,1.2825394490718807
2020-08-10,momentum_crowding_penalty_trend,-0.0003917205615401541,1.2820370519986928
2020-08-11,momentum_crowding_penalty_trend,-0.006306802271470758,1.2739514978070379
2020-08-12,momentum_crowding_penalty_trend,-0.024634512919200737,1.2425683231758753
2020-08-13,momentum_crowding_penalty_trend,0.006918421283846388,1.2511649343095688
2020-08-14,momentum_crowding_penalty_trend,0.009727569331459185,1.2633357279531556
2020-08-17,momentum_crowding_penalty_trend,0.014309110472784579,1.281412938448653
2020-08-18,momentum_crowding_penalty_trend,0.00116563310007447,1.2829065957845724
2020-08-19,momentum_crowding_penalty_trend,-0.002031974388446867,1.2802997624391688
2020-08-20,momentum_crowding_penalty_trend,-0.006548051841914837,1.2719162932215258
2020-08-21,momentum_crowding_penalty_trend,0.0031730325471992504,1.2759521250172308
2020-08-24,momentum_crowding_penalty_trend,0.0038859539561334486,1.2809104162252785
2020-08-25,momentum_crowding_penalty_trend,0.0016007721981666006,1.2829608620079138
2020-08-26,momentum_crowding_penalty_trend,-0.010824096496294391,1.2690739698365712
2020-08-27,momentum_crowding_penalty_trend,0.008736179404871081,1.2801608277151153
2020-08-28,momentum_crowding_penalty_trend,0.01354620393903161,1.297502147362104
2020-08-31,momentum_crowding_penalty_trend,0.0007465106274656796,1.2984707465042695
2020-09-01,momentum_crowding_penalty_trend,0.0007723541785046753,1.2994736258109982
2020-09-02,momentum_crowding_penalty_trend,0.008261122088820171,1.3102087360850247
2020-09-03,momentum_crowding_penalty_trend,0.01181242690301151,1.3256854810077163
2020-09-04,momentum_crowding_penalty_trend,-0.023193017063096934,1.2949388350264044
2020-09-07,momentum_crowding_penalty_trend,-0.02052090736762242,1.2683655151460906
2020-09-08,momentum_crowding_penalty_trend,0.01310162440256647,1.2849831637307025
2020-09-09,momentum_crowding_penalty_trend,-0.02145017894396182,1.2574200449287007
2020-09-10,momentum_crowding_penalty_trend,0.00122109884260998,1.2589554790902378
2020-09-11,momentum_crowding_penalty_trend,-0.0006186471571078538,1.2581766298621733
2020-09-14,momentum_crowding_penalty_trend,0.005729454164720697,1.2653852951940912
2020-09-15,momentum_crowding_penalty_trend,0.000485595280394413,1.2659997603213178
2020-09-16,momentum_crowding_penalty_trend,-0.002630702488269432,1.262669291601692
2020-09-17,momentum_crowding_penalty_trend,-0.003012044643432343,1.2588660753254965
2020-09-18,momentum_crowding_penalty_trend,0.009972765774408643,1.2714204518360668
2020-09-21,momentum_crowding_penalty_trend,-0.0023898448125863644,1.2683819542646302
2020-09-22,momentum_crowding_penalty_trend,-0.005307375584418017,1.2616501748488498
2020-09-23,momentum_crowding_penalty_trend,0.0026066863494932924,1.264938901137464
2020-09-24,momentum_crowding_penalty_trend,-0.006900721135125665,1.2562099105277422
2020-09-25,momentum_crowding_penalty_trend,-0.000310265035945434,1.2558201525146973
2020-09-28,momentum_crowding_penalty_trend,0.0009607916047842525,1.2570267339743522
2020-09-29,momentum_crowding_penalty_trend,0.007477302947249409,1.26642590367707
2020-09-30,momentum_crowding_penalty_trend,-0.0016806405008484072,1.2642974970120269
2020-10-09,momentum_crowding_penalty_trend,0.014160347395107737,1.2822003887804823
2020-10-12,momentum_crowding_penalty_trend,0.010442232933978293,1.2955894239081658
2020-10-13,momentum_crowding_penalty_trend,-0.0015389793198294034,1.2935955385777815
2020-10-14,momentum_crowding_penalty_trend,-0.0021403829750554215,1.290826748710402
2020-10-15,momentum_crowding_penalty_trend,-0.0017480572984551524,1.2885703095912775
2020-10-16,momentum_crowding_penalty_trend,0.0003184456460424312,1.2889806491959863
2020-10-19,momentum_crowding_penalty_trend,-0.0006677566279609167,1.2881199238241723
2020-10-20,momentum_crowding_penalty_trend,0.00829259849442854,1.2988017851651201
2020-10-21,momentum_crowding_penalty_trend,-0.009396162084766268,1.286598033075725
2020-10-22,momentum_crowding_penalty_trend,-0.0038566966874551746,1.2816360147034755
2020-10-23,momentum_crowding_penalty_trend,-0.014383057902931273,1.2632021696935134
2020-10-26,momentum_crowding_penalty_trend,-0.0005045685814610065,1.2625647975666527
2020-10-27,momentum_crowding_penalty_trend,0.0015668953998377532,1.264543104539957
2020-10-28,momentum_crowding_penalty_trend,0.004382187128367843,1.2700845690559384
2020-10-29,momentum_crowding_penalty_trend,0.0020631968492179522,1.2727050035370548
2020-10-30,momentum_crowding_penalty_trend,-0.010714741020163366,1.2590682990290891
2020-11-02,momentum_crowding_penalty_trend,0.00019585910265079511,1.259314899016313
2020-11-03,momentum_crowding_penalty_trend,0.005390963052397213,1.2661038191082432
2020-11-04,momentum_crowding_penalty_trend,0.003067619563346757,1.2699877439529677
2020-11-05,momentum_crowding_penalty_trend,0.007378577062723691,1.2793584463904393
2020-11-06,momentum_crowding_penalty_trend,-0.0018449558007748279,1.276998086603501
2020-11-09,momentum_crowding_penalty_trend,0.00863225496761244,1.2880214596802153
2020-11-10,momentum_crowding_penalty_trend,-0.006395213619899987,1.279784287298545
2020-11-11,momentum_crowding_penalty_trend,-0.004132704098600016,1.2744953175291025
2020-11-12,momentum_crowding_penalty_trend,-0.000954373511166773,1.2732789729579466
2020-11-13,momentum_crowding_penalty_trend,-0.0020740248507469254,1.2706381607260984
2020-11-16,momentum_crowding_penalty_trend,0.00614258687344392,1.2784431660130715
2020-11-17,momentum_crowding_penalty_trend,-0.0010837217362542177,1.2770576893654975
2020-11-18,momentum_crowding_penalty_trend,-0.0025382814422817315,1.2738161575318578
2020-11-19,momentum_crowding_penalty_trend,0.0017478287381749282,1.2760425700191436
2020-11-20,momentum_crowding_penalty_trend,0.0015437699502424242,1.2780124861939695
2020-11-23,momentum_crowding_penalty_trend,0.004788771817692452,1.2841325963705141
2020-11-24,momentum_crowding_penalty_trend,0.009883408523074611,1.2968242034182405
2020-11-25,momentum_crowding_penalty_trend,-0.0017721984113419856,1.2945259736251529
2020-11-26,momentum_crowding_penalty_trend,-8.446634527593553e-05,1.294416629747296
2020-11-27,momentum_crowding_penalty_trend,0.006311811845585758,1.3025867439640584
2020-11-30,momentum_crowding_penalty_trend,-0.00452119732229854,1.2966974922651866
2020-12-01,momentum_crowding_penalty_trend,-0.0032843289169780417,1.292438711194767
2020-12-02,momentum_crowding_penalty_trend,-0.0021805772658670015,1.2896204487236094
2020-12-03,momentum_crowding_penalty_trend,5.2556611675569614e-05,1.2896882268047418
2020-12-04,momentum_crowding_penalty_trend,0.0023050423292416806,1.2926610127590514
2020-12-07,momentum_crowding_penalty_trend,0.0004347486086653703,1.2932229953358243
2020-12-08,momentum_crowding_penalty_trend,0.0010607767944531333,1.2945948162793297
2020-12-09,momentum_crowding_penalty_trend,-0.00898642898091212,1.2829610319037785
2020-12-10,momentum_crowding_penalty_trend,-0.0032153933416531836,1.2788358075441946
2020-12-11,momentum_crowding_penalty_trend,-0.00698007130157864,1.2699094424245243
2020-12-14,momentum_crowding_penalty_trend,0.005032447749640952,1.2763001953403013
2020-12-15,momentum_crowding_penalty_trend,-0.004366962413514274,1.2707266403588893
2020-12-16,momentum_crowding_penalty_trend,0.00505460608542857,1.2771496629681636
2020-12-17,momentum_crowding_penalty_trend,0.004961124093898217,1.283485760932629
2020-12-18,momentum_crowding_penalty_trend,-0.0013565647391691638,1.281744629406122
2020-12-21,momentum_crowding_penalty_trend,0.0046884391286292825,1.2877540110795402
2020-12-22,momentum_crowding_penalty_trend,-0.011700119228650819,1.2726871356127363
2020-12-23,momentum_crowding_penalty_trend,0.003618917330251659,1.2772928851437935
2020-12-24,momentum_crowding_penalty_trend,0.004168688839059909,1.2826175217383031
2020-12-25,momentum_crowding_penalty_trend,0.0005974727888386046,1.2833838508060296
2020-12-28,momentum_crowding_penalty_trend,0.0049744041427161835,1.2897679207501742
2020-12-29,momentum_crowding_penalty_trend,-0.005551541723553444,1.2826077203244288
2020-12-30,momentum_crowding_penalty_trend,0.01099331916875651,1.2967078363622666
2020-12-31,momentum_crowding_penalty_trend,0.009844859051960708,1.309473742242826
2021-01-04,momentum_crowding_penalty_trend,0.015869788464409982,1.3302548135319188
2021-01-05,momentum_crowding_penalty_trend,0.00520130095646173,1.33717386916588
2021-01-06,momentum_crowding_penalty_trend,0.0013308538128314674,1.338953452108078
2021-01-07,momentum_crowding_penalty_trend,0.004281413540379664,1.3446860655478716
2021-01-08,momentum_crowding_penalty_trend,-0.0022104217186860735,1.34171374226377
2021-01-11,momentum_crowding_penalty_trend,-0.013780111461307115,1.3232247773462078
2021-01-12,momentum_crowding_penalty_trend,0.019159258444699123,1.3485767828358133
2021-01-13,momentum_crowding_penalty_trend,0.0039301879647125615,1.3538769430772055
2021-01-14,momentum_crowding_penalty_trend,-0.01583813355256458,1.332434059239011
2021-01-15,momentum_crowding_penalty_trend,-0.0017442699424575438,1.3301099345591736
2021-01-18,momentum_crowding_penalty_trend,-7.107535848211843e-06,1.3301004807551318
2021-01-19,momentum_crowding_penalty_trend,0.0006529973766132508,1.3309690328796968
2021-01-20,momentum_crowding_penalty_trend,0.0053420726911446725,1.3380791662030027
2021-01-21,momentum_crowding_penalty_trend,0.002697754926757233,1.3416889758660182
2021-01-22,momentum_crowding_penalty_trend,-0.009010532947981842,1.3295996431430335
2021-01-25,momentum_crowding_penalty_trend,0.00378911277832414,1.334637646140922
2021-01-26,momentum_crowding_penalty_trend,-0.017131563822954516,1.3117732161255409
2021-01-27,momentum_crowding_penalty_trend,0.0005111756352621959,1.312443762632614
2021-01-28,momentum_crowding_penalty_trend,-0.018248484172611507,1.28849365340277
2021-01-29,momentum_crowding_penalty_trend,-0.010564767424201794,1.2748810176270098
2021-02-01,momentum_crowding_penalty_trend,0.003572517278366644,1.279435552090344
2021-02-02,momentum_crowding_penalty_trend,0.003008468183183167,1.2832846932412412
2021-02-03,momentum_crowding_penalty_trend,-0.0008416043262799103,1.2822046752915606
2021-02-04,momentum_crowding_penalty_trend,0.005766622651635878,1.2895986658161305
2021-02-05,momentum_crowding_penalty_trend,0.003220471607421749,1.2937517817043602
2021-02-08,momentum_crowding_penalty_trend,0.0039724284019481155,1.2988911180270737
2021-02-09,momentum_crowding_penalty_trend,0.007889708678844809,1.3091389905538462
2021-02-10,momentum_crowding_penalty_trend,0.003330152513617125,1.3134986230539132
2021-02-18,momentum_crowding_penalty_trend,0.0018278886497581164,1.3158995522784662
2021-02-19,momentum_crowding_penalty_trend,-0.002184338514968898,1.313025182204594
2021-02-22,momentum_crowding_penalty_trend,-0.0053938660210719885,1.305942900289489
2021-02-23,momentum_crowding_penalty_trend,-0.0033829854315611816,1.3015249144833587
2021-02-24,momentum_crowding_penalty_trend,-0.01520967352376992,1.2817291454510142
2021-02-25,momentum_crowding_penalty_trend,0.010915483314303078,1.2957198385516406
2021-02-26,momentum_crowding_penalty_trend,-0.023452303242422815,1.2653322239807043
2021-03-01,momentum_crowding_penalty_trend,0.009166106211775629,1.2769303935388936
2021-03-02,momentum_crowding_penalty_trend,-0.0050417348120643905,1.2704924491212055
2021-03-03,momentum_crowding_penalty_trend,0.012064714050289882,1.2858205772229052
2021-03-04,momentum_crowding_penalty_trend,-0.007130412062167369,1.276652146669292
2021-03-05,momentum_crowding_penalty_trend,-0.005043285529944708,1.270213625371222
2021-03-08,momentum_crowding_penalty_trend,0.005747803949990966,1.277514564264463
2021-03-09,momentum_crowding_penalty_trend,0.0016695479506995913,1.2796474360872196
2021-03-10,momentum_crowding_penalty_trend,-0.002841867109193719,1.2760108481272392
2021-03-11,momentum_crowding_penalty_trend,0.013155822335583049,1.2927978201434778
2021-03-12,momentum_crowding_penalty_trend,0.0017087180038025346,1.2950068470540335
2021-03-15,momentum_crowding_penalty_trend,0.0031247164960659475,1.2990533763115415
2021-03-16,momentum_crowding_penalty_trend,-0.00430381238502543,1.2934624943017627
2021-03-17,momentum_crowding_penalty_trend,-0.0012104026279867283,1.2918968838994576
2021-03-18,momentum_crowding_penalty_trend,0.001847507686722938,1.2942836733229153
2021-03-19,momentum_crowding_penalty_trend,-0.01280457009683027,1.277710927302669
2021-03-22,momentum_crowding_penalty_trend,0.004776308973631767,1.283813669470452
2021-03-23,momentum_crowding_penalty_trend,-0.005910438185368017,1.2762257681355165
2021-03-24,momentum_crowding_penalty_trend,-0.009559807170870162,1.2640252958856453
2021-03-25,momentum_crowding_penalty_trend,0.0028766553966388057,1.2676614610745427
2021-03-26,momentum_crowding_penalty_trend,0.007178707982951527,1.2767616325248385
2021-03-29,momentum_crowding_penalty_trend,0.008250411262238386,1.2872954410770152
2021-03-30,momentum_crowding_penalty_trend,-0.0009091483878304608,1.2861250985020984
2021-03-31,momentum_crowding_penalty_trend,-0.001494552192869736,1.2842029174158274
2021-04-01,momentum_crowding_penalty_trend,0.008452481605292985,1.295057618952748
2021-04-02,momentum_crowding_penalty_trend,0.002460321515739217,1.2982438770767797
2021-04-06,momentum_crowding_penalty_trend,0.0004362987244406217,1.298810299224361
2021-04-07,momentum_crowding_penalty_trend,-0.003522330802464547,1.294235459700845
2021-04-08,momentum_crowding_penalty_trend,0.004624255818795709,1.3002203355562583
2021-04-09,momentum_crowding_penalty_trend,-0.006632740660463998,1.291596311269052
2021-04-12,momentum_crowding_penalty_trend,-0.007157310922453961,1.282351954883005
2021-04-13,momentum_crowding_penalty_trend,-0.0011782101695210104,1.2808410747688566
2021-04-14,momentum_crowding_penalty_trend,0.007585888519965023,1.2905573923738454
2021-04-15,momentum_crowding_penalty_trend,0.001067671620829891,1.2919352838767353
2021-04-16,momentum_crowding_penalty_trend,0.005426266212073039,1.2989456686558205
2021-04-19,momentum_crowding_penalty_trend,0.010754575383935566,1.312915277769016
2021-04-20,momentum_crowding_penalty_trend,-0.0018176730711205956,1.3105288270239526
2021-04-21,momentum_crowding_penalty_trend,-0.0012757227816525326,1.3088569555433056
2021-04-22,momentum_crowding_penalty_trend,0.001999923530075254,1.311474569366199
2021-04-23,momentum_crowding_penalty_trend,-0.0005373807516425244,1.310769808176353
2021-04-26,momentum_crowding_penalty_trend,0.0006120808371884018,1.3115721052579028
2021-04-27,momentum_crowding_penalty_trend,-9.778993240020466e-05,1.3114438467103917
2021-04-28,momentum_crowding_penalty_trend,0.006718120910415282,1.3202542850398122
2021-04-29,momentum_crowding_penalty_trend,0.00379014640159987,1.3252582420674528
2021-04-30,momentum_crowding_penalty_trend,-0.004464446321026761,1.3193416977842445
2021-05-06,momentum_crowding_penalty_trend,0.004759612116185804,1.3256212525144073
2021-05-07,momentum_crowding_penalty_trend,-0.00852622225284937,1.3143187110923689
2021-05-10,momentum_crowding_penalty_trend,0.006562992602369662,1.322944575070424
2021-05-11,momentum_crowding_penalty_trend,-0.0037315798269722572,1.3180079017818889
2021-05-12,momentum_crowding_penalty_trend,0.0021096169172911314,1.3207883935486113
2021-05-13,momentum_crowding_penalty_trend,-0.00495430533606643,1.314244804562639
2021-05-14,momentum_crowding_penalty_trend,0.0030999295868393336,1.3183188709166525
2021-05-17,momentum_crowding_penalty_trend,0.0034437506933696193,1.322858832442454
2021-05-18,momentum_crowding_penalty_trend,0.00961745451555307,1.3355813670939671
2021-05-19,momentum_crowding_penalty_trend,-0.009891566039935762,1.3223703757996494
2021-05-20,momentum_crowding_penalty_trend,-0.006552455196050133,1.3137056031596384
2021-05-21,momentum_crowding_penalty_trend,-0.0035640835494654796,1.3090234466305766
2021-05-24,momentum_crowding_penalty_trend,0.0013742748986644562,1.3108224046950443
2021-05-25,momentum_crowding_penalty_trend,0.02199150638949288,1.3396493639833857
2021-05-26,momentum_crowding_penalty_trend,-0.005239336638933068,1.3326304899873442
2021-05-27,momentum_crowding_penalty_trend,0.006810490023484573,1.3417063566443945
2021-05-28,momentum_crowding_penalty_trend,0.005402909853369875,1.3489554751390376
2021-05-31,momentum_crowding_penalty_trend,0.01474694785166884,1.3688484511851362
2021-06-01,momentum_crowding_penalty_trend,0.004650633081506695,1.3752144630757868
2021-06-02,momentum_crowding_penalty_trend,-0.012749276374054295,1.3576814738124368
2021-06-03,momentum_crowding_penalty_trend,-0.003413065019398687,1.353047618666682
2021-06-04,momentum_crowding_penalty_trend,0.007735654748872213,1.3635143279034712
2021-06-07,momentum_crowding_penalty_trend,0.005680104218926197,1.371259231389962
2021-06-08,momentum_crowding_penalty_trend,-0.0023516254565124186,1.3680345432739478
2021-06-09,momentum_crowding_penalty_trend,0.008156153858047101,1.3791924434920133
2021-06-10,momentum_crowding_penalty_trend,0.007050884549275872,1.3889169701823092
2021-06-11,momentum_crowding_penalty_trend,0.003198501857126835,1.3933594236908322
2021-06-15,momentum_crowding_penalty_trend,-0.007743254566845431,1.382570286970081
2021-06-16,momentum_crowding_penalty_trend,-0.01852549104060073,1.356957493505816
2021-06-17,momentum_crowding_penalty_trend,0.020261043915054112,1.3844508688725992
2021-06-18,momentum_crowding_penalty_trend,0.00800072375316807,1.3955274778242823
2021-06-21,momentum_crowding_penalty_trend,0.007900092586009788,1.4065522741054148
2021-06-22,momentum_crowding_penalty_trend,0.002629041236036567,1.410250158034679
2021-06-23,momentum_crowding_penalty_trend,0.013850041257614,1.4297821809070157
2021-06-24,momentum_crowding_penalty_trend,-0.005916494053146759,1.4213228831363842
2021-06-25,momentum_crowding_penalty_trend,0.006723226689080275,1.4308787590780871
2021-06-28,momentum_crowding_penalty_trend,0.007714141379797475,1.4419167601229645
2021-06-29,momentum_crowding_penalty_trend,-0.0063740541360699735,1.4327259046342342
2021-06-30,momentum_crowding_penalty_trend,0.01417944731956509,1.4530411661223717
2021-07-01,momentum_crowding_penalty_trend,-0.010333884182797237,1.4380256069988264
2021-07-02,momentum_crowding_penalty_trend,-0.008530926995628307,1.4257579155276754
2021-07-05,momentum_crowding_penalty_trend,0.010240592739968163,1.4403585216863803
2021-07-06,momentum_crowding_penalty_trend,-0.003073274336121719,1.4359319048068675
2021-07-07,momentum_crowding_penalty_trend,0.004899554807117205,1.4429673318737568
2021-07-08,momentum_crowding_penalty_trend,0.0035976283195236344,1.4481585920110533
2021-07-09,momentum_crowding_penalty_trend,-0.0010319358737458815,1.4466641852090838
2021-07-12,momentum_crowding_penalty_trend,0.005706300913001308,1.4549192863699487
2021-07-13,momentum_crowding_penalty_trend,-0.0014402718406479407,1.4528238070913744
2021-07-14,momentum_crowding_penalty_trend,-0.0031984139339658302,1.4481770751831762
2021-07-15,momentum_crowding_penalty_trend,0.0018712234068750035,1.4508869380235587
2021-07-16,momentum_crowding_penalty_trend,-0.00349350885343744,1.4458182516602367
2021-07-19,momentum_crowding_penalty_trend,-0.0015339357955604658,1.4436004592901404
2021-07-20,momentum_crowding_penalty_trend,-0.0010973630027494297,1.4420163055553632
2021-07-21,momentum_crowding_penalty_trend,0.010560343602272804,1.4572444932221078
2021-07-22,momentum_crowding_penalty_trend,0.005905869688103438,1.465850789302784
2021-07-23,momentum_crowding_penalty_trend,-0.0038992536424808937,1.4601350652732614
2021-07-26,momentum_crowding_penalty_trend,-0.01384926402476792,1.4399132692424703
2021-07-27,momentum_crowding_penalty_trend,-0.01937229548337717,1.4120188439202697
2021-07-28,momentum_crowding_penalty_trend,-0.015548369239179339,1.3900642535623182
2021-07-29,momentum_crowding_penalty_trend,0.03919254800028493,1.4445444135435397
2021-07-30,momentum_crowding_penalty_trend,0.005605102363330106,1.452641232849828
2021-08-02,momentum_crowding_penalty_trend,0.006616716134967613,1.4622529475335444
2021-08-03,momentum_crowding_penalty_trend,-0.0038890329595321457,1.4565661976254134
2021-08-04,momentum_crowding_penalty_trend,0.002443179923103696,1.4601248509161233
2021-08-05,momentum_crowding_penalty_trend,0.00030587093393689524,1.4605714606679376
2021-08-06,momentum_crowding_penalty_trend,0.0009237126614030275,1.4619206090190404
2021-08-09,momentum_crowding_penalty_trend,-0.0021731234296898335,1.4587436750912348
2021-08-10,momentum_crowding_penalty_trend,0.0024582371737414516,1.4623296130203043
2021-08-11,momentum_crowding_penalty_trend,0.001926453416508034,1.465146722899368
2021-08-12,momentum_crowding_penalty_trend,-0.0007305063728266488,1.4640764238811639
2021-08-13,momentum_crowding_penalty_trend,-0.001170951246870681,1.4623620617671063
2021-08-16,momentum_crowding_penalty_trend,-0.0025538903697453225,1.4586273493804784
2021-08-17,momentum_crowding_penalty_trend,-0.004730366882120682,1.4517275068736135
2021-08-18,momentum_crowding_penalty_trend,0.006306256266015794,1.4608824725603828
2021-08-19,momentum_crowding_penalty_trend,-0.0027529581995884146,1.4568607241789127
2021-08-20,momentum_crowding_penalty_trend,-0.0011985831099294668,1.4551145555213922
2021-08-23,momentum_crowding_penalty_trend,0.005062394586581006,1.4624809195701192
2021-08-24,momentum_crowding_penalty_trend,0.0021565701698521085,1.465634862295242
2021-08-25,momentum_crowding_penalty_trend,-0.0009622608662107144,1.464224539223101
2021-08-26,momentum_crowding_penalty_trend,-0.0009125594572269875,1.462888347272329
2021-08-27,momentum_crowding_penalty_trend,9.134817833028245e-05,1.4630219794579529
2021-08-30,momentum_crowding_penalty_trend,0.0003902089261861931,1.463592863693544
2021-08-31,momentum_crowding_penalty_trend,0.003234648207916313,1.4683270717272097
2021-09-01,momentum_crowding_penalty_trend,-0.005335929081331078,1.4604921826042747
2021-09-02,momentum_crowding_penalty_trend,0.0047512492839920355,1.4674313450411494
2021-09-03,momentum_crowding_penalty_trend,-0.003704881398295638,1.4619946859476305
2021-09-06,momentum_crowding_penalty_trend,0.0037597142599788656,1.467491368216401
2021-09-07,momentum_crowding_penalty_trend,0.005762915231893151,1.4759483965749671
2021-09-08,momentum_crowding_penalty_trend,0.0016030774928953884,1.4783144562301915
2021-09-09,momentum_crowding_penalty_trend,0.002880216028188409,1.4825723212217283
2021-09-10,momentum_crowding_penalty_trend,-0.00031963844614926935,1.4820984341086691
2021-09-13,momentum_crowding_penalty_trend,0.003107594335231912,1.4867041948067612
2021-09-14,momentum_crowding_penalty_trend,-0.004721409131607506,1.4796848560454015
2021-09-15,momentum_crowding_penalty_trend,-0.0002453983953653113,1.4793217437560815
2021-09-16,momentum_crowding_penalty_trend,-0.003961574488577388,1.4734613004756196
2021-09-17,momentum_crowding_penalty_trend,-0.0019581922589426413,1.4705759799631766
2021-09-22,momentum_crowding_penalty_trend,0.001631274459323981,1.4729748929997857
2021-09-23,momentum_crowding_penalty_trend,0.0009736264283026431,1.4744090202838365
2021-09-24,momentum_crowding_penalty_trend,0.0006698566724018177,1.4753966630039228
2021-09-27,momentum_crowding_penalty_trend,0.00044105526067637674,1.4760473944637251
2021-09-28,momentum_crowding_penalty_trend,0.0016280542985598926,1.4784504797691598
2021-09-29,momentum_crowding_penalty_trend,-0.0030274183933001113,1.4739745915931233
2021-09-30,momentum_crowding_penalty_trend,0.0006122652008938319,1.4748770549425574
2021-10-08,momentum_crowding_penalty_trend,0.001968689539015405,1.4777806299719567
2021-10-11,momentum_crowding_penalty_trend,0.00012104575301073942,1.4779595090410964
2021-10-12,momentum_crowding_penalty_trend,-0.002919240798850076,1.4736449893432553
2021-10-13,momentum_crowding_penalty_trend,0.0024471273712223275,1.4772511863321418
2021-10-14,momentum_crowding_penalty_trend,5.112973458088298e-05,1.4773267177932083
2021-10-15,momentum_crowding_penalty_trend,0.0016862849116672093,1.4798179115470258
2021-10-18,momentum_crowding_penalty_trend,-0.0025114726543776712,1.4761013893287172
2021-10-19,momentum_crowding_penalty_trend,0.0020145496101147756,1.479075068807079
2021-10-20,momentum_crowding_penalty_trend,-0.0016226773728088822,1.4766750071602401
2021-10-21,momentum_crowding_penalty_trend,0.0003989397726830157,1.4772641115519232
2021-10-22,momentum_crowding_penalty_trend,2.4494759763116122e-05,1.4773002967814424
2021-10-25,momentum_crowding_penalty_trend,0.0007930201080680796,1.4784718256224452
2021-10-26,momentum_crowding_penalty_trend,0.0006013027093429916,1.4793608347368792
2021-10-27,momentum_crowding_penalty_trend,-0.0007719678225624697,1.478218815774503
2021-10-28,momentum_crowding_penalty_trend,-0.003420315963464079,1.4731628403614168
2021-10-29,momentum_crowding_penalty_trend,0.004271225172805301,1.4794550505688095
2021-11-01,momentum_crowding_penalty_trend,0.0010755905848688822,1.4810463384919381
2021-11-02,momentum_crowding_penalty_trend,0.0002499624316902797,1.4814165444361536
2021-11-03,momentum_crowding_penalty_trend,-0.0005716086734023091,1.480569753890432
2021-11-04,momentum_crowding_penalty_trend,0.002899359623174091,1.484862458054155
2021-11-05,momentum_crowding_penalty_trend,-0.00026473693945471656,1.4844693601114984
2021-11-08,momentum_crowding_penalty_trend,0.000900604669882695,1.4858062801495127
2021-11-09,momentum_crowding_penalty_trend,0.003853091385647186,1.4915312275282973
2021-11-10,momentum_crowding_penalty_trend,-0.001124724989083529,1.4898536650846976
2021-11-11,momentum_crowding_penalty_trend,0.001918915275582822,1.4927125680410116
2021-11-12,momentum_crowding_penalty_trend,0.0014571753532072371,1.4948877120045838
2021-11-15,momentum_crowding_penalty_trend,-0.0007329198532998322,1.4937920791220016
2021-11-16,momentum_crowding_penalty_trend,-0.003691540426849598,1.488277685272615
2021-11-17,momentum_crowding_penalty_trend,0.0033540556954152925,1.493269451519263
2021-11-18,momentum_crowding_penalty_trend,-0.0007342837625860189,1.4921729680078468
2021-11-19,momentum_crowding_penalty_trend,0.0024442711463620167,1.4958202433389296
2021-11-22,momentum_crowding_penalty_trend,0.005873150780026259,1.5046054211678748
2021-11-23,momentum_crowding_penalty_trend,-0.0015858842302694854,1.5022192911576666
2021-11-24,momentum_crowding_penalty_trend,-0.0003738096437090147,1.5016577470996662
2021-11-25,momentum_crowding_penalty_trend,-0.00046714445652984064,1.5009562560075034
2021-11-26,momentum_crowding_penalty_trend,-0.0015579635517812755,1.4986178208678256
2021-11-29,momentum_crowding_penalty_trend,0.0014024116438057653,1.5007194999494256
2021-11-30,momentum_crowding_penalty_trend,0.0007968180583306319,1.5019153003474741
2021-12-01,momentum_crowding_penalty_trend,0.0005658312493047934,1.5027651309582197
2021-12-02,momentum_crowding_penalty_trend,-0.0014571678709003925,1.500575349891878
2021-12-03,momentum_crowding_penalty_trend,0.0029932221475794294,1.5050669052632861
2021-12-06,momentum_crowding_penalty_trend,-0.0038649952788469334,1.4992498287800946
2021-12-07,momentum_crowding_penalty_trend,-0.0034754157475164306,1.494039312315691
2021-12-08,momentum_crowding_penalty_trend,0.0031897194116761803,1.4988048785119916
2021-12-09,momentum_crowding_penalty_trend,0.001894376855979063,1.5016441797854734
2021-12-10,momentum_crowding_penalty_trend,0.0009182856673207839,1.5030231181131861
2021-12-13,momentum_crowding_penalty_trend,-0.00013160719701353364,1.5028253094535646
2021-12-14,momentum_crowding_penalty_trend,-0.010562423774575381,1.4869518316759587
2021-12-15,momentum_crowding_penalty_trend,-0.002828438161531521,1.4827460803708872
2021-12-16,momentum_crowding_penalty_trend,0.014531552420132212,1.504292682763542
2021-12-17,momentum_crowding_penalty_trend,-0.011984916976295557,1.4862638598525721
2021-12-20,momentum_crowding_penalty_trend,-0.014082600835108351,1.4653333991786208
2021-12-21,momentum_crowding_penalty_trend,0.0023982735770978693,1.4688476695515098
2021-12-22,momentum_crowding_penalty_trend,0.0011195891963986628,1.470492175533495
2021-12-23,momentum_crowding_penalty_trend,0.0017964568818772217,1.4731338513219785
2021-12-24,momentum_crowding_penalty_trend,-0.003657117028455182,1.467746428429115
2021-12-27,momentum_crowding_penalty_trend,-0.001461465504377578,1.4656013676547925
2021-12-28,momentum_crowding_penalty_trend,-0.0005640759055346594,1.46477465723618
2021-12-29,momentum_crowding_penalty_trend,-0.0022795066626769005,1.4614356936456898
2021-12-30,momentum_crowding_penalty_trend,0.00045691508537469826,1.4621034456604214
2021-12-31,momentum_crowding_penalty_trend,-0.0005480241301821418,1.461302177691377
2022-01-04,momentum_crowding_penalty_trend,0.0014301218076649782,1.4633920178032818
2022-01-05,momentum_crowding_penalty_trend,-0.00020991555588825163,1.463084829054382
2022-01-06,momentum_crowding_penalty_trend,-0.0054989746590420625,1.4550393626553833
2022-01-07,momentum_crowding_penalty_trend,0.0017463968058653765,1.457580438750733
2022-01-10,momentum_crowding_penalty_trend,-0.0007050164617479981,1.4565528205470917
2022-01-11,momentum_crowding_penalty_trend,1.89167769076071e-05,1.4565803738318521
2022-01-12,momentum_crowding_penalty_trend,0.0027688655546913945,1.4606134490565945
2022-01-13,momentum_crowding_penalty_trend,0.00031338260169989636,1.4610711798993377
2022-01-14,momentum_crowding_penalty_trend,-0.0009056677963033813,1.4597479347835958
2022-01-17,momentum_crowding_penalty_trend,-0.0012335113774590207,1.457947319097818
2022-01-18,momentum_crowding_penalty_trend,0.0006771248600406048,1.4589345314722086
2022-01-19,momentum_crowding_penalty_trend,-0.0025522624996214788,1.4552109475781292
2022-01-20,momentum_crowding_penalty_trend,0.002438359190087824,1.4587592745656728
2022-01-21,momentum_crowding_penalty_trend,-0.002362706168879576,1.455312655028746
2022-01-24,momentum_crowding_penalty_trend,-0.0019187568354353496,1.452520263924214
2022-01-25,momentum_crowding_penalty_trend,-0.003531066146468305,1.4473913187932121
2022-01-26,momentum_crowding_penalty_trend,0.00019710119445952212,1.4476766013509965
2022-01-27,momentum_crowding_penalty_trend,-0.002876281681757157,1.4435126756614223
2022-01-28,momentum_crowding_penalty_trend,-9.024169158456204e-05,1.443382410635747
2022-02-07,momentum_crowding_penalty_trend,0.0049225867839788814,1.45048758581457
2022-02-08,momentum_crowding_penalty_trend,0.0030890609525551006,1.4549682303780758
2022-02-09,momentum_crowding_penalty_trend,0.0009423251779583253,1.4563392835746904
2022-02-10,momentum_crowding_penalty_trend,0.0023741852256648228,1.4597969027853088
2022-02-11,momentum_crowding_penalty_trend,-0.0016289744928457953,1.4574189308659362
2022-02-14,momentum_crowding_penalty_trend,-0.000771703159975645,1.4562942360715787
2022-02-15,momentum_crowding_penalty_trend,-0.002756040255022234,1.4522806305338087
2022-02-16,momentum_crowding_penalty_trend,0.0015009143755783886,1.454460379409551
2022-02-17,momentum_crowding_penalty_trend,0.0006657905779976715,1.4554287454262327
2022-02-18,momentum_crowding_penalty_trend,0.0015364316111805077,1.4576649121585263
2022-02-21,momentum_crowding_penalty_trend,-0.0003806180973376444,1.4571100985131047
2022-02-22,momentum_crowding_penalty_trend,-0.00012696002654680373,1.4569251037763158
2022-02-23,momentum_crowding_penalty_trend,0.0019836625193657594,1.4598151514981998
2022-02-24,momentum_crowding_penalty_trend,-0.001435250142325709,1.4577199515942427
2022-02-25,momentum_crowding_penalty_trend,-0.0004443642805815957,1.457072192916663
2022-02-28,momentum_crowding_penalty_trend,0.0014915201818994823,1.4592454454988828
2022-03-01,momentum_crowding_penalty_trend,0.001909172113937778,1.4620313962108198
2022-03-02,momentum_crowding_penalty_trend,0.0021058943479496774,1.4651102798646252
2022-03-03,momentum_crowding_penalty_trend,0.0012987115970797048,1.467013035576086
2022-03-04,momentum_crowding_penalty_trend,-0.0013189901695967827,1.4650780598034907
2022-03-07,momentum_crowding_penalty_trend,0.002680650109818795,1.4690054214653963
2022-03-08,momentum_crowding_penalty_trend,-0.006177816303902602,1.4599301758221461
2022-03-09,momentum_crowding_penalty_trend,-0.0006324381146600683,1.459006860334214
2022-03-10,momentum_crowding_penalty_trend,0.00019568921817210904,1.4592923722460203
2022-03-11,momentum_crowding_penalty_trend,0.0019094135981690447,1.462078764945291
2022-03-14,momentum_crowding_penalty_trend,-0.005801321021839142,1.4535967766706293
2022-03-15,momentum_crowding_penalty_trend,-0.006404766413270155,1.4442868288569715
2022-03-16,momentum_crowding_penalty_trend,0.0051102855992851024,1.4516675470397162
2022-03-17,momentum_crowding_penalty_trend,0.000716795545816969,1.4527080958714413
2022-03-18,momentum_crowding_penalty_trend,0.003309938488307218,1.457516470310242
2022-03-21,momentum_crowding_penalty_trend,-0.00013646844116232726,1.4573175653095702
2022-03-22,momentum_crowding_penalty_trend,0.0010903753363523706,1.458906588440017
2022-03-23,momentum_crowding_penalty_trend,0.0013518993070571212,1.4608788832459902
2022-03-24,momentum_crowding_penalty_trend,0.0002757159535813159,1.4612816708603513
2022-03-25,momentum_crowding_penalty_trend,0.001025576052614082,1.4627803263481096
2022-03-28,momentum_crowding_penalty_trend,-0.001990608043657375,1.4598685040643773
2022-03-29,momentum_crowding_penalty_trend,0.0010220858865540104,1.461360615058606
2022-03-30,momentum_crowding_penalty_trend,-0.001099517347920202,1.4597538237107817
2022-03-31,momentum_crowding_penalty_trend,-0.00043210685373868595,1.459123054078785
2022-04-01,momentum_crowding_penalty_trend,-0.002675388968675907,1.455219332355962
2022-04-06,momentum_crowding_penalty_trend,0.000633357294966719,1.4561410061358864
2022-04-07,momentum_crowding_penalty_trend,-0.0028215133183029117,1.452032484893747
2022-04-08,momentum_crowding_penalty_trend,0.0017927702630729922,1.4546356455536802
2022-04-11,momentum_crowding_penalty_trend,-0.003218320936466649,1.4499541612006641
2022-04-12,momentum_crowding_penalty_trend,0.0032878239380865278,1.4547213552009877
2022-04-13,momentum_crowding_penalty_trend,-0.00040818360499368005,1.4541275617939604
2022-04-14,momentum_crowding_penalty_trend,0.0030852340718888014,1.4586138856924797
2022-04-15,momentum_crowding_penalty_trend,-0.00023937452542654636,1.4582647306858114
2022-04-18,momentum_crowding_penalty_trend,-0.0017187146692305365,1.4557583897015602
2022-04-19,momentum_crowding_penalty_trend,0.002208087656029786,1.458972831832022
2022-04-20,momentum_crowding_penalty_trend,-0.004611518879704058,1.4522447510730534
2022-04-21,momentum_crowding_penalty_trend,-0.0002219770791431542,1.4519223860250092
2022-04-22,momentum_crowding_penalty_trend,-0.0019802161458148176,1.4490472658737326
2022-04-25,momentum_crowding_penalty_trend,-0.011094326245372599,1.432971062761164
2022-04-26,momentum_crowding_penalty_trend,0.0021369791733545918,1.4360332920783043
2022-04-27,momentum_crowding_penalty_trend,-0.0020751452041815055,1.433053314479203
2022-04-28,momentum_crowding_penalty_trend,0.001126166749096284,1.4346671714716517
2022-04-29,momentum_crowding_penalty_trend,0.00400381601837183,1.440411314873822
2022-05-05,momentum_crowding_penalty_trend,0.0015521511063198768,1.442647050889759
2022-05-06,momentum_crowding_penalty_trend,-0.003780695141074456,1.4371928421941746
2022-05-09,momentum_crowding_penalty_trend,-0.0013995909084511388,1.4351813601585486
2022-05-10,momentum_crowding_penalty_trend,-0.0012505055499667257,1.4333866579024614
2022-05-11,momentum_crowding_penalty_trend,0.0018893191086250091,1.4360947827052848
2022-05-12,momentum_crowding_penalty_trend,-0.0008720308736601789,1.4348424637172634
2022-05-13,momentum_crowding_penalty_trend,0.0023462831983297456,1.4382090104821332
2022-05-16,momentum_crowding_penalty_trend,0.0010566569354679642,1.4397287040077118
2022-05-17,momentum_crowding_penalty_trend,0.002819931972043529,1.4437886410112117
2022-05-18,momentum_crowding_penalty_trend,-8.383993623886453e-05,1.443667593863607
2022-05-19,momentum_crowding_penalty_trend,0.002507296571757589,1.4472872966724588
2022-05-20,momentum_crowding_penalty_trend,0.0016579063140039318,1.4496867634197896
2022-05-23,momentum_crowding_penalty_trend,0.00037104976159504823,1.4502246693477439
2022-05-24,momentum_crowding_penalty_trend,-0.005797140233374829,1.4418175135696354
2022-05-25,momentum_crowding_penalty_trend,0.003119342744917949,1.4463150365700843
2022-05-26,momentum_crowding_penalty_trend,0.0028460466352149792,1.4504313166133753
2022-05-27,momentum_crowding_penalty_trend,0.0030767208055583906,1.4548938888222331
2022-05-30,momentum_crowding_penalty_trend,0.002576265717113064,1.4586420820700432
2022-05-31,momentum_crowding_penalty_trend,0.0017254784141480443,1.461158937496623
2022-06-01,momentum_crowding_penalty_trend,-0.0006236561375502177,1.460247676757317
2022-06-02,momentum_crowding_penalty_trend,0.00024273752512044743,1.4606021336644357
2022-06-06,momentum_crowding_penalty_trend,0.004923346765225371,1.4677931844544938
2022-06-07,momentum_crowding_penalty_trend,-0.0002553584443446147,1.4674183710702917
2022-06-08,momentum_crowding_penalty_trend,0.004028472998303001,1.4733298263553622
2022-06-09,momentum_crowding_penalty_trend,-0.004271006651198669,1.4670372248675891
2022-06-10,momentum_crowding_penalty_trend,0.003894016848634063,1.472749892538797
2022-06-13,momentum_crowding_penalty_trend,-0.0032890744934007967,1.467905908432089
2022-06-14,momentum_crowding_penalty_trend,0.0023099578836047784,1.4712967092576617
2022-06-15,momentum_crowding_penalty_trend,-0.00055314950989163,1.4704828622040307
2022-06-16,momentum_crowding_penalty_trend,-0.0033543627003377726,1.4655503293395675
2022-06-17,momentum_crowding_penalty_trend,0.0017909441788188432,1.4681750481706644
2022-06-20,momentum_crowding_penalty_trend,-0.0022690103986316955,1.4648437437193536
2022-06-21,momentum_crowding_penalty_trend,-0.0016224215139889991,1.462467149714911
2022-06-22,momentum_crowding_penalty_trend,-0.0036644229452463374,1.4571080515348267
2022-06-23,momentum_crowding_penalty_trend,0.009029431046507923,1.470264908213472
2022-06-24,momentum_crowding_penalty_trend,0.003888560589632369,1.4759821223918703
2022-06-27,momentum_crowding_penalty_trend,0.0017167736542765607,1.4785160496137757
2022-06-28,momentum_crowding_penalty_trend,0.0035905235598625426,1.4838246963235489
2022-06-29,momentum_crowding_penalty_trend,-0.006459534187068616,1.4742398799700303
2022-06-30,momentum_crowding_penalty_trend,0.0035181767139136006,1.4794265163864637
2022-07-01,momentum_crowding_penalty_trend,-0.0007621945027508088,1.4782989056284501
2022-07-04,momentum_crowding_penalty_trend,0.002904007465875534,1.4825918966871907
2022-07-05,momentum_crowding_penalty_trend,0.0009437216602351675,1.4839910507733838
2022-07-06,momentum_crowding_penalty_trend,-0.004224826994133331,1.477721445323024
2022-07-07,momentum_crowding_penalty_trend,0.0016421630613754827,1.4801481048955358
2022-07-08,momentum_crowding_penalty_trend,-0.0016919745863796742,1.4776437319179745
2022-07-11,momentum_crowding_penalty_trend,-0.005830938737940657,1.469027681840659
2022-07-12,momentum_crowding_penalty_trend,-0.004181947048263776,1.4628842858627675
2022-07-13,momentum_crowding_penalty_trend,0.0018535373139464445,1.4655957964726003
2022-07-14,momentum_crowding_penalty_trend,0.004295186601774752,1.471890803901227
2022-07-15,momentum_crowding_penalty_trend,-0.0032774095163808402,1.4670668149734476
2022-07-18,momentum_crowding_penalty_trend,0.0022421867297191503,1.4703562527175924
2022-07-19,momentum_crowding_penalty_trend,-0.0014882857839954538,1.468167942409264
2022-07-20,momentum_crowding_penalty_trend,0.0011829591814410383,1.4699047251566342
2022-07-21,momentum_crowding_penalty_trend,-0.0006386224667387327,1.4689660109751836
2022-07-22,momentum_crowding_penalty_trend,-0.0007592655556467227,1.4678506756806344
2022-07-25,momentum_crowding_penalty_trend,-0.0007549599496493148,1.46674250720843
2022-07-26,momentum_crowding_penalty_trend,0.0038932323126056475,1.4724528765317662
2022-07-27,momentum_crowding_penalty_trend,0.0021742292250028256,1.475654326608361
2022-07-28,momentum_crowding_penalty_trend,0.0041028498991507074,1.4817087148134673
2022-07-29,momentum_crowding_penalty_trend,-0.0008002529022178501,1.4805229731141964
2022-08-01,momentum_crowding_penalty_trend,0.003362745013362354,1.4855015943592047
2022-08-02,momentum_crowding_penalty_trend,-0.0032585460914307395,1.4806610189450915
2022-08-03,momentum_crowding_penalty_trend,-0.00020562078266495048,1.4803565642675145
2022-08-04,momentum_crowding_penalty_trend,-0.0012032547912473883,1.478575318138805
2022-08-05,momentum_crowding_penalty_trend,0.003407782509686319,1.4836139812472124
2022-08-08,momentum_crowding_penalty_trend,0.0012139618181357757,1.4854150319732988
2022-08-09,momentum_crowding_penalty_trend,0.00010324526423027464,1.4855683940407665
2022-08-10,momentum_crowding_penalty_trend,-0.0014687962948352362,1.483386396687875
2022-08-11,momentum_crowding_penalty_trend,0.005042880961552279,1.4908669377063581
2022-08-12,momentum_crowding_penalty_trend,0.00021797407743427967,1.4911919080516818
2022-08-15,momentum_crowding_penalty_trend,0.0016965663574270689,1.4937218140753499
2022-08-16,momentum_crowding_penalty_trend,-0.0008395025574182148,1.4924678307923622
2022-08-17,momentum_crowding_penalty_trend,0.0004975925119629261,1.4932104716093102
2022-08-18,momentum_crowding_penalty_trend,-0.0009071421365597537,1.4918559174717612
2022-08-19,momentum_crowding_penalty_trend,-0.0005451732386076471,1.491042597549697
2022-08-22,momentum_crowding_penalty_trend,0.0007538807245539273,1.4921666658234787
2022-08-23,momentum_crowding_penalty_trend,0.0016635030979466172,1.4946488896947288
2022-08-24,momentum_crowding_penalty_trend,-0.003993310475755482,1.4886802926259346
2022-08-25,momentum_crowding_penalty_trend,0.001650825131969377,1.491137843466469
2022-08-26,momentum_crowding_penalty_trend,-0.0017522214084423637,1.4885250398142085
2022-08-29,momentum_crowding_penalty_trend,-0.0062152220663898895,1.4792735261403813
2022-08-30,momentum_crowding_penalty_trend,-0.001221200233049576,1.4774670369655145
2022-08-31,momentum_crowding_penalty_trend,-0.002114684105423333,1.4743426609061565
2022-09-01,momentum_crowding_penalty_trend,-0.002149204416349989,1.4711739971481237
2022-09-02,momentum_crowding_penalty_trend,-0.0011395206793157237,1.4694975639555017
2022-09-05,momentum_crowding_penalty_trend,0.0034919664968138717,1.4746290002159839
2022-09-06,momentum_crowding_penalty_trend,0.000819592074203775,1.475837594456952
2022-09-07,momentum_crowding_penalty_trend,-0.0005263544259007805,1.4750607808071987
2022-09-08,momentum_crowding_penalty_trend,-0.00035050008637118593,1.4745437718761232
2022-09-09,momentum_crowding_penalty_trend,0.0023085455223945746,1.4779478232982626
2022-09-13,momentum_crowding_penalty_trend,0.0015943027991298063,1.480304119649915
2022-09-14,momentum_crowding_penalty_trend,-0.0024896748157214655,1.4766186437636137
2022-09-15,momentum_crowding_penalty_trend,-0.0037394952857930748,1.4710968353063456
2022-09-16,momentum_crowding_penalty_trend,-0.0061848845179532826,1.4619982712652493
2022-09-19,momentum_crowding_penalty_trend,-0.0013057980953804196,1.4600891967071816
2022-09-20,momentum_crowding_penalty_trend,0.002403446626335078,1.463598443161156
2022-09-21,momentum_crowding_penalty_trend,-0.0007643973299383785,1.4624796724191016
2022-09-22,momentum_crowding_penalty_trend,-0.0014792414143879734,1.4603163119199587
2022-09-23,momentum_crowding_penalty_trend,-0.0006583888527238236,1.4593548559387397
2022-09-26,momentum_crowding_penalty_trend,-0.006885342027120994,1.4493066986166616
2022-09-27,momentum_crowding_penalty_trend,0.0015406857650640093,1.451539624816432
2022-09-28,momentum_crowding_penalty_trend,-0.003605576971913826,1.4463059869713735
2022-09-29,momentum_crowding_penalty_trend,0.0031842554046976708,1.4509113946272336
2022-09-30,momentum_crowding_penalty_trend,-0.0012406663677272758,1.4491112976573675
2022-10-10,momentum_crowding_penalty_trend,0.0004132781030461908,1.4497101836255661
2022-10-11,momentum_crowding_penalty_trend,-0.0006722712983596132,1.4487355850781751
2022-10-12,momentum_crowding_penalty_trend,0.0006793281327413895,1.449719751918022
2022-10-13,momentum_crowding_penalty_trend,-0.0015334749093838767,1.4474966430528176
2022-10-14,momentum_crowding_penalty_trend,0.0035813625649729636,1.452680653343171
2022-10-17,momentum_crowding_penalty_trend,-0.0033022044550403084,1.4478836048179504
2022-10-18,momentum_crowding_penalty_trend,0.0019493908445597842,1.4507060958611708
2022-10-19,momentum_crowding_penalty_trend,-0.0013290802431335698,1.4487779910505683
2022-10-20,momentum_crowding_penalty_trend,0.0007259724692224279,1.4498297639860862
2022-10-21,momentum_crowding_penalty_trend,-0.0005246027868371509,1.4490691792514596
2022-10-24,momentum_crowding_penalty_trend,0.001940093662745348,1.451880509183005
2022-10-25,momentum_crowding_penalty_trend,0.003127631038145081,1.4564214557272037
2022-10-26,momentum_crowding_penalty_trend,0.0012054776956199646,1.4581771393075054
2022-10-27,momentum_crowding_penalty_trend,0.0010165879402602755,1.4596595046020888
2022-10-28,momentum_crowding_penalty_trend,-0.004102444310510052,1.453671332772152
2022-10-31,momentum_crowding_penalty_trend,0.002614782862224171,1.4574723676603913
2022-11-01,momentum_crowding_penalty_trend,0.0028809896287499493,1.4616713304358107
2022-11-02,momentum_crowding_penalty_trend,2.7694890458888465e-05,1.4617118112631942
2022-11-03,momentum_crowding_penalty_trend,-0.0032519414512279282,1.4569584100343977
2022-11-04,momentum_crowding_penalty_trend,0.002007603467690833,1.4598834047906641
2022-11-07,momentum_crowding_penalty_trend,0.0014383041814006678,1.4619831611961318
2022-11-08,momentum_crowding_penalty_trend,0.000882992841671711,1.4632740818621128
2022-11-09,momentum_crowding_penalty_trend,-0.0014999054570825994,1.4610793090815204
2022-11-10,momentum_crowding_penalty_trend,-0.004388399509172537,1.454667509358685
2022-11-11,momentum_crowding_penalty_trend,0.00422542718970177,1.4608141010047049
2022-11-14,momentum_crowding_penalty_trend,-0.00074753282626406,1.4597220945111344
2022-11-15,momentum_crowding_penalty_trend,0.005649794218654543,1.4679692239615458
2022-11-16,momentum_crowding_penalty_trend,-0.0007531261494749363,1.466863657952356
2022-11-17,momentum_crowding_penalty_trend,7.485884132230793e-05,1.4669734656661682
2022-11-18,momentum_crowding_penalty_trend,-0.0027944481100600884,1.462874084437529
2022-11-21,momentum_crowding_penalty_trend,-0.0021261025384003334,1.4597638641332464
2022-11-22,momentum_crowding_penalty_trend,-0.0020390194654695422,1.4567873771992896
2022-11-23,momentum_crowding_penalty_trend,0.002026044511894957,1.459738893269862
2022-11-24,momentum_crowding_penalty_trend,0.00015353888390601277,1.4599630199503288
2022-11-25,momentum_crowding_penalty_trend,0.0006053382606691081,1.4608467914254666
2022-11-28,momentum_crowding_penalty_trend,-0.003637283729442982,1.4555332771598057
2022-11-29,momentum_crowding_penalty_trend,0.0016818754286256825,1.4579813028142077
2022-11-30,momentum_crowding_penalty_trend,-0.00042587879722465096,1.4573603794905892
2022-12-01,momentum_crowding_penalty_trend,0.0035935295209867497,1.4625974470370051
2022-12-02,momentum_crowding_penalty_trend,-0.0015433019458123585,1.4603402175510527
2022-12-05,momentum_crowding_penalty_trend,-0.0002965523420669229,1.4599071502393235
2022-12-06,momentum_crowding_penalty_trend,-0.0010204300349210308,1.4584174171350233
2022-12-07,momentum_crowding_penalty_trend,-0.0015335956042021204,1.4561807945950132
2022-12-08,momentum_crowding_penalty_trend,0.0015140814490683904,1.4583855709225992
2022-12-09,momentum_crowding_penalty_trend,0.0031722018396300737,1.4630118643135699
2022-12-12,momentum_crowding_penalty_trend,-0.0038954104067541384,1.457312832672118
2022-12-13,momentum_crowding_penalty_trend,-0.0005201971335902537,1.4565547427138177
2022-12-14,momentum_crowding_penalty_trend,0.0016294117351425162,1.4589280701044731
2022-12-15,momentum_crowding_penalty_trend,-0.0014935270987114224,1.4567491214967014
2022-12-16,momentum_crowding_penalty_trend,-0.0011858696251571172,1.4550216069620443
2022-12-19,momentum_crowding_penalty_trend,-0.004593021379078244,1.4483386616142468
2022-12-20,momentum_crowding_penalty_trend,-0.0032811279576483556,1.4435864771394813
2022-12-21,momentum_crowding_penalty_trend,0.002558106624869228,1.4472793252702234
2022-12-22,momentum_crowding_penalty_trend,0.0026779816485684948,1.4511551127436497
2022-12-23,momentum_crowding_penalty_trend,-0.0015717751625756245,1.4488742231803946
2022-12-26,momentum_crowding_penalty_trend,0.0003839433145179968,1.4494305087519623
2022-12-27,momentum_crowding_penalty_trend,0.0021308871734630214,1.452519081631888
2022-12-28,momentum_crowding_penalty_trend,-3.774587917217228e-05,1.4524642550221376
2022-12-29,momentum_crowding_penalty_trend,-0.0006726599673544721,1.4514872404637709
2022-12-30,momentum_crowding_penalty_trend,0.0011013629277046113,1.453085854700454
2023-01-03,momentum_crowding_penalty_trend,-0.00019693733396322437,1.4527996878462095
2023-01-04,momentum_crowding_penalty_trend,-0.0011732756443943856,1.4510951533562757
2023-01-05,momentum_crowding_penalty_trend,0.002941349731765652,1.4553633316963666
2023-01-06,momentum_crowding_penalty_trend,0.0006776529534062825,1.4563495629563699
2023-01-09,momentum_crowding_penalty_trend,0.0007519358668966707,1.457444644427496
2023-01-10,momentum_crowding_penalty_trend,0.000167750061254209,1.4576891308558735
2023-01-11,momentum_crowding_penalty_trend,-0.0011947818553581847,1.455947510331574
2023-01-12,momentum_crowding_penalty_trend,0.00012575974098499493,1.4561306099133609
2023-01-13,momentum_crowding_penalty_trend,0.0019439742484529809,1.4589612903214166
2023-01-16,momentum_crowding_penalty_trend,0.002379656937855557,1.4624331176779928
2023-01-17,momentum_crowding_penalty_trend,0.0025722465160398227,1.4661948561698812
2023-01-18,momentum_crowding_penalty_trend,0.004570129544632351,1.472895556600251
2023-01-19,momentum_crowding_penalty_trend,0.003236234438130847,1.4776621919242907
2023-01-20,momentum_crowding_penalty_trend,0.003500596688060675,1.4828348912994131
2023-01-30,momentum_crowding_penalty_trend,0.002129056543252379,1.485991930627297
2023-01-31,momentum_crowding_penalty_trend,-0.011055662798727262,1.469563304920652
2023-02-01,momentum_crowding_penalty_trend,0.013960110600425147,1.4900785711916706
2023-02-02,momentum_crowding_penalty_trend,-0.003349817618544193,1.4850870797408775
2023-02-03,momentum_crowding_penalty_trend,-0.005548400379398299,1.4768472220242037
2023-02-06,momentum_crowding_penalty_trend,-0.010124228946238252,1.4618952826298148
2023-02-07,momentum_crowding_penalty_trend,0.0016964629536427745,1.4643753338189014
2023-02-08,momentum_crowding_penalty_trend,-0.0006447627979737524,1.4634311590813847
2023-02-09,momentum_crowding_penalty_trend,0.010678415026463495,1.479058284360714
2023-02-10,momentum_crowding_penalty_trend,-0.008757299590654844,1.4661057278525274
2023-02-13,momentum_crowding_penalty_trend,0.004745348157865323,1.4730629099674284
2023-02-14,momentum_crowding_penalty_trend,0.003806729283212463,1.4786704616828155
2023-02-15,momentum_crowding_penalty_trend,0.0037572930055527753,1.4842262598660136
2023-02-16,momentum_crowding_penalty_trend,-0.005233626328224972,1.4764583742353359
2023-02-17,momentum_crowding_penalty_trend,-0.018773939420333067,1.4487394341607982
2023-02-20,momentum_crowding_penalty_trend,0.011739057517739356,1.465746269706629
2023-02-21,momentum_crowding_penalty_trend,-0.001187839924739109,1.464005197767934
2023-02-22,momentum_crowding_penalty_trend,-0.001772327024886992,1.461410501791355
2023-02-23,momentum_crowding_penalty_trend,0.00024179000180305876,1.4617638562392181
2023-02-24,momentum_crowding_penalty_trend,0.00042392027584435825,1.4623835275763741
2023-02-27,momentum_crowding_penalty_trend,-0.0019780872702638516,1.4594908053362319
2023-02-28,momentum_crowding_penalty_trend,0.001368972625731872,1.4614888082962445
2023-03-01,momentum_crowding_penalty_trend,0.002201632418183068,1.4647064694354013
2023-03-02,momentum_crowding_penalty_trend,-0.0004588985297025339,1.4640343177901316
2023-03-03,momentum_crowding_penalty_trend,0.00034545929363798047,1.4645400820514172
2023-03-06,momentum_crowding_penalty_trend,-0.0010988531252845816,1.4629307676051504
2023-03-07,momentum_crowding_penalty_trend,-0.013318415150016473,1.4434468483064526
2023-03-08,momentum_crowding_penalty_trend,0.001213361163476445,1.44519827065373
2023-03-09,momentum_crowding_penalty_trend,-0.0023622697236198253,1.441784322534337
2023-03-10,momentum_crowding_penalty_trend,-0.012402907276419373,1.4239020052693485
2023-03-13,momentum_crowding_penalty_trend,0.010239692365407017,1.438482323761793
2023-03-14,momentum_crowding_penalty_trend,-0.0036946878246717795,1.4331675806341848
2023-03-15,momentum_crowding_penalty_trend,0.00255838422160114,1.4368341739593895
2023-03-16,momentum_crowding_penalty_trend,-0.001823028132656986,1.4342147848382985
2023-03-17,momentum_crowding_penalty_trend,0.002343625700804512,1.4375760474685193
2023-03-20,momentum_crowding_penalty_trend,-0.0025706057234659,1.4338806062529792
2023-03-21,momentum_crowding_penalty_trend,-9.321292037288339e-05,1.4337469500542044
2023-03-22,momentum_crowding_penalty_trend,0.0005277341112530975,1.434503587226653
2023-03-23,momentum_crowding_penalty_trend,0.0015335299323786264,1.4367034414157696
2023-03-24,momentum_crowding_penalty_trend,-1.2921990547902051e-05,1.4366848763474793
2023-03-27,momentum_crowding_penalty_trend,-0.0005782182122179608,1.435854158986757
2023-03-28,momentum_crowding_penalty_trend,-0.0032948495850363855,1.4311232355068468
2023-03-29,momentum_crowding_penalty_trend,0.0029326736232271632,1.4353202528712052
2023-03-30,momentum_crowding_penalty_trend,0.0015260288116339912,1.4375105929310084
2023-03-31,momentum_crowding_penalty_trend,0.0034447373864316877,1.4424624394138694
2023-04-03,momentum_crowding_penalty_trend,0.006339533146561056,1.4516069778612029
2023-04-04,momentum_crowding_penalty_trend,0.001495309041869186,1.4537775789004392
2023-04-06,momentum_crowding_penalty_trend,-0.0010978925958017194,1.4521814872606218
2023-04-07,momentum_crowding_penalty_trend,0.0018056522416316206,1.45480362201835
2023-04-10,momentum_crowding_penalty_trend,-0.0020173456679353956,1.4518687802337744
2023-04-11,momentum_crowding_penalty_trend,0.0025162524500205175,1.4555220486091458
2023-04-12,momentum_crowding_penalty_trend,0.0073826748686007795,1.4662676946581068
2023-04-13,momentum_crowding_penalty_trend,-0.01358064972384048,1.4463548266955721
2023-04-14,momentum_crowding_penalty_trend,0.013938555565020118,1.4665149238142035
2023-04-17,momentum_crowding_penalty_trend,0.0018306584495146778,1.4691996117508233
2023-04-18,momentum_crowding_penalty_trend,-0.004726874815589478,1.4622548891069644
2023-04-19,momentum_crowding_penalty_trend,-0.003537310434510633,1.457082439629812
2023-04-20,momentum_crowding_penalty_trend,0.0015038686747906981,1.459273700267359
2023-04-21,momentum_crowding_penalty_trend,-0.008706148048101358,1.4465690473901307
2023-04-24,momentum_crowding_penalty_trend,-0.007082174625693989,1.43632419278839
2023-04-25,momentum_crowding_penalty_trend,-0.0014552363530579721,1.4342340016082678
2023-04-26,momentum_crowding_penalty_trend,-0.0033808596253239657,1.4293850577789635
2023-04-27,momentum_crowding_penalty_trend,-0.0007856629627761606,1.428262042879521
2023-04-28,momentum_crowding_penalty_trend,0.004188718715256537,1.4342446308288208
2023-05-04,momentum_crowding_penalty_trend,-0.0021947754480580394,1.4310967859265686
2023-05-05,momentum_crowding_penalty_trend,0.0006853752587276052,1.4320776242564874
2023-05-08,momentum_crowding_penalty_trend,0.001165429400911931,1.4337466096241842
2023-05-09,momentum_crowding_penalty_trend,-0.0005389005092145127,1.4329739628461733
2023-05-10,momentum_crowding_penalty_trend,-0.0028372691517143354,1.42890823002618
2023-05-11,momentum_crowding_penalty_trend,-0.0005301499521869904,1.428150694396352
2023-05-12,momentum_crowding_penalty_trend,-0.002773880017928428,1.4241891757225753
2023-05-15,momentum_crowding_penalty_trend,0.0021405138056693326,1.4272376723150944
2023-05-16,momentum_crowding_penalty_trend,-0.00055140348968159,1.4264506884819748
2023-05-17,momentum_crowding_penalty_trend,3.653321790326737e-05,1.4265028013158054
2023-05-18,momentum_crowding_penalty_trend,0.002211960265822026,1.4296581688313996
2023-05-19,momentum_crowding_penalty_trend,0.0005652395219919411,1.4304662681313618
2023-05-22,momentum_crowding_penalty_trend,-0.0010185224569521862,1.4290093061133573
2023-05-23,momentum_crowding_penalty_trend,-0.0017263547374143338,1.4265423291279393
2023-05-24,momentum_crowding_penalty_trend,-0.002628813943085506,1.422792214762726
2023-05-25,momentum_crowding_penalty_trend,-0.0002059779342352981,1.4224991509614833
2023-05-26,momentum_crowding_penalty_trend,-0.00013374075529809144,1.4223089048506228
2023-05-29,momentum_crowding_penalty_trend,0.0033245891890216098,1.4270374976591385
2023-05-30,momentum_crowding_penalty_trend,0.00033590169052802874,1.427516841967049
2023-05-31,momentum_crowding_penalty_trend,-0.0015874786864065625,1.42525068940594
2023-06-01,momentum_crowding_penalty_trend,0.0007192187160579455,1.4262757563768351
2023-06-02,momentum_crowding_penalty_trend,0.0023077944818018243,1.429567307696929
2023-06-05,momentum_crowding_penalty_trend,0.0015078920283924564,1.4317229408442558
2023-06-06,momentum_crowding_penalty_trend,-0.0035376152668852635,1.4266580559107753
2023-06-07,momentum_crowding_penalty_trend,-0.00031670782928151136,1.426206222134761
2023-06-08,momentum_crowding_penalty_trend,-0.003147929847202576,1.4217166249998368
2023-06-09,momentum_crowding_penalty_trend,0.00409656229305464,1.42754077571722
2023-06-12,momentum_crowding_penalty_trend,0.001281935237411032,1.429370790540453
2023-06-13,momentum_crowding_penalty_trend,0.002902403747301929,1.4335194016792014
2023-06-14,momentum_crowding_penalty_trend,0.00044842128911080816,1.4341622222972676
2023-06-15,momentum_crowding_penalty_trend,0.0004043477321662916,1.4347421225394121
2023-06-16,momentum_crowding_penalty_trend,0.0035991974725712544,1.4399060427606476
2023-06-19,momentum_crowding_penalty_trend,-0.0003681767157431166,1.4393759028828454
2023-06-20,momentum_crowding_penalty_trend,0.001011719305429959,1.4408321472715628
2023-06-21,momentum_crowding_penalty_trend,-0.00347880491990246,1.4358197733088809
2023-06-26,momentum_crowding_penalty_trend,-0.005798386401217083,1.4274943354607281
2023-06-27,momentum_crowding_penalty_trend,-1.5093414625011583e-05,1.4274727896968482
2023-06-28,momentum_crowding_penalty_trend,-0.0008524631746454495,1.4262559217108233
2023-06-29,momentum_crowding_penalty_trend,0.0010598372478479094,1.427767520861616
2023-06-30,momentum_crowding_penalty_trend,0.001960077747965457,1.4305660562085245
2023-07-03,momentum_crowding_penalty_trend,0.0042111515940352374,1.4365903867364997
2023-07-04,momentum_crowding_penalty_trend,-0.001111145018129874,1.4349941264851842
2023-07-05,momentum_crowding_penalty_trend,-0.0005758720513263315,1.434167753473924
2023-07-06,momentum_crowding_penalty_trend,-0.0001792071535399398,1.433910740353125
2023-07-07,momentum_crowding_penalty_trend,-0.00164540660500464,1.4315513741499608
2023-07-10,momentum_crowding_penalty_trend,0.00023926214842217463,1.4318938902073166
2023-07-11,momentum_crowding_penalty_trend,0.0030885977125515033,1.4363164344012274
2023-07-12,momentum_crowding_penalty_trend,-0.000583805305772763,1.4354779052460553
2023-07-13,momentum_crowding_penalty_trend,0.0028440461265048884,1.4395604706221539
2023-07-14,momentum_crowding_penalty_trend,0.0003053300999037298,1.4400000117644662
2023-07-17,momentum_crowding_penalty_trend,-0.0016135608649395041,1.4376764840999707
2023-07-18,momentum_crowding_penalty_trend,-0.00046404649536812377,1.437009335366051
2023-07-19,momentum_crowding_penalty_trend,0.00010442171723316806,1.43715939034853
2023-07-20,momentum_crowding_penalty_trend,-0.0005779758883882527,1.4363287468731378
2023-07-21,momentum_crowding_penalty_trend,0.0003661162223623044,1.4368546101280133
2023-07-24,momentum_crowding_penalty_trend,-0.0028941769963371556,1.4326960985682997
2023-07-25,momentum_crowding_penalty_trend,0.002375522515512588,1.436099500408336
2023-07-26,momentum_crowding_penalty_trend,0.0006923047154907991,1.4370937188643824
2023-07-27,momentum_crowding_penalty_trend,0.0012126770982783287,1.438836449505329
2023-07-28,momentum_crowding_penalty_trend,-0.0008235634893657602,1.4376514763383477
2023-07-31,momentum_crowding_penalty_trend,0.0006582640382252782,1.4385978306047227
2023-08-01,momentum_crowding_penalty_trend,0.00020380056851291282,1.4388910176604615
2023-08-02,momentum_crowding_penalty_trend,-0.002873321167424314,1.4347566216418008
2023-08-03,momentum_crowding_penalty_trend,0.004070377599258645,1.4405966228549194
2023-08-04,momentum_crowding_penalty_trend,0.005710918351174865,1.448823752545022
2023-08-07,momentum_crowding_penalty_trend,-0.0020905681129089236,1.4457948878067264
2023-08-08,momentum_crowding_penalty_trend,-0.0037497498085868335,1.4403735187029172
2023-08-09,momentum_crowding_penalty_trend,-0.003075700165747397,1.4359433616327044
2023-08-10,momentum_crowding_penalty_trend,0.004804195936395994,1.4428419148955551
2023-08-11,momentum_crowding_penalty_trend,-0.02283046357177726,1.4099011651176987
2023-08-14,momentum_crowding_penalty_trend,-0.007009735530687289,1.4000181308258157
2023-08-15,momentum_crowding_penalty_trend,0.002050442265956202,1.402888787174366
2023-08-16,momentum_crowding_penalty_trend,-0.0022292624948332656,1.3997613798166961
2023-08-17,momentum_crowding_penalty_trend,0.0001647078567568923,1.3999919315135367
2023-08-18,momentum_crowding_penalty_trend,-0.0009102014884393439,1.39871765677367
2023-08-21,momentum_crowding_penalty_trend,-0.0019279928140777194,1.3960209391824867
2023-08-22,momentum_crowding_penalty_trend,-0.0008555304230258408,1.394826600797835
2023-08-23,momentum_crowding_penalty_trend,-0.0004894527471651052,1.3941438990862556
2023-08-24,momentum_crowding_penalty_trend,0.0014033011088685008,1.3961003027657657
2023-08-25,momentum_crowding_penalty_trend,-0.0001777136929153786,1.3958521966252808
2023-08-28,momentum_crowding_penalty_trend,0.0009734529124643366,1.3972109930114553
2023-08-29,momentum_crowding_penalty_trend,0.0006689117063794455,1.3981456038009628
2023-08-30,momentum_crowding_penalty_trend,0.0013346592350679549,1.4000116517430454
2023-08-31,momentum_crowding_penalty_trend,0.0007694319738754674,1.4010888654716946
2023-09-01,momentum_crowding_penalty_trend,0.0001024172509744995,1.4012323611416673
2023-09-04,momentum_crowding_penalty_trend,-0.0007627221631904146,1.400163610164045
2023-09-05,momentum_crowding_penalty_trend,-0.00017130626564227925,1.3999237533646993
2023-09-06,momentum_crowding_penalty_trend,0.002088706064989681,1.4028477825988752
2023-09-07,momentum_crowding_penalty_trend,-0.004107431332715862,1.3970856816615977
2023-09-08,momentum_crowding_penalty_trend,0.0007638661314333516,1.3981528680965294
2023-09-11,momentum_crowding_penalty_trend,0.001111102659419874,1.399706359466547
2023-09-12,momentum_crowding_penalty_trend,-0.0014737461537927246,1.3976435476028441
2023-09-13,momentum_crowding_penalty_trend,8.80722927243395e-05,1.397766641274493
2023-09-14,momentum_crowding_penalty_trend,0.002295503174389124,1.4009752190365938
2023-09-15,momentum_crowding_penalty_trend,0.00048471796235569255,1.401654296890076
2023-09-18,momentum_crowding_penalty_trend,-0.0011247272656332474,1.4000778180853717
2023-09-19,momentum_crowding_penalty_trend,0.00012073595385014472,1.4002468578162028
2023-09-20,momentum_crowding_penalty_trend,-0.000657557409605203,1.3993261151195695
2023-09-21,momentum_crowding_penalty_trend,-0.0028229691067794683,1.3953758607262772
2023-09-22,momentum_crowding_penalty_trend,-0.0001570253259782625,1.3951567513768843
2023-09-25,momentum_crowding_penalty_trend,-9.898339400624608e-06,1.3951429416418422
2023-09-26,momentum_crowding_penalty_trend,-0.0017326254305231386,1.3927256815019387
2023-09-27,momentum_crowding_penalty_trend,-0.0010839683975411944,1.3912160108767464
2023-09-28,momentum_crowding_penalty_trend,0.00011701876776442082,1.3913788092600332
2023-10-09,momentum_crowding_penalty_trend,-0.00047701685207696717,1.3907150981203933
2023-10-10,momentum_crowding_penalty_trend,-0.0010314913928393082,1.3892805874667904
2023-10-11,momentum_crowding_penalty_trend,0.00036878429039610694,1.3897929323224005
2023-10-12,momentum_crowding_penalty_trend,0.0003460884624075974,1.390273923621413
2023-10-13,momentum_crowding_penalty_trend,-0.00010291071559228964,1.3901308495370637
2023-10-16,momentum_crowding_penalty_trend,-0.0002660700316514965,1.3897609773779276
2023-10-17,momentum_crowding_penalty_trend,0.0022877807916748946,1.392940445846992
2023-10-18,momentum_crowding_penalty_trend,-0.0019861625579075596,1.3901738396880559
2023-10-19,momentum_crowding_penalty_trend,-0.002758709943075832,1.3863387532939044
2023-10-20,momentum_crowding_penalty_trend,-0.003302852378804444,1.3817598810447589
2023-10-23,momentum_crowding_penalty_trend,-0.0034749288702909265,1.3769583637423068
2023-10-24,momentum_crowding_penalty_trend,0.0020239809877930096,1.379745301291504
2023-10-25,momentum_crowding_penalty_trend,0.00014607589186529008,1.3799468488169369
2023-10-26,momentum_crowding_penalty_trend,-0.0001963421932577628,1.379675907026061
2023-10-27,momentum_crowding_penalty_trend,0.0010488710455589226,1.3811230091371958
2023-10-30,momentum_crowding_penalty_trend,-0.0007350720446318969,1.3801077842229812
2023-10-31,momentum_crowding_penalty_trend,-0.0005132239521122628,1.3793994798516214
2023-11-01,momentum_crowding_penalty_trend,-0.0004922697622668986,1.3787204431976037
2023-11-02,momentum_crowding_penalty_trend,0.00021304902433245308,1.379014178242854
2023-11-03,momentum_crowding_penalty_trend,0.0008573541987902427,1.3801964818387618
2023-11-06,momentum_crowding_penalty_trend,0.003106791223326454,1.3844844641550045
2023-11-07,momentum_crowding_penalty_trend,-0.0004564996732751607,1.3838524474494631
2023-11-08,momentum_crowding_penalty_trend,0.0005284463013201808,1.3845837391568907
2023-11-09,momentum_crowding_penalty_trend,-0.0006005279510546746,1.3837522579209511
2023-11-10,momentum_crowding_penalty_trend,-0.0015194449172272972,1.3816497225859512
2023-11-13,momentum_crowding_penalty_trend,0.001278718939182996,1.3834164642535387
2023-11-14,momentum_crowding_penalty_trend,0.0019693704084800126,1.3861409237008437
2023-11-15,momentum_crowding_penalty_trend,0.002030747968630146,1.3889558265658843
2023-11-16,momentum_crowding_penalty_trend,-0.0022308638353977154,1.3858572552434336
2023-11-17,momentum_crowding_penalty_trend,0.00017941215249068406,1.3861058948766418
2023-11-20,momentum_crowding_penalty_trend,-0.0014953500229475441,1.3840331813949303
2023-11-21,momentum_crowding_penalty_trend,0.00020853708845893035,1.384321803644909
2023-11-22,momentum_crowding_penalty_trend,-0.002430079168465763,1.3809577920674185
2023-11-23,momentum_crowding_penalty_trend,0.0010923844509823236,1.3824663288869357
2023-11-24,momentum_crowding_penalty_trend,-0.0012879507192185631,1.3806857803843502
2023-11-27,momentum_crowding_penalty_trend,-0.00023168314779701784,1.3803658987566323
2023-11-28,momentum_crowding_penalty_trend,0.00026062218182913987,1.3807256527288887
2023-11-29,momentum_crowding_penalty_trend,-0.00011864131929613478,1.380561841615863
2023-11-30,momentum_crowding_penalty_trend,0.00013243255942132855,1.3807446729539876
2023-12-01,momentum_crowding_penalty_trend,0.0008397509353924025,1.3819041545846387
2023-12-04,momentum_crowding_penalty_trend,-0.0001749660311367287,1.3816623682992997
2023-12-05,momentum_crowding_penalty_trend,-0.005691543912956216,1.373798576257245
2023-12-06,momentum_crowding_penalty_trend,0.002255998074956038,1.376897863200659
2023-12-07,momentum_crowding_penalty_trend,-0.0022290710661225714,1.3738286600127925
2023-12-08,momentum_crowding_penalty_trend,0.0020889624724212703,1.3766985365270958
2023-12-11,momentum_crowding_penalty_trend,0.002763521376904893,1.3805030723623422
2023-12-12,momentum_crowding_penalty_trend,0.0006511366671387296,1.3814019685318548
2023-12-13,momentum_crowding_penalty_trend,3.3782228151425103e-06,1.3814066352155017
2023-12-14,momentum_crowding_penalty_trend,0.0020421609227075513,1.3842276898643076
2023-12-15,momentum_crowding_penalty_trend,-0.0013049944980481915,1.3824212803449887
2023-12-18,momentum_crowding_penalty_trend,2.1245226514995797e-05,1.3824506501982285
2023-12-19,momentum_crowding_penalty_trend,0.001004547205205549,1.38383938713522
2023-12-20,momentum_crowding_penalty_trend,0.0006334659369997479,1.3847160022492486
2023-12-21,momentum_crowding_penalty_trend,-0.0014344400703986127,1.3827297101295002
2023-12-22,momentum_crowding_penalty_trend,0.000321080684718944,1.3831736779316097
2023-12-25,momentum_crowding_penalty_trend,0.0005980310825570046,1.3840008587835877
2023-12-26,momentum_crowding_penalty_trend,-0.0005823132256446226,1.3831949367792145
2023-12-27,momentum_crowding_penalty_trend,0.002752916015235707,1.387002756272867
2023-12-28,momentum_crowding_penalty_trend,-0.0014361008870772038,1.385010880384205
2023-12-29,momentum_crowding_penalty_trend,-0.0013804990843516347,1.3830988741320174
2024-01-02,momentum_crowding_penalty_trend,0.001554093044634701,1.385248338472348
2024-01-03,momentum_crowding_penalty_trend,-0.002131493112398512,1.3822956911799327
2024-01-04,momentum_crowding_penalty_trend,-0.0013477144769990955,1.380432751265436
2024-01-05,momentum_crowding_penalty_trend,-0.0020272145682690384,1.3776343178815549
2024-01-08,momentum_crowding_penalty_trend,-0.0021127402827381125,1.374723734363284
2024-01-09,momentum_crowding_penalty_trend,0.0021029768390312675,1.3776147465367166
2024-01-10,momentum_crowding_penalty_trend,-0.000838457042715046,1.376459675750335
2024-01-11,momentum_crowding_penalty_trend,0.0011073917903628883,1.3779839558950262
2024-01-12,momentum_crowding_penalty_trend,-3.0091036686648775e-05,1.377942490929256
2024-01-15,momentum_crowding_penalty_trend,-0.00011519479138172302,1.3777837591314774
2024-01-16,momentum_crowding_penalty_trend,-0.001683240088520625,1.3754646182747947
2024-01-17,momentum_crowding_penalty_trend,-0.0028305695286166186,1.3715712700386158
2024-01-18,momentum_crowding_penalty_trend,0.001094449331748019,1.3730723852985542
2024-01-19,momentum_crowding_penalty_trend,0.0016805324845058514,1.3753798780456266
2024-01-22,momentum_crowding_penalty_trend,0.0016145117540316918,1.3776004450249897
2024-01-23,momentum_crowding_penalty_trend,0.0003959100805721446,1.3781458509281759
2024-01-24,momentum_crowding_penalty_trend,0.0005920609746505583,1.378961797303887
2024-01-25,momentum_crowding_penalty_trend,0.00023051779266833891,1.3792796725335754
2024-01-26,momentum_crowding_penalty_trend,-0.000840813622632904,1.3781199553954886
2024-01-29,momentum_crowding_penalty_trend,-0.0010737046681739877,1.3766402615660767
2024-01-30,momentum_crowding_penalty_trend,-0.0009039844629396223,1.3753958001585638
2024-01-31,momentum_crowding_penalty_trend,-0.0013001769479941288,1.3736075422448297
2024-02-01,momentum_crowding_penalty_trend,-0.001980132196119278,1.3708876177255984
2024-02-02,momentum_crowding_penalty_trend,-9.499824428622981e-05,1.3707573858088007
2024-02-05,momentum_crowding_penalty_trend,-0.0017529095897978355,1.3683545720419303
2024-02-06,momentum_crowding_penalty_trend,-0.0004939186853535338,1.3676787161506099
2024-02-07,momentum_crowding_penalty_trend,-0.00025509072493298254,1.3673298339954316
2024-02-08,momentum_crowding_penalty_trend,0.002934414428310676,1.3713421463885676
2024-02-19,momentum_crowding_penalty_trend,0.001843678393143843,1.3738704602734717
2024-02-20,momentum_crowding_penalty_trend,-0.0003046947713376547,1.3734518491277312
2024-02-21,momentum_crowding_penalty_trend,0.0016736233457566364,1.375750490206704
2024-02-22,momentum_crowding_penalty_trend,0.003912326502879671,1.3811328753108894
2024-02-23,momentum_crowding_penalty_trend,0.0011797879836319524,1.3827623192809801
2024-02-26,momentum_crowding_penalty_trend,-0.002718985604898352,1.3790026084398592
2024-02-27,momentum_crowding_penalty_trend,0.005163532721331158,1.3861231335313393
2024-02-28,momentum_crowding_penalty_trend,-0.006401438781384914,1.377249951148577
2024-02-29,momentum_crowding_penalty_trend,0.006807752795130485,1.386625928353102
2024-03-01,momentum_crowding_penalty_trend,0.004340228809317996,1.3926442021550873
2024-03-04,momentum_crowding_penalty_trend,0.0021031997529320176,1.395573211096982
2024-03-05,momentum_crowding_penalty_trend,-0.00024188970530868438,1.395235636304213
2024-03-06,momentum_crowding_penalty_trend,-0.0009030393777291572,1.3939756835834194
2024-03-07,momentum_crowding_penalty_trend,-0.0054195778624436634,1.386420923827886
2024-03-08,momentum_crowding_penalty_trend,0.0040954718794338,1.3920989717344816
2024-03-11,momentum_crowding_penalty_trend,0.0053471214503844995,1.399542694007301
2024-03-12,momentum_crowding_penalty_trend,-0.001664731828745114,1.3972128307388993
2024-03-13,momentum_crowding_penalty_trend,-0.0008002806629446449,1.3960946683284408
2024-03-14,momentum_crowding_penalty_trend,-0.0013380159558710745,1.394226671386311
2024-03-15,momentum_crowding_penalty_trend,0.0004684362590962794,1.3948797777125874
2024-03-18,momentum_crowding_penalty_trend,0.0025024732483107407,1.3983704270409227
2024-03-19,momentum_crowding_penalty_trend,-0.0022878221371864793,1.3951712042219515
2024-03-20,momentum_crowding_penalty_trend,0.0009576366189435136,1.3965072712568098
2024-03-21,momentum_crowding_penalty_trend,0.0011603394136479742,1.398127693685095
2024-03-22,momentum_crowding_penalty_trend,-0.0036671378823744934,1.3930005666551855
2024-03-25,momentum_crowding_penalty_trend,-0.003973355094240994,1.3874656807573855
2024-03-26,momentum_crowding_penalty_trend,-0.0007742318078431434,1.3863914606950523
2024-03-27,momentum_crowding_penalty_trend,-0.005545922980834313,1.3787026404327511
2024-03-28,momentum_crowding_penalty_trend,0.005421599428527819,1.3861774138802312
2024-03-29,momentum_crowding_penalty_trend,0.003090548360139652,1.3904614622135612
2024-04-01,momentum_crowding_penalty_trend,0.00420293203105907,1.3963054772310517
2024-04-02,momentum_crowding_penalty_trend,-0.0003566990218223746,1.3958074164331582
2024-04-03,momentum_crowding_penalty_trend,0.00013387751452881655,1.395994283660831
2024-04-08,momentum_crowding_penalty_trend,0.0010396144609947928,1.397445579505591
2024-04-09,momentum_crowding_penalty_trend,0.001430150417953587,1.3994441368851884
2024-04-10,momentum_crowding_penalty_trend,-0.0011862532262335095,1.3977840417628746
2024-04-11,momentum_crowding_penalty_trend,-0.0009122089922693368,1.396508970590728
2024-04-12,momentum_crowding_penalty_trend,0.001695736742271518,1.3988770821630705
2024-04-15,momentum_crowding_penalty_trend,0.00018704809886221566,1.3991387394618309
2024-04-16,momentum_crowding_penalty_trend,-0.002559931318340144,1.3955570403839797
2024-04-17,momentum_crowding_penalty_trend,0.001350470061009982,1.39744169838545
2024-04-18,momentum_crowding_penalty_trend,0.0010892553642273227,1.3989638692516113
2024-04-19,momentum_crowding_penalty_trend,0.0006065074348801437,1.3998123512394411
2024-04-22,momentum_crowding_penalty_trend,-0.0037422431249717813,1.394573913091765
2024-04-23,momentum_crowding_penalty_trend,-0.004052745857041385,1.3889220594431442
2024-04-24,momentum_crowding_penalty_trend,0.002603901910962788,1.3925386762479064
2024-04-25,momentum_crowding_penalty_trend,0.00015481673895129856,1.3927542645446267
2024-04-26,momentum_crowding_penalty_trend,0.001796604276845422,1.395256492812902
2024-04-29,momentum_crowding_penalty_trend,-0.0005898083180302432,1.3944335589276553
2024-04-30,momentum_crowding_penalty_trend,0.0003305574130259151,1.394894499277531
2024-05-06,momentum_crowding_penalty_trend,0.002327713405677784,1.3981414139030055
2024-05-07,momentum_crowding_penalty_trend,0.00027593212762857156,1.3985272060380696
2024-05-08,momentum_crowding_penalty_trend,-0.0032451407556103725,1.3939887884039255
2024-05-09,momentum_crowding_penalty_trend,0.0037919339861282823,1.3992747018669562
2024-05-10,momentum_crowding_penalty_trend,-0.0014983056523051688,1.3971781606720215
2024-05-13,momentum_crowding_penalty_trend,-0.0013512547678870932,1.3952902170208257
2024-05-14,momentum_crowding_penalty_trend,-0.0010047412704769722,1.393888311355492
2024-05-15,momentum_crowding_penalty_trend,-0.0056712013546041384,1.385983290075966
2024-05-16,momentum_crowding_penalty_trend,0.00178336832844872,1.3884550087792467
2024-05-17,momentum_crowding_penalty_trend,0.010001859050638218,1.4023421400752092
2024-05-20,momentum_crowding_penalty_trend,0.004535607009533592,1.4087026129154985
2024-05-21,momentum_crowding_penalty_trend,-0.0029459691106976105,1.4045526185316903
2024-05-22,momentum_crowding_penalty_trend,0.0029326564372769816,1.4086716888099216
2024-05-23,momentum_crowding_penalty_trend,-0.009829033284874522,1.3948258078931484
2024-05-24,momentum_crowding_penalty_trend,-0.008130558441174975,1.383485095146814
2024-05-27,momentum_crowding_penalty_trend,0.008123702486636908,1.3947241164544835
2024-05-28,momentum_crowding_penalty_trend,-0.0007726063938758557,1.3936465436844179
2024-05-29,momentum_crowding_penalty_trend,0.00038000871940849413,1.3941761415227916
2024-05-30,momentum_crowding_penalty_trend,-0.00307664079550507,1.3898867623296627
2024-05-31,momentum_crowding_penalty_trend,-0.0002653827236692237,1.3895179103950839
2024-06-03,momentum_crowding_penalty_trend,-0.00040721931138651293,1.3889520718684536
2024-06-04,momentum_crowding_penalty_trend,0.0010140637077142487,1.3903605577562899
2024-06-05,momentum_crowding_penalty_trend,-0.002876966552139482,1.3863605369362109
2024-06-06,momentum_crowding_penalty_trend,0.001085474504730074,1.387865395953419
2024-06-07,momentum_crowding_penalty_trend,0.0009070111099903337,1.3891242052867199
2024-06-11,momentum_crowding_penalty_trend,-0.004034496830508273,1.3835197880833083
2024-06-12,momentum_crowding_penalty_trend,0.0008092761733797841,1.3846394376832036
2024-06-13,momentum_crowding_penalty_trend,0.0012141032327547892,1.3863205329006947
2024-06-14,momentum_crowding_penalty_trend,-0.0010569129851885368,1.3848553127278385
2024-06-17,momentum_crowding_penalty_trend,-0.0013871297820767028,1.3829343386796866
2024-06-18,momentum_crowding_penalty_trend,0.001766752616134356,1.385377641540491
2024-06-19,momentum_crowding_penalty_trend,-0.0004721034284928316,1.3847236000061625
2024-06-20,momentum_crowding_penalty_trend,0.000561287432246127,1.3855008279599803
2024-06-21,momentum_crowding_penalty_trend,-0.0007881055647623091,1.3844089070474823
2024-06-24,momentum_crowding_penalty_trend,-0.00509749821377482,1.377351885116674
2024-06-25,momentum_crowding_penalty_trend,-0.0030809922330259773,1.3731082746564858
2024-06-26,momentum_crowding_penalty_trend,0.003345498045892296,1.3777020057061475
2024-06-27,momentum_crowding_penalty_trend,-0.0014381980944141522,1.3757205973068705
2024-06-28,momentum_crowding_penalty_trend,0.0021572323156528943,1.3786883462366901
2024-07-01,momentum_crowding_penalty_trend,0.00017015874564685565,1.3789229421163236
2024-07-02,momentum_crowding_penalty_trend,0.0007880961407392696,1.3800096659653824
2024-07-03,momentum_crowding_penalty_trend,0.0013998851708659442,1.3819415210324189
2024-07-04,momentum_crowding_penalty_trend,-0.000254716610636004,1.3815895175720843
2024-07-05,momentum_crowding_penalty_trend,0.0009628535614960428,1.382919785959604
2024-07-08,momentum_crowding_penalty_trend,-0.0010771351811970891,1.3814301944053733
2024-07-09,momentum_crowding_penalty_trend,0.0016177540886520827,1.3836650087505602
2024-07-10,momentum_crowding_penalty_trend,-0.002056408724734637,1.3808196279544556
2024-07-11,momentum_crowding_penalty_trend,0.0016878140273882088,1.3831501946918099
2024-07-12,momentum_crowding_penalty_trend,-0.0026132561817139967,1.3795356688952924
2024-07-15,momentum_crowding_penalty_trend,0.00263335030711749,1.3831684695726574
2024-07-16,momentum_crowding_penalty_trend,0.003013292657272153,1.387336360965791
2024-07-17,momentum_crowding_penalty_trend,-0.0012161480372621734,1.3856491545733798
2024-07-18,momentum_crowding_penalty_trend,-0.0017887481835413453,1.383170577165111
2024-07-19,momentum_crowding_penalty_trend,-0.002646385566439706,1.3795101745137772
2024-07-22,momentum_crowding_penalty_trend,-0.0017502329928787627,1.3770957102923311
2024-07-23,momentum_crowding_penalty_trend,-0.00780432463552747,1.3663484083150175
2024-07-24,momentum_crowding_penalty_trend,-0.005104454861955287,1.359373944539069
2024-07-25,momentum_crowding_penalty_trend,-0.009695210893741901,1.3461945274633047
2024-07-26,momentum_crowding_penalty_trend,0.0042637918431223335,1.3519344207087587
2024-07-29,momentum_crowding_penalty_trend,0.00191912057650798,1.35452894587363
2024-07-30,momentum_crowding_penalty_trend,0.00019767072350330333,1.3547966965903673
2024-07-31,momentum_crowding_penalty_trend,0.006601334866920687,1.3637401632611583
2024-08-01,momentum_crowding_penalty_trend,-0.0010126952348677293,1.362359110096226
2024-08-02,momentum_crowding_penalty_trend,-0.0024813294140030645,1.3589786483639092
2024-08-05,momentum_crowding_penalty_trend,-0.0032388598836978234,1.3545771069369215
2024-08-06,momentum_crowding_penalty_trend,0.002819819080795183,1.3583967693094705
2024-08-07,momentum_crowding_penalty_trend,-0.0008768165094061976,1.357205704595816
2024-08-08,momentum_crowding_penalty_trend,-0.000635725631198277,1.356342894142596
2024-08-09,momentum_crowding_penalty_trend,-0.0013030767480107007,1.3545754752549093
2024-08-12,momentum_crowding_penalty_trend,-0.0007508280000365599,1.353558422059925
2024-08-13,momentum_crowding_penalty_trend,0.0002593563510156716,1.353909476033157
2024-08-14,momentum_crowding_penalty_trend,-0.0022541814757566893,1.3508575183724314
2024-08-15,momentum_crowding_penalty_trend,0.00233635182480565,1.3540135968005331
2024-08-16,momentum_crowding_penalty_trend,-0.0009747582943814247,1.3526937608163465
2024-08-19,momentum_crowding_penalty_trend,0.0002177980084634473,1.3529883748235132
2024-08-20,momentum_crowding_penalty_trend,0.0008577036665238717,1.3541488379133635
2024-08-21,momentum_crowding_penalty_trend,-0.0008955074527989236,1.352936187536813
2024-08-22,momentum_crowding_penalty_trend,-0.00015253220373674382,1.352729821198613
2024-08-23,momentum_crowding_penalty_trend,0.001144601432511109,1.3542781576897576
2024-08-26,momentum_crowding_penalty_trend,-0.00041127940205001976,1.3537211709788535
2024-08-27,momentum_crowding_penalty_trend,-0.00024466475128533577,1.3533899631252462
2024-08-28,momentum_crowding_penalty_trend,-7.415881465539694e-05,1.3532895973298142
2024-08-29,momentum_crowding_penalty_trend,-0.0016227794428616477,1.351093506791029
2024-08-30,momentum_crowding_penalty_trend,0.0008980266304479493,1.3523068247403527
2024-09-02,momentum_crowding_penalty_trend,-0.0021310997947982576,1.3494249239436442
2024-09-03,momentum_crowding_penalty_trend,0.0006434045555467004,1.3502931500870778
2024-09-04,momentum_crowding_penalty_trend,-0.0049084469265596765,1.3436653078245784
2024-09-05,momentum_crowding_penalty_trend,0.00029037078317361014,1.3440554689723345
2024-09-06,momentum_crowding_penalty_trend,0.00010217525904680327,1.3441927981880502
2024-09-09,momentum_crowding_penalty_trend,-0.0040901816311356,1.3386948054961967
2024-09-10,momentum_crowding_penalty_trend,-0.0003791977403063364,1.3381871754509926
2024-09-11,momentum_crowding_penalty_trend,9.64078199143015e-05,1.3383161871592153
2024-09-12,momentum_crowding_penalty_trend,7.995285089344253e-05,1.3384231893537755
2024-09-13,momentum_crowding_penalty_trend,-0.00019264366328466048,1.3381653506075533
2024-09-18,momentum_crowding_penalty_trend,0.07539485453244475,1.4390561325569677
2024-09-19,momentum_crowding_penalty_trend,0.0028732392319031942,1.4431908850939414
2024-09-20,momentum_crowding_penalty_trend,0.0013967030525685042,1.4452065942085912
2024-09-23,momentum_crowding_penalty_trend,-0.00011287070516237185,1.4450434727211976
2024-09-24,momentum_crowding_penalty_trend,0.0026363246001261794,1.4488530763765843
2024-09-25,momentum_crowding_penalty_trend,3.0114158453882912e-05,1.4488967073677026
2024-09-26,momentum_crowding_penalty_trend,0.0040767340119345725,1.4548034738544084
2024-09-27,momentum_crowding_penalty_trend,0.002437857429500297,1.4583500773116074
2024-09-30,momentum_crowding_penalty_trend,0.0054330301469163724,1.4662733372463992
2024-10-08,momentum_crowding_penalty_trend,0.06591807573582836,1.5629272541404333
2024-10-09,momentum_crowding_penalty_trend,-0.0697732369497902,1.453876760502008
2024-10-10,momentum_crowding_penalty_trend,-0.007576380418833262,1.442861637082344
2024-10-11,momentum_crowding_penalty_trend,-0.027155518224501674,1.40367998160112
2024-10-14,momentum_crowding_penalty_trend,0.015293532214298407,1.4251472066183026
2024-10-15,momentum_crowding_penalty_trend,-0.022690316800333156,1.3928101650130236
2024-10-16,momentum_crowding_penalty_trend,-0.011735064234435844,1.3764654482602205
2024-10-17,momentum_crowding_penalty_trend,-0.00039011241077157037,1.375928472005856
2024-10-18,momentum_crowding_penalty_trend,0.06521424817907229,1.4656586128558977
2024-10-21,momentum_crowding_penalty_trend,0.010155433808784635,1.480543011885031
2024-10-22,momentum_crowding_penalty_trend,-0.0017004482684019884,1.4780254250841764
2024-10-23,momentum_crowding_penalty_trend,-0.0026509820455248296,1.4741072062194491
2024-10-24,momentum_crowding_penalty_trend,-0.005370416512442411,1.466190636538058
2024-10-25,momentum_crowding_penalty_trend,0.0014545280203355436,1.4683232519020561
2024-10-28,momentum_crowding_penalty_trend,0.004811499037370572,1.4753880878151318
2024-10-29,momentum_crowding_penalty_trend,-0.012197854249240848,1.4573915189588966
2024-10-30,momentum_crowding_penalty_trend,-0.00490018145208141,1.4502500360692736
2024-10-31,momentum_crowding_penalty_trend,0.012819548400128,1.4688415865989508
2024-11-01,momentum_crowding_penalty_trend,-0.0223929723422323,1.43594985757512
2024-11-04,momentum_crowding_penalty_trend,0.023008334769887274,1.4689886726109802
2024-11-05,momentum_crowding_penalty_trend,0.03945578790807343,1.5269487781168813
2024-11-06,momentum_crowding_penalty_trend,0.004307636573497021,1.5335263185193544
2024-11-07,momentum_crowding_penalty_trend,0.02578268336836908,1.5730647420267994
2024-11-08,momentum_crowding_penalty_trend,-0.0019026510943379597,1.5700717486739175
2024-11-11,momentum_crowding_penalty_trend,0.026143659906459164,1.6111191704999879
2024-11-12,momentum_crowding_penalty_trend,-0.01529251394763085,1.5864811081138213
2024-11-13,momentum_crowding_penalty_trend,0.0022796824056808165,1.5900977811829333
2024-11-14,momentum_crowding_penalty_trend,-0.024648757662954913,1.550903846314153
2024-11-15,momentum_crowding_penalty_trend,-0.027862207418008145,1.5076922416627614
2024-11-18,momentum_crowding_penalty_trend,-0.017329196702245257,1.4815651462405381
2024-11-19,momentum_crowding_penalty_trend,0.014978869978056341,1.5037573179300954
2024-11-20,momentum_crowding_penalty_trend,0.0016575900344773082,1.5062499310745685
2024-11-21,momentum_crowding_penalty_trend,0.002887466288328355,1.510599176972343
2024-11-22,momentum_crowding_penalty_trend,-0.014979091954090175,1.4879717729947013
2024-11-25,momentum_crowding_penalty_trend,0.00017775620348620558,1.4882362692079634
2024-11-26,momentum_crowding_penalty_trend,-0.008013193881645165,1.4763107434411038
2024-11-27,momentum_crowding_penalty_trend,0.009319855285595625,1.4900697459265448
2024-11-28,momentum_crowding_penalty_trend,-0.004200787408876217,1.4838102796995092
2024-11-29,momentum_crowding_penalty_trend,0.010645733847324812,1.499606529017115
2024-12-02,momentum_crowding_penalty_trend,0.008743425409865136,1.5127182268477228
2024-12-03,momentum_crowding_penalty_trend,0.005783732278098874,1.5214673840840105
2024-12-04,momentum_crowding_penalty_trend,-0.0009097304375127903,1.5200832588950264
2024-12-05,momentum_crowding_penalty_trend,-0.0012758852910419336,1.518143807023843
2024-12-06,momentum_crowding_penalty_trend,3.226562184422007e-06,1.5181487054092413
2024-12-09,momentum_crowding_penalty_trend,0.0025441894667681216,1.5220111633545312
2024-12-10,momentum_crowding_penalty_trend,0.00367983244435307,1.5276119094141107
2024-12-11,momentum_crowding_penalty_trend,0.002535631423054685,1.5314853701738538
2024-12-12,momentum_crowding_penalty_trend,0.004608551526758131,1.5385432994147763
2024-12-13,momentum_crowding_penalty_trend,-0.009629064777040097,1.5237285663224305
2024-12-16,momentum_crowding_penalty_trend,-0.0024116855183454406,1.5200538122051415
2024-12-17,momentum_crowding_penalty_trend,-0.0034362549376849238,1.5148305197874048
2024-12-18,momentum_crowding_penalty_trend,0.005332971960990907,1.5229090684750843
2024-12-19,momentum_crowding_penalty_trend,-0.006272862464518414,1.5133560693425723
2024-12-20,momentum_crowding_penalty_trend,-0.004169861234080774,1.5070455845356598
2024-12-23,momentum_crowding_penalty_trend,-0.0008711144100740807,1.5057327754103325
2024-12-24,momentum_crowding_penalty_trend,0.0035305265097944852,1.511048804890585
2024-12-25,momentum_crowding_penalty_trend,0.0013231101613886743,1.51304808891869
2024-12-26,momentum_crowding_penalty_trend,0.005446780033989651,1.5212893290398786
2024-12-27,momentum_crowding_penalty_trend,-0.002108061493912838,1.518082357584229
2024-12-30,momentum_crowding_penalty_trend,-0.0018475330039622142,1.5152776503258594
2024-12-31,momentum_crowding_penalty_trend,-0.01761808653883943,1.488581357552049
2025-01-02,momentum_crowding_penalty_trend,-0.0146668795303884,1.4667485141096512
2025-01-03,momentum_crowding_penalty_trend,-0.0074276890843302254,1.4558539621819413
2025-01-06,momentum_crowding_penalty_trend,0.005703732065657509,1.4641577631089528
2025-01-07,momentum_crowding_penalty_trend,-0.0012836767051606411,1.4622782578957698
2025-01-08,momentum_crowding_penalty_trend,0.000697499243539812,1.4632981958744968
2025-01-09,momentum_crowding_penalty_trend,-0.00152622590379029,1.4610648722629835
2025-01-10,momentum_crowding_penalty_trend,-0.0020101521670762516,1.4581279095437651
2025-01-13,momentum_crowding_penalty_trend,-0.005644373132051443,1.449897691548042
2025-01-14,momentum_crowding_penalty_trend,0.011882844067929456,1.4671265997311582
2025-01-15,momentum_crowding_penalty_trend,0.004583928648121205,1.4738518033820867
2025-01-16,momentum_crowding_penalty_trend,0.006188619112375248,1.4829729108213057
2025-01-17,momentum_crowding_penalty_trend,0.004084852584451315,1.4890306365487453
2025-01-20,momentum_crowding_penalty_trend,0.006964372176854732,1.4994008000844097
2025-01-21,momentum_crowding_penalty_trend,-0.0006121469714025162,1.4984829464257194
2025-01-22,momentum_crowding_penalty_trend,-0.0016962584676636927,1.495941132039195
2025-01-23,momentum_crowding_penalty_trend,-6.406967401958433e-05,1.4958452875785129
2025-01-24,momentum_crowding_penalty_trend,0.007760097997463378,1.507453193599166
2025-01-27,momentum_crowding_penalty_trend,-0.015246829580222596,1.484469311656197
2025-02-05,momentum_crowding_penalty_trend,0.008649382322195823,1.4973090542782783
2025-02-06,momentum_crowding_penalty_trend,0.014498971009808626,1.519018494848983
2025-02-07,momentum_crowding_penalty_trend,0.0066163348655099985,1.5290688298778068
2025-02-10,momentum_crowding_penalty_trend,0.0008531529004483728,1.5303733593850022
2025-02-11,momentum_crowding_penalty_trend,-0.0039001364299664164,1.5244046944946146
2025-02-12,momentum_crowding_penalty_trend,0.009758126867502204,1.539280028900909
2025-02-13,momentum_crowding_penalty_trend,-0.009305977308280401,1.5249555238808679
2025-02-14,momentum_crowding_penalty_trend,0.009549331975886333,1.539517830426868
2025-02-17,momentum_crowding_penalty_trend,0.002491483867988387,1.543353514265857
2025-02-18,momentum_crowding_penalty_trend,-0.010580008210812609,1.5270248214127378
2025-02-19,momentum_crowding_penalty_trend,0.015888056123291073,1.5512862774770018
2025-02-20,momentum_crowding_penalty_trend,-0.0012499390037946756,1.5493472642527317
2025-02-21,momentum_crowding_penalty_trend,0.02094629250399871,1.5818003452400395
2025-02-24,momentum_crowding_penalty_trend,-0.0018093667044932758,1.5789382883622063
2025-02-25,momentum_crowding_penalty_trend,-0.002674033076908933,1.5747161551527278
2025-02-26,momentum_crowding_penalty_trend,0.0073840819047974356,1.5863439882191832
2025-02-27,momentum_crowding_penalty_trend,-0.0029708677030519386,1.581631170098652
2025-02-28,momentum_crowding_penalty_trend,-0.039100210808337345,1.5197890579267574
2025-03-03,momentum_crowding_penalty_trend,0.0002864870983419009,1.5202244578840547
2025-03-04,momentum_crowding_penalty_trend,0.010709301582148391,1.5365050000760931
2025-03-05,momentum_crowding_penalty_trend,0.006914385287350555,1.5471289876425598
2025-03-06,momentum_crowding_penalty_trend,0.023147374844920382,1.5829409622529644
2025-03-07,momentum_crowding_penalty_trend,-0.00781009686313201,1.5705780400091494
2025-03-10,momentum_crowding_penalty_trend,-0.0021337906187193488,1.5672267553214112
2025-03-11,momentum_crowding_penalty_trend,-0.0023415388723307066,1.5635570329520694
2025-03-12,momentum_crowding_penalty_trend,-0.00034321992733287186,1.5630203890208387
2025-03-13,momentum_crowding_penalty_trend,-0.006221640585278397,1.553295837932889
2025-03-14,momentum_crowding_penalty_trend,0.014525393562872014,1.5758580712984351
2025-03-17,momentum_crowding_penalty_trend,0.0007801082241385562,1.5770874111399302
2025-03-18,momentum_crowding_penalty_trend,0.0010747317095237577,1.5787823569893729
2025-03-19,momentum_crowding_penalty_trend,0.002353757115790334,1.5824984271964209
2025-03-20,momentum_crowding_penalty_trend,-0.0024493701163201048,1.5786223028397224
2025-03-21,momentum_crowding_penalty_trend,-0.01100740394268458,1.5612457694794346
2025-03-24,momentum_crowding_penalty_trend,0.0009157551273342127,1.5626754882978642
2025-03-25,momentum_crowding_penalty_trend,-0.0056998463710599915,1.5537684780867451
2025-03-26,momentum_crowding_penalty_trend,0.0038106483120372127,1.5596893433150631
2025-03-27,momentum_crowding_penalty_trend,-5.781696286484317e-05,1.55959916681422
2025-03-28,momentum_crowding_penalty_trend,-0.002632437428592816,1.555493619593896
2025-03-31,momentum_crowding_penalty_trend,-0.007770777654377114,1.5434062245332296
2025-04-01,momentum_crowding_penalty_trend,0.0033005109820742895,1.5485002537271033
2025-04-02,momentum_crowding_penalty_trend,-0.0009739170029922418,1.5469921430008606
2025-04-03,momentum_crowding_penalty_trend,0.00025358099450877296,1.54738443080698
2025-04-07,momentum_crowding_penalty_trend,-0.03592475608527636,1.4917950225600851
2025-04-08,momentum_crowding_penalty_trend,0.005813408295976696,1.5004674361201327
2025-04-09,momentum_crowding_penalty_trend,-0.0021082201136038425,1.4973041204914967
2025-04-10,momentum_crowding_penalty_trend,0.012079911498929096,1.515391421754016
2025-04-11,momentum_crowding_penalty_trend,-0.0035099877734569578,1.510072416391658
2025-04-14,momentum_crowding_penalty_trend,0.004530660407389451,1.5169140417008944
2025-04-15,momentum_crowding_penalty_trend,0.0010375325472642084,1.5184878893905611
2025-04-16,momentum_crowding_penalty_trend,0.0012107594011126711,1.5203264128781164
2025-04-17,momentum_crowding_penalty_trend,0.0039650328378735165,1.5263545570294645
2025-04-18,momentum_crowding_penalty_trend,0.0002108662543986894,1.5266764136977897
2025-04-21,momentum_crowding_penalty_trend,0.0006786448200221565,1.5277124847377959
2025-04-22,momentum_crowding_penalty_trend,0.0028561703085498214,1.532075891776705
2025-04-23,momentum_crowding_penalty_trend,-0.0024032128297354458,1.5283939873374588
2025-04-24,momentum_crowding_penalty_trend,-0.0014380284610452268,1.5261961132839772
2025-04-25,momentum_crowding_penalty_trend,0.001859685137475131,1.5290343575127237
2025-04-28,momentum_crowding_penalty_trend,-0.004462019834927773,1.522211775881216
2025-04-29,momentum_crowding_penalty_trend,-0.0004443384995368447,1.5215353985847435
2025-04-30,momentum_crowding_penalty_trend,-0.0002553780361778446,1.521146831862678
2025-05-06,momentum_crowding_penalty_trend,0.007295829642464997,1.5322448600091234
2025-05-07,momentum_crowding_penalty_trend,0.0003199754181884784,1.5327351406989718
2025-05-08,momentum_crowding_penalty_trend,0.0028060348518404777,1.5370360489224135
2025-05-09,momentum_crowding_penalty_trend,-0.0003114702449334208,1.536557307927784
2025-05-12,momentum_crowding_penalty_trend,0.007939819009882618,1.5487572948510433
2025-05-13,momentum_crowding_penalty_trend,-0.009680074560178773,1.5337652087612645
2025-05-14,momentum_crowding_penalty_trend,0.006284403606307199,1.5434040083704323
2025-05-15,momentum_crowding_penalty_trend,-0.01567096499288979,1.5192173781853735
2025-05-16,momentum_crowding_penalty_trend,0.001818321763126041,1.5219798042070471
2025-05-19,momentum_crowding_penalty_trend,-0.0018076260859784597,1.51922863381063
2025-05-20,momentum_crowding_penalty_trend,0.004506717811464079,1.5260753685543107
2025-05-21,momentum_crowding_penalty_trend,0.00016794240129758254,1.5263316613162667
2025-05-22,momentum_crowding_penalty_trend,-0.01038922808000613,1.5104742535611175
2025-05-23,momentum_crowding_penalty_trend,-0.004055935360254237,1.5043478676253452
2025-05-26,momentum_crowding_penalty_trend,-0.000526525125279271,1.50355579067588
2025-05-27,momentum_crowding_penalty_trend,-0.002490365430003394,1.4998113873126995
2025-05-28,momentum_crowding_penalty_trend,-0.002245483662029124,1.4964435853463636
2025-05-29,momentum_crowding_penalty_trend,0.008557353280119773,1.5092491817699414
2025-05-30,momentum_crowding_penalty_trend,-0.005960385095835009,1.5002534754410186
2025-06-03,momentum_crowding_penalty_trend,0.001592087698453453,1.5026420105438303
2025-06-04,momentum_crowding_penalty_trend,0.006790855298899268,1.5128462350034806
2025-06-05,momentum_crowding_penalty_trend,0.0015424770543246093,1.5151797656076949
2025-06-06,momentum_crowding_penalty_trend,-0.0006310633999812243,1.5142235911132278
2025-06-09,momentum_crowding_penalty_trend,0.005740739342784186,1.5229163540565034
2025-06-10,momentum_crowding_penalty_trend,-0.0022135229244956032,1.51954534379471
2025-06-11,momentum_crowding_penalty_trend,0.005526916062404563,1.5279437433628809
2025-06-12,momentum_crowding_penalty_trend,-0.0030598495212040833,1.523268465431325
2025-06-13,momentum_crowding_penalty_trend,-0.008368941530071916,1.510520320709528
2025-06-16,momentum_crowding_penalty_trend,0.006255181293884651,1.5199688991636628
2025-06-17,momentum_crowding_penalty_trend,0.0006611162727979344,1.5209737753370467
2025-06-18,momentum_crowding_penalty_trend,0.002915173450953334,1.5254076777065055
2025-06-19,momentum_crowding_penalty_trend,-0.006008473404797187,1.5162423062435326
2025-06-20,momentum_crowding_penalty_trend,-0.0017454263594309572,1.5135958169549308
2025-06-23,momentum_crowding_penalty_trend,0.0021221036580425868,1.5168078241748888
2025-06-24,momentum_crowding_penalty_trend,0.0006791801100668748,1.5178380098798623
2025-06-25,momentum_crowding_penalty_trend,0.001275955381597734,1.5197747034569622
2025-06-26,momentum_crowding_penalty_trend,0.0002540901637128279,1.5201608632601704
2025-06-27,momentum_crowding_penalty_trend,0.0012865752651557614,1.522116664625899
2025-06-30,momentum_crowding_penalty_trend,0.001165215958854385,1.5238902592547594
2025-07-01,momentum_crowding_penalty_trend,-0.0031922173460101066,1.5190256703357505
2025-07-02,momentum_crowding_penalty_trend,-0.005064497164478565,1.511332569135565
2025-07-03,momentum_crowding_penalty_trend,0.005446530434768393,1.5195640879704186
2025-07-04,momentum_crowding_penalty_trend,-0.004090633086947371,1.5133481088344298
2025-07-07,momentum_crowding_penalty_trend,-0.0023833256174247476,1.5097413075185635
2025-07-08,momentum_crowding_penalty_trend,0.007561925684344916,1.5211578590886046
2025-07-09,momentum_crowding_penalty_trend,-0.0004582365527524669,1.5204608089550635
2025-07-10,momentum_crowding_penalty_trend,0.0023453679003170858,1.524026848930077
2025-07-11,momentum_crowding_penalty_trend,0.002288684732799396,1.5275148659115996
2025-07-14,momentum_crowding_penalty_trend,-0.00251197391496224,1.5236777884137125
2025-07-15,momentum_crowding_penalty_trend,-0.0017221493733317488,1.5210537876652364
2025-07-16,momentum_crowding_penalty_trend,-0.002936285243468617,1.5165875398739928
2025-07-17,momentum_crowding_penalty_trend,0.007222967807841575,1.527541802852276
2025-07-18,momentum_crowding_penalty_trend,0.004714854420993864,1.534743940074707
2025-07-21,momentum_crowding_penalty_trend,0.007916392538340082,1.546893575550177
2025-07-22,momentum_crowding_penalty_trend,0.0036841418870948053,1.552592550966739
2025-07-23,momentum_crowding_penalty_trend,-0.00014738245146386222,1.552363726070453
2025-07-24,momentum_crowding_penalty_trend,0.008773134541763128,1.565982821897022
2025-07-25,momentum_crowding_penalty_trend,0.0014005984091422508,1.5681761349461152
2025-07-28,momentum_crowding_penalty_trend,0.0027854404691575593,1.5725441962151614
2025-07-29,momentum_crowding_penalty_trend,0.00436602119386057,1.5794099575041192
2025-07-30,momentum_crowding_penalty_trend,-0.00848941665531099,1.5660016883053196
2025-07-31,momentum_crowding_penalty_trend,-0.01767826155502251,1.5383175008638514
2025-08-01,momentum_crowding_penalty_trend,-0.0016539690745647762,1.535773171290561
2025-08-04,momentum_crowding_penalty_trend,0.002906745496130279,1.5402372730392875
2025-08-05,momentum_crowding_penalty_trend,0.0076178254418277636,1.5519705317242976
2025-08-06,momentum_crowding_penalty_trend,0.009398402113789452,1.566556574850194
2025-08-07,momentum_crowding_penalty_trend,-0.0008357553082134483,1.5652473168771461
2025-08-08,momentum_crowding_penalty_trend,-0.007008322474009443,1.554277558928893
2025-08-11,momentum_crowding_penalty_trend,0.009714309543215189,1.5693762922524013
2025-08-12,momentum_crowding_penalty_trend,0.003811149984951734,1.5753574206850027
2025-08-13,momentum_crowding_penalty_trend,0.008396437631883457,1.5885848110157093
2025-08-14,momentum_crowding_penalty_trend,-0.0056463033302927125,1.579615179306819
2025-08-15,momentum_crowding_penalty_trend,0.008797613404978578,1.5935120229829962
2025-08-18,momentum_crowding_penalty_trend,0.00942286020809128,1.6085274640154776
2025-08-19,momentum_crowding_penalty_trend,-0.007529297425233373,1.5964163823222488
2025-08-20,momentum_crowding_penalty_trend,0.010397953878836942,1.6130158462370554
2025-08-21,momentum_crowding_penalty_trend,-0.003856785072727531,1.6067947907992153
2025-08-22,momentum_crowding_penalty_trend,0.04064709649960779,1.6721063337158981
2025-08-25,momentum_crowding_penalty_trend,0.019694510149416495,1.7050376488761696
2025-08-26,momentum_crowding_penalty_trend,-0.008341141526435647,1.6908156885389924
2025-08-27,momentum_crowding_penalty_trend,-0.0073302197596569986,1.6784216379689259
2025-08-28,momentum_crowding_penalty_trend,0.03479691985612424,1.7368255411901152
2025-08-29,momentum_crowding_penalty_trend,-0.0016721272587120084,1.733921347859064
2025-09-01,momentum_crowding_penalty_trend,0.006584179742738409,1.7453377976731392
2025-09-02,momentum_crowding_penalty_trend,-0.017177699079752737,1.7153569101921917
2025-09-03,momentum_crowding_penalty_trend,-0.007809572624370088,1.7019607058253308
2025-09-04,momentum_crowding_penalty_trend,-0.037704922348439376,1.6377884095720916
2025-09-05,momentum_crowding_penalty_trend,0.039470081562992324,1.7024320516808253
2025-09-08,momentum_crowding_penalty_trend,0.0035172894582650087,1.7084199979896146
2025-09-09,momentum_crowding_penalty_trend,-0.0006513573069796604,1.7073072061405339
2025-09-10,momentum_crowding_penalty_trend,-0.0016449944454205,1.7044986952698062
2025-09-11,momentum_crowding_penalty_trend,0.0050957403924043135,1.713184378120093
2025-09-12,momentum_crowding_penalty_trend,0.002009311566034677,1.7166266993057997
2025-09-15,momentum_crowding_penalty_trend,0.0016939655787273102,1.7195346058459482
2025-09-16,momentum_crowding_penalty_trend,0.011615866256968711,1.7395084898516842
2025-09-17,momentum_crowding_penalty_trend,0.008363005520499156,1.7540560089552688
2025-09-18,momentum_crowding_penalty_trend,-0.0004381255392739154,1.7532875122204286
2025-09-19,momentum_crowding_penalty_trend,-0.0075028317752730235,1.7401328909625517
2025-09-22,momentum_crowding_penalty_trend,0.016006224651643412,1.7679858489390121
2025-09-23,momentum_crowding_penalty_trend,0.0015352994711833826,1.770700236677948
2025-09-24,momentum_crowding_penalty_trend,0.021510622275837245,1.808789100632863
2025-09-25,momentum_crowding_penalty_trend,0.005948587483534484,1.8195488408372413
2025-09-26,momentum_crowding_penalty_trend,-0.013091323686271151,1.7957285379988615
2025-09-29,momentum_crowding_penalty_trend,0.011177351734078451,1.8158000274869974
2025-09-30,momentum_crowding_penalty_trend,0.00807970045300286,1.8304711477916467
2025-10-09,momentum_crowding_penalty_trend,0.025150497184184564,1.8765084072399114
2025-10-10,momentum_crowding_penalty_trend,-0.02657729443334622,1.8266358907940468
2025-10-13,momentum_crowding_penalty_trend,0.0008890085488260989,1.828259785716555
2025-10-14,momentum_crowding_penalty_trend,-0.018517902667251597,1.7944042489542056
2025-10-15,momentum_crowding_penalty_trend,0.017472549210023523,1.8257570654967334
2025-10-16,momentum_crowding_penalty_trend,0.004148556765284795,1.8333313223225665
2025-10-17,momentum_crowding_penalty_trend,-0.01586668249475717,1.804242436323581
2025-10-20,momentum_crowding_penalty_trend,-0.002264895184702027,1.8001560163175165
2025-10-21,momentum_crowding_penalty_trend,0.003450325811743804,1.8063671410857827
2025-10-22,momentum_crowding_penalty_trend,-0.007661923279034821,1.7925268946370139
2025-10-23,momentum_crowding_penalty_trend,0.0015834389766838488,1.7953652515887362
2025-10-24,momentum_crowding_penalty_trend,0.00010738160252603561,1.7955580407865714
2025-10-27,momentum_crowding_penalty_trend,0.007914927241310654,1.8097697520369473
2025-10-28,momentum_crowding_penalty_trend,-0.0028793115999495855,1.8045588609966694
2025-10-29,momentum_crowding_penalty_trend,0.009755860584006881,1.8221638856601872
2025-10-30,momentum_crowding_penalty_trend,-0.005925401567277656,1.8113668329162596
2025-10-31,momentum_crowding_penalty_trend,-0.0037972058017080364,1.8044887002692884
2025-11-03,momentum_crowding_penalty_trend,0.00703967150467253,1.8171917079530777
2025-11-04,momentum_crowding_penalty_trend,-0.0231439985848916,1.775134625635735
2025-11-05,momentum_crowding_penalty_trend,-0.003926388604373866,1.7681647572704093
2025-11-06,momentum_crowding_penalty_trend,0.016570552047888487,1.7974642234100007
2025-11-07,momentum_crowding_penalty_trend,-0.0051969467973929095,1.7881228974707217
2025-11-10,momentum_crowding_penalty_trend,0.0037721241355122026,1.7948679190095331
2025-11-11,momentum_crowding_penalty_trend,-0.00035753093026186233,1.7942261982127523
2025-11-12,momentum_crowding_penalty_trend,-0.0025282448378598833,1.789689955089168
2025-11-13,momentum_crowding_penalty_trend,0.013043941259551217,1.8130345657361602
2025-11-14,momentum_crowding_penalty_trend,-0.008069482493842019,1.7984043150472218
2025-11-17,momentum_crowding_penalty_trend,-0.0041686746845314045,1.7909073525065324
2025-11-18,momentum_crowding_penalty_trend,-0.019530327007879454,1.755930346271264
2025-11-19,momentum_crowding_penalty_trend,-0.0009411123593487389,1.7542778185202328
2025-11-20,momentum_crowding_penalty_trend,0.006760281298150116,1.766137230048535
2025-11-21,momentum_crowding_penalty_trend,-0.02618301445497908,1.7198944334246975
2025-11-24,momentum_crowding_penalty_trend,0.002819060433244934,1.7247429197713233
2025-11-25,momentum_crowding_penalty_trend,0.0006494722298437173,1.7258630924013345
2025-11-26,momentum_crowding_penalty_trend,-0.004073348683193234,1.7188330502465299
2025-11-27,momentum_crowding_penalty_trend,0.0017862261095879183,1.721903274718903
2025-11-28,momentum_crowding_penalty_trend,0.002598588178793315,1.726377792213613
2025-12-01,momentum_crowding_penalty_trend,6.729966963443568e-05,1.7264939768686933
2025-12-02,momentum_crowding_penalty_trend,-0.001702443353233274,1.723554718673376
2025-12-03,momentum_crowding_penalty_trend,0.0052577159810775825,1.7326166798620066
2025-12-04,momentum_crowding_penalty_trend,-7.924502921097238e-05,1.7324793786025996
2025-12-05,momentum_crowding_penalty_trend,0.004102538603552997,1.7395869421331762
2025-12-08,momentum_crowding_penalty_trend,-0.0014328131492841888,1.7370944390881646
2025-12-09,momentum_crowding_penalty_trend,-0.007243224149813289,1.724512274696455
2025-12-10,momentum_crowding_penalty_trend,0.009748875606291885,1.741324330343994
2025-12-11,momentum_crowding_penalty_trend,0.00209516858001706,1.7449726983685498
2025-12-12,momentum_crowding_penalty_trend,0.008451043950121152,1.7597195393342238
2025-12-15,momentum_crowding_penalty_trend,-0.004479809325511519,1.7518363313316294
2025-12-16,momentum_crowding_penalty_trend,-0.009567255604457503,1.7350760653726047
2025-12-17,momentum_crowding_penalty_trend,0.024119062729254404,1.7769244738333545
2025-12-18,momentum_crowding_penalty_trend,-0.0010414353586096876,1.7750739218567255
2025-12-19,momentum_crowding_penalty_trend,0.003857740677865984,1.7819216967312912
2025-12-22,momentum_crowding_penalty_trend,0.01805150809254227,1.8140880706601128
2025-12-23,momentum_crowding_penalty_trend,0.008478813385215535,1.8294693848755856
2025-12-24,momentum_crowding_penalty_trend,0.016225473657730947,1.8591533921875096
2025-12-25,momentum_crowding_penalty_trend,-0.006902428636498847,1.8463207185736306
2025-12-26,momentum_crowding_penalty_trend,-0.006767924636320932,1.8338249590958464
2025-12-29,momentum_crowding_penalty_trend,-0.0003378755427461817,1.8332053544924904
2025-12-30,momentum_crowding_penalty_trend,0.0021252142503083832,1.8371013086355994
2025-12-31,momentum_crowding_penalty_trend,-0.009701779867069393,1.8192781561457116
2026-01-05,momentum_crowding_penalty_trend,0.0355846524515102,1.8840165370447812
2026-01-06,momentum_crowding_penalty_trend,0.02341886968218745,1.9281380748049193
2026-01-07,momentum_crowding_penalty_trend,0.006107653560048466,1.9399144741817664
2026-01-08,momentum_crowding_penalty_trend,-0.0008726121397624521,1.9382216812614945
2026-01-09,momentum_crowding_penalty_trend,0.012456660513782095,1.962365450745421
2026-01-12,momentum_crowding_penalty_trend,0.028908722803269844,2.019094929599734
2026-01-13,momentum_crowding_penalty_trend,-0.021041833343532934,1.976609470586324
2026-01-14,momentum_crowding_penalty_trend,0.015027989487658135,2.006313936931501
2026-01-15,momentum_crowding_penalty_trend,0.002942302784098405,2.01221712001391
2026-01-16,momentum_crowding_penalty_trend,0.007454264498722153,2.0272167186553505
2026-01-19,momentum_crowding_penalty_trend,0.009943106965408318,2.0473735513310047
2026-01-20,momentum_crowding_penalty_trend,-0.0018369838395504337,2.043612559203687
2026-01-21,momentum_crowding_penalty_trend,0.02577471120504178,2.096286082732158
2026-01-22,momentum_crowding_penalty_trend,0.0033200631901542767,2.1032458849914697
2026-01-23,momentum_crowding_penalty_trend,0.006042692696324781,2.115955153539283
2026-01-26,momentum_crowding_penalty_trend,0.002919314671693643,2.122132292463656
2026-01-27,momentum_crowding_penalty_trend,0.01660482884742558,2.15736993597161
2026-01-28,momentum_crowding_penalty_trend,0.01677022563683681,2.193549516579982
2026-01-29,momentum_crowding_penalty_trend,-0.0028267581059633782,2.1873488827031573
2026-01-30,momentum_crowding_penalty_trend,-0.0012536594248101828,2.1846066921610086
2026-02-02,momentum_crowding_penalty_trend,-0.03314078600160133,2.1122071092784345
2026-02-03,momentum_crowding_penalty_trend,0.03146739016649372,2.1786727544985407
2026-02-04,momentum_crowding_penalty_trend,0.01716766987912394,2.2160754891224133
2026-02-05,momentum_crowding_penalty_trend,-0.01900423939519227,2.173960660009313
2026-02-06,momentum_crowding_penalty_trend,-0.0027071990580534,2.1680753157582906
2026-02-09,momentum_crowding_penalty_trend,0.017971355620269407,2.2070385682693106
2026-02-10,momentum_crowding_penalty_trend,0.004244296775397294,2.2164058949477936
2026-02-11,momentum_crowding_penalty_trend,0.002886873627253917,2.2228043786732083
2026-02-12,momentum_crowding_penalty_trend,0.0008784448707871984,2.224756989778417
2026-02-13,momentum_crowding_penalty_trend,9.816514634631829e-05,2.224975383373904
2026-02-24,momentum_crowding_penalty_trend,0.0022395837234559604,2.229958402027598
2026-02-25,momentum_crowding_penalty_trend,0.007580280777734384,2.246862112837635
2026-02-26,momentum_crowding_penalty_trend,0.008138610534273717,2.265148448498236
2026-02-27,momentum_crowding_penalty_trend,-0.0003744927777810104,2.2643001667636713
2026-03-02,momentum_crowding_penalty_trend,-0.0013816179695382827,2.261171768964842
2026-03-03,momentum_crowding_penalty_trend,-0.018967899282461138,2.2182820905907725
2026-03-04,momentum_crowding_penalty_trend,-0.00919818794215236,2.197877915012808
2026-03-05,momentum_crowding_penalty_trend,0.010894012594979397,2.2218216247011844
2026-03-06,momentum_crowding_penalty_trend,0.004055142437370774,2.230831427859778
2026-03-09,momentum_crowding_penalty_trend,-0.0018332714567234898,2.226741708278321
2026-03-10,momentum_crowding_penalty_trend,-0.00913066057733124,2.206410085546645
2026-03-11,momentum_crowding_penalty_trend,0.011282545757128469,2.2313040082958144
2026-03-12,momentum_crowding_penalty_trend,0.009941169082008339,2.253485778715646
2026-03-13,momentum_crowding_penalty_trend,0.002443211092142883,2.2589915201661905
2026-03-16,momentum_crowding_penalty_trend,-0.005278637150643381,2.247067123604853
2026-03-17,momentum_crowding_penalty_trend,-0.013405261725789144,2.2169446006975138
2026-03-18,momentum_crowding_penalty_trend,0.0018942199374549105,2.221143981360388
2026-03-19,momentum_crowding_penalty_trend,-0.008577084088798837,2.2020930426589307
2026-03-20,momentum_crowding_penalty_trend,-0.0026369348134742347,2.196286266852234
2026-03-23,momentum_crowding_penalty_trend,-0.020860116006853228,2.1504714805414378
2026-03-24,momentum_crowding_penalty_trend,0.004107076015845789,2.1593036303819297
2026-03-25,momentum_crowding_penalty_trend,0.004499387276261158,2.1690191736620545
2026-03-26,momentum_crowding_penalty_trend,-0.0032724145871687368,2.161921243678314
2026-03-27,momentum_crowding_penalty_trend,0.005052028810008435,2.1728433320863463
2026-03-30,momentum_crowding_penalty_trend,0.008275910235419006,2.190825588458322
2026-03-31,momentum_crowding_penalty_trend,-0.004922668640672165,2.180040880036836
2026-04-01,momentum_crowding_penalty_trend,-0.0027476209984690324,2.174050953937326
2026-04-02,momentum_crowding_penalty_trend,0.00019612160737087316,2.1744773323049182
2026-04-03,momentum_crowding_penalty_trend,-0.002989215372992124,2.1679773512349696
2026-04-07,momentum_crowding_penalty_trend,0.0016533979231403034,2.1715618804849166
2026-04-08,momentum_crowding_penalty_trend,9.608898664236582e-05,2.1717705436654438
2026-04-09,momentum_crowding_penalty_trend,1.823307365771029e-05,2.1718101417177342
2026-04-10,momentum_crowding_penalty_trend,-0.0004762148303462592,2.170775893519552
2026-04-13,momentum_crowding_penalty_trend,0.0004228950307578877,2.1716939038578102
2026-04-14,momentum_crowding_penalty_trend,0.014119483167603765,2.202357099378518
2026-04-15,momentum_crowding_penalty_trend,0.00016904102264305747,2.202729388074822
2026-04-16,momentum_crowding_penalty_trend,0.015163068218076559,2.2361295240521626
2026-04-17,momentum_crowding_penalty_trend,0.002165246520700004,2.240971295723951
2026-04-20,momentum_crowding_penalty_trend,0.006291646247736422,2.2550706943679777
2026-04-21,momentum_crowding_penalty_trend,-0.002259312132159563,2.2499757857893146
2026-04-22,momentum_crowding_penalty_trend,0.01238039305204326,2.277831370374966
2026-04-23,momentum_crowding_penalty_trend,-0.007955383537790128,2.2597103481892233
2026-04-24,momentum_crowding_penalty_trend,0.0010805821365786894,2.262152150825319
2026-04-27,momentum_crowding_penalty_trend,0.01588052355721695,2.2980763113465095
2026-04-28,momentum_crowding_penalty_trend,-0.009370993242518779,2.276541053762089
2026-04-29,momentum_crowding_penalty_trend,0.008299729670702983,2.2954357290925715
2026-04-30,momentum_crowding_penalty_trend,0.015525485934148608,2.331073484217341
2026-05-06,momentum_crowding_penalty_trend,0.02455563667235479,2.388314477752342
2026-05-07,momentum_crowding_penalty_trend,0.016177396614188436,2.42695118829835
2026-05-08,momentum_crowding_penalty_trend,-0.004685358302307485,2.4155800523989615
2026-05-11,momentum_crowding_penalty_trend,0.02671363373792004,2.4801089731833734
2026-05-12,momentum_crowding_penalty_trend,-0.0030502834224251933,2.4725439378966643
2026-05-13,momentum_crowding_penalty_trend,0.02763798745365422,2.540880076230861
2026-05-14,momentum_crowding_penalty_trend,-0.01612099145949644,2.4999185702223388
2026-05-15,momentum_crowding_penalty_trend,-0.008372644901390214,2.478987639751476
2026-05-18,momentum_crowding_penalty_trend,-0.0039010906905977104,2.4693168841479345
2026-05-19,momentum_crowding_penalty_trend,0.005249064215571619,2.4822784870414223
2026-05-20,momentum_crowding_penalty_trend,0.01051770140386511,2.508386350969362
2026-05-21,momentum_crowding_penalty_trend,-0.011727933933071777,2.478968161566574
2026-05-22,momentum_crowding_penalty_trend,0.017012695820507486,2.5211420928480286
2026-05-25,momentum_crowding_penalty_trend,0.030818784474552254,2.5988406276372333
2026-05-26,momentum_crowding_penalty_trend,-0.0046702591258646845,2.5867033684793426
2026-05-27,momentum_crowding_penalty_trend,-0.007790593715889105,2.5665514134719984
2026-05-28,momentum_crowding_penalty_trend,0.0019840564534721276,2.5716435963670654
2026-05-29,momentum_crowding_penalty_trend,-0.011075840448586817,2.543160482203074
2026-06-01,momentum_crowding_penalty_trend,-0.004124292580170854,2.53267174429614
2026-06-02,momentum_crowding_penalty_trend,0.00786761467424143,2.5525978296766008
2026-06-03,momentum_crowding_penalty_trend,0.012574095472339319,2.58469443848944
2026-06-04,momentum_crowding_penalty_trend,-0.007246437450003463,2.5659646119135546
2026-06-05,momentum_crowding_penalty_trend,-0.024688614478604806,2.502614500844278
2026-06-08,momentum_crowding_penalty_trend,-0.035714753027131126,2.4132342420245076
2026-06-09,momentum_crowding_penalty_trend,0.00447543635878942,2.4240345182935394
2026-06-10,momentum_crowding_penalty_trend,-0.01690391843592156,2.3830588365104473
2026-06-11,momentum_crowding_penalty_trend,0.00080121877455408,2.3849681879911264
2026-06-12,momentum_crowding_penalty_trend,0.006038606494340548,2.399370072379925
2026-06-15,momentum_crowding_penalty_trend,0.007214511779070669,2.4166803560294596
2026-06-16,momentum_crowding_penalty_trend,-0.0016937834602134161,2.4125870228137942
2026-06-17,momentum_crowding_penalty_trend,0.003791550943275313,2.4217344694158776
2026-06-18,momentum_crowding_penalty_trend,-0.003445306158284989,2.413390852734668
2026-06-22,momentum_crowding_penalty_trend,0.010313747347017331,2.438281956239376
2026-06-23,momentum_crowding_penalty_trend,-0.028327018202177357,2.3692126988829427
2026-06-24,momentum_crowding_penalty_trend,0.017425651294784027,2.4104977732168513
2026-06-25,momentum_crowding_penalty_trend,0.027537524374415548,2.4768769144012848
2026-06-26,momentum_crowding_penalty_trend,-0.023659656508646053,2.418274857392355
2026-06-29,momentum_crowding_penalty_trend,0.01562997837635541,2.4560724411214814
2026-06-30,momentum_crowding_penalty_trend,0.024213590059431068,2.515542772367063
2026-07-01,momentum_crowding_penalty_trend,-0.008786428798767176,2.4934401349074067
2026-07-02,momentum_crowding_penalty_trend,-0.04811994430579648,2.3734559344858246
2026-07-03,momentum_crowding_penalty_trend,-0.045110410346217544,2.2663883633425037
2026-07-06,momentum_crowding_penalty_trend,-0.0036171140682396213,2.258190578109363
2026-07-07,momentum_crowding_penalty_trend,-0.006529064597590251,2.243446705951217
2026-07-08,momentum_crowding_penalty_trend,-0.0044690478086905966,2.2334206353660715
2026-07-09,momentum_crowding_penalty_trend,0.001075704553594359,2.235823136113626
2026-07-10,momentum_crowding_penalty_trend,-0.002288073628958209,2.23070740815687
2026-07-13,momentum_crowding_penalty_trend,-0.0017360951340626516,2.226834687880051
2026-07-14,momentum_crowding_penalty_trend,0.01230746270728358,2.2542413727564203
2026-07-15,momentum_crowding_penalty_trend,-0.007633058307366082,2.237034616919294
2026-07-16,momentum_crowding_penalty_trend,-0.02173260020539666,2.188418037944154
2026-07-17,momentum_crowding_penalty_trend,-0.035324518668478896,2.11111322410836
2026-07-20,momentum_crowding_penalty_trend,0.009517073745014162,2.1312048443462737
2026-07-21,momentum_crowding_penalty_trend,-0.0012839134915140066,2.1284685616934373
2026-07-22,momentum_crowding_penalty_trend,0.0024041606293847585,2.133585742010344
2026-07-23,momentum_crowding_penalty_trend,0.001554067830107216,2.1369014789747776
2026-07-24,momentum_crowding_penalty_trend,-0.00425225802436174,2.1278148225135367
2026-07-27,momentum_crowding_penalty_trend,-0.0003263490299938455,2.127120412210203
2026-07-28,momentum_crowding_penalty_trend,-0.0038565545428167814,2.1189170563213753
2026-07-29,momentum_crowding_penalty_trend,0.003156620063441958,2.1256056724141286
2026-07-30,momentum_crowding_penalty_trend,0.00032583486308663807,2.1262982688473757
2026-07-31,momentum_crowding_penalty_trend,0.0006903127363849274,2.127766079623714
2026-08-03,momentum_crowding_penalty_trend,-0.0007734210441177702,2.126120420560773
2026-08-04,momentum_crowding_penalty_trend,0.000522857543696583,2.127232078661471
2026-08-05,momentum_crowding_penalty_trend,0.0044124559418352105,2.1366183964866234
2026-08-06,momentum_crowding_penalty_trend,-0.0007308576374031964,2.135056832613335
2026-08-07,momentum_crowding_penalty_trend,0.003551586168845414,2.142639670929743
2026-08-10,momentum_crowding_penalty_trend,-0.0005185980956466903,2.1415285020767416
2026-08-11,momentum_crowding_penalty_trend,-0.0030550878020278592,2.134985944472352
2026-08-12,momentum_crowding_penalty_trend,0.000595951771621802,2.136258293128348
2026-08-13,momentum_crowding_penalty_trend,-0.0013532769685021743,2.1333673439814858
2026-08-14,momentum_crowding_penalty_trend,0.0025426625013112913,2.1387917771285494
2026-08-17,momentum_crowding_penalty_trend,0.003219113840658133,2.1456767913405894
2026-08-18,momentum_crowding_penalty_trend,-0.0011212517121892273,2.143270947564494
2026-08-19,momentum_crowding_penalty_trend,-0.0075122732472335425,2.1271701105635326
2026-08-20,momentum_crowding_penalty_trend,0.0017062120623293413,2.1307995138648024
2026-08-21,momentum_crowding_penalty_trend,9.605527059072263e-05,2.131004188388681
