date,turnover,transaction_cost,strategy,optimizer_status,optimizer_target_exposure,optimizer_exposure_limit,optimizer_objective,optimizer_signal_component,optimizer_risk_component,optimizer_crowding_component,optimizer_turnover_component,optimizer_ex_ante_volatility,optimizer_iterations
2018-01-08,0.0,0.0,momentum_top_quantile,,,,,,,,,,
2018-01-15,0.6000000000000001,0.00018000000000000004,momentum_top_quantile,,,,,,,,,,
2018-01-22,0.2,6.000000000000001e-05,momentum_top_quantile,,,,,,,,,,
2018-01-29,0.6,0.00017999999999999998,momentum_top_quantile,,,,,,,,,,
2018-02-05,1.0,0.0003,momentum_top_quantile,,,,,,,,,,
2018-02-12,0.8,0.00024000000000000003,momentum_top_quantile,,,,,,,,,,
2018-02-22,1.0,0.0003,momentum_top_quantile,,,,,,,,,,
2018-02-26,0.4,0.00012000000000000002,momentum_top_quantile,,,,,,,,,,
2018-03-05,0.4,0.00012000000000000002,momentum_top_quantile,,,,,,,,,,
2018-03-12,0.8,0.00024000000000000003,momentum_top_quantile,,,,,,,,,,
2018-03-19,0.8,0.00024000000000000003,momentum_top_quantile,,,,,,,,,,
2018-03-26,1.0000000000000002,0.0003000000000000001,momentum_top_quantile,,,,,,,,,,
2018-04-02,0.6000000000000001,0.00018000000000000004,momentum_top_quantile,,,,,,,,,,
2018-04-09,0.4,0.00012000000000000002,momentum_top_quantile,,,,,,,,,,
2018-04-16,1.2000000000000002,0.0003600000000000001,momentum_top_quantile,,,,,,,,,,
2018-04-23,0.6000000000000001,0.00018000000000000004,momentum_top_quantile,,,,,,,,,,
2018-05-02,1.0000000000000002,0.0003000000000000001,momentum_top_quantile,,,,,,,,,,
2018-05-07,0.6,0.00017999999999999998,momentum_top_quantile,,,,,,,,,,
2018-05-14,1.0,0.0003,momentum_top_quantile,,,,,,,,,,
2018-05-21,0.6000000000000001,0.00018000000000000004,momentum_top_quantile,,,,,,,,,,
2018-05-28,0.8,0.00024000000000000003,momentum_top_quantile,,,,,,,,,,
2018-06-04,1.0,0.0003,momentum_top_quantile,,,,,,,,,,
2018-06-11,1.0,0.0003,momentum_top_quantile,,,,,,,,,,
2018-06-19,0.8,0.00024000000000000003,momentum_top_quantile,,,,,,,,,,
2018-06-25,0.2,6.000000000000001e-05,momentum_top_quantile,,,,,,,,,,
2018-07-02,0.8,0.00024000000000000003,momentum_top_quantile,,,,,,,,,,
2018-07-09,0.8,0.00024000000000000003,momentum_top_quantile,,,,,,,,,,
2018-07-16,0.8,0.00024000000000000003,momentum_top_quantile,,,,,,,,,,
2018-07-23,0.8,0.00024000000000000003,momentum_top_quantile,,,,,,,,,,
2018-07-30,1.2,0.00035999999999999997,momentum_top_quantile,,,,,,,,,,
2018-08-06,1.2000000000000002,0.0003600000000000001,momentum_top_quantile,,,,,,,,,,
2018-08-13,1.0,0.0003,momentum_top_quantile,,,,,,,,,,
2018-08-20,0.6000000000000001,0.00018000000000000004,momentum_top_quantile,,,,,,,,,,
2018-08-27,0.8,0.00024000000000000003,momentum_top_quantile,,,,,,,,,,
2018-09-03,0.8,0.00024000000000000003,momentum_top_quantile,,,,,,,,,,
2018-09-10,1.0,0.0003,momentum_top_quantile,,,,,,,,,,
2018-09-17,0.6000000000000001,0.00018000000000000004,momentum_top_quantile,,,,,,,,,,
2018-09-25,1.0000000000000002,0.0003000000000000001,momentum_top_quantile,,,,,,,,,,
2018-10-08,0.4,0.00012000000000000002,momentum_top_quantile,,,,,,,,,,
2018-10-15,0.8,0.00024000000000000003,momentum_top_quantile,,,,,,,,,,
2018-10-22,0.6000000000000001,0.00018000000000000004,momentum_top_quantile,,,,,,,,,,
2018-10-29,1.2000000000000002,0.0003600000000000001,momentum_top_quantile,,,,,,,,,,
2018-11-05,0.8,0.00024000000000000003,momentum_top_quantile,,,,,,,,,,
2018-11-12,0.6,0.00017999999999999998,momentum_top_quantile,,,,,,,,,,
2018-11-19,0.6,0.00017999999999999998,momentum_top_quantile,,,,,,,,,,
2018-11-26,0.7999999999999999,0.00023999999999999998,momentum_top_quantile,,,,,,,,,,
2018-12-03,0.6000000000000001,0.00018000000000000004,momentum_top_quantile,,,,,,,,,,
2018-12-10,1.2000000000000002,0.0003600000000000001,momentum_top_quantile,,,,,,,,,,
2018-12-17,0.6000000000000001,0.00018000000000000004,momentum_top_quantile,,,,,,,,,,
2018-12-24,0.8,0.00024000000000000003,momentum_top_quantile,,,,,,,,,,
2019-01-02,0.2,6.000000000000001e-05,momentum_top_quantile,,,,,,,,,,
2019-01-07,0.8,0.00024000000000000003,momentum_top_quantile,,,,,,,,,,
2019-01-14,0.6,0.00017999999999999998,momentum_top_quantile,,,,,,,,,,
2019-01-21,0.8,0.00024000000000000003,momentum_top_quantile,,,,,,,,,,
2019-01-28,0.4,0.00012000000000000002,momentum_top_quantile,,,,,,,,,,
2019-02-11,0.8,0.00024000000000000003,momentum_top_quantile,,,,,,,,,,
2019-02-18,1.2000000000000002,0.0003600000000000001,momentum_top_quantile,,,,,,,,,,
2019-02-25,0.2,6.000000000000001e-05,momentum_top_quantile,,,,,,,,,,
2019-03-04,0.2,6.000000000000001e-05,momentum_top_quantile,,,,,,,,,,
2019-03-11,0.2,6.000000000000001e-05,momentum_top_quantile,,,,,,,,,,
2019-03-18,1.2000000000000002,0.0003600000000000001,momentum_top_quantile,,,,,,,,,,
2019-03-25,1.0000000000000002,0.0003000000000000001,momentum_top_quantile,,,,,,,,,,
2019-04-01,1.0000000000000002,0.0003000000000000001,momentum_top_quantile,,,,,,,,,,
2019-04-08,1.0000000000000002,0.0003000000000000001,momentum_top_quantile,,,,,,,,,,
2019-04-15,1.2000000000000002,0.0003600000000000001,momentum_top_quantile,,,,,,,,,,
2019-04-22,1.0000000000000002,0.0003000000000000001,momentum_top_quantile,,,,,,,,,,
2019-04-29,1.0000000000000002,0.0003000000000000001,momentum_top_quantile,,,,,,,,,,
2019-05-06,0.8,0.00024000000000000003,momentum_top_quantile,,,,,,,,,,
2019-05-13,0.7999999999999999,0.00023999999999999998,momentum_top_quantile,,,,,,,,,,
2019-05-20,1.2000000000000002,0.0003600000000000001,momentum_top_quantile,,,,,,,,,,
2019-05-27,1.2000000000000002,0.0003600000000000001,momentum_top_quantile,,,,,,,,,,
2019-06-03,1.2000000000000002,0.0003600000000000001,momentum_top_quantile,,,,,,,,,,
2019-06-10,1.2000000000000002,0.0003600000000000001,momentum_top_quantile,,,,,,,,,,
2019-06-17,1.0,0.0003,momentum_top_quantile,,,,,,,,,,
2019-06-24,0.6,0.00017999999999999998,momentum_top_quantile,,,,,,,,,,
2019-07-01,1.0,0.0003,momentum_top_quantile,,,,,,,,,,
2019-07-08,1.0000000000000002,0.0003000000000000001,momentum_top_quantile,,,,,,,,,,
2019-07-15,1.0,0.0003,momentum_top_quantile,,,,,,,,,,
2019-07-22,1.2000000000000002,0.0003600000000000001,momentum_top_quantile,,,,,,,,,,
2019-07-29,0.6,0.00017999999999999998,momentum_top_quantile,,,,,,,,,,
2019-08-05,1.0,0.0003,momentum_top_quantile,,,,,,,,,,
2019-08-12,0.6,0.00017999999999999998,momentum_top_quantile,,,,,,,,,,
2019-08-19,1.2000000000000002,0.0003600000000000001,momentum_top_quantile,,,,,,,,,,
2019-08-26,0.4,0.00012000000000000002,momentum_top_quantile,,,,,,,,,,
2019-09-02,0.6,0.00017999999999999998,momentum_top_quantile,,,,,,,,,,
2019-09-09,0.4,0.00012000000000000002,momentum_top_quantile,,,,,,,,,,
2019-09-16,0.8,0.00024000000000000003,momentum_top_quantile,,,,,,,,,,
2019-09-23,1.0,0.0003,momentum_top_quantile,,,,,,,,,,
2019-09-30,0.7999999999999999,0.00023999999999999998,momentum_top_quantile,,,,,,,,,,
2019-10-08,0.2,6.000000000000001e-05,momentum_top_quantile,,,,,,,,,,
2019-10-14,1.2000000000000002,0.0003600000000000001,momentum_top_quantile,,,,,,,,,,
2019-10-21,1.0,0.0003,momentum_top_quantile,,,,,,,,,,
2019-10-28,0.6000000000000001,0.00018000000000000004,momentum_top_quantile,,,,,,,,,,
2019-11-04,0.8,0.00024000000000000003,momentum_top_quantile,,,,,,,,,,
2019-11-11,1.0,0.0003,momentum_top_quantile,,,,,,,,,,
2019-11-18,1.2000000000000002,0.0003600000000000001,momentum_top_quantile,,,,,,,,,,
2019-11-25,1.0,0.0003,momentum_top_quantile,,,,,,,,,,
2019-12-02,0.8,0.00024000000000000003,momentum_top_quantile,,,,,,,,,,
2019-12-09,1.2000000000000002,0.0003600000000000001,momentum_top_quantile,,,,,,,,,,
2019-12-16,0.9,0.00027,momentum_top_quantile,,,,,,,,,,
2019-12-23,1.0,0.0003,momentum_top_quantile,,,,,,,,,,
2019-12-30,1.0000000000000002,0.0003000000000000001,momentum_top_quantile,,,,,,,,,,
2020-01-06,1.2000000000000002,0.0003600000000000001,momentum_top_quantile,,,,,,,,,,
2020-01-13,0.6,0.00017999999999999998,momentum_top_quantile,,,,,,,,,,
2020-01-20,0.6,0.00017999999999999998,momentum_top_quantile,,,,,,,,,,
2020-02-03,0.6000000000000001,0.00018000000000000004,momentum_top_quantile,,,,,,,,,,
2020-02-10,0.8,0.00024000000000000003,momentum_top_quantile,,,,,,,,,,
2020-02-17,0.8,0.00024000000000000003,momentum_top_quantile,,,,,,,,,,
2020-02-24,0.4,0.00012000000000000002,momentum_top_quantile,,,,,,,,,,
2020-03-02,0.8,0.00024000000000000003,momentum_top_quantile,,,,,,,,,,
2020-03-09,1.0,0.0003,momentum_top_quantile,,,,,,,,,,
2020-03-16,1.2000000000000002,0.0003600000000000001,momentum_top_quantile,,,,,,,,,,
2020-03-23,0.6,0.00017999999999999998,momentum_top_quantile,,,,,,,,,,
2020-03-30,1.2000000000000002,0.0003600000000000001,momentum_top_quantile,,,,,,,,,,
2020-04-07,1.0,0.0003,momentum_top_quantile,,,,,,,,,,
2020-04-13,1.0,0.0003,momentum_top_quantile,,,,,,,,,,
2020-04-20,0.8,0.00024000000000000003,momentum_top_quantile,,,,,,,,,,
2020-04-27,0.9,0.00027,momentum_top_quantile,,,,,,,,,,
2020-05-06,1.2000000000000002,0.0003600000000000001,momentum_top_quantile,,,,,,,,,,
2020-05-11,1.2000000000000002,0.0003600000000000001,momentum_top_quantile,,,,,,,,,,
2020-05-18,0.6000000000000001,0.00018000000000000004,momentum_top_quantile,,,,,,,,,,
2020-05-25,1.0000000000000002,0.0003000000000000001,momentum_top_quantile,,,,,,,,,,
2020-06-01,0.4,0.00012000000000000002,momentum_top_quantile,,,,,,,,,,
2020-06-08,1.4000000000000001,0.00042,momentum_top_quantile,,,,,,,,,,
2020-06-15,1.2000000000000002,0.0003600000000000001,momentum_top_quantile,,,,,,,,,,
2020-06-22,1.3000000000000003,0.0003900000000000001,momentum_top_quantile,,,,,,,,,,
2020-06-29,0.5,0.00015,momentum_top_quantile,,,,,,,,,,
2020-07-06,0.4,0.00012000000000000002,momentum_top_quantile,,,,,,,,,,
2020-07-13,0.6,0.00017999999999999998,momentum_top_quantile,,,,,,,,,,
2020-07-20,1.6,0.00048000000000000007,momentum_top_quantile,,,,,,,,,,
2020-07-27,1.3,0.00039000000000000005,momentum_top_quantile,,,,,,,,,,
2020-08-03,1.1,0.00033000000000000005,momentum_top_quantile,,,,,,,,,,
2020-08-10,1.2000000000000002,0.0003600000000000001,momentum_top_quantile,,,,,,,,,,
2020-08-17,1.4000000000000001,0.00042,momentum_top_quantile,,,,,,,,,,
2020-08-24,1.2000000000000002,0.0003600000000000001,momentum_top_quantile,,,,,,,,,,
2020-08-31,1.0000000000000002,0.0003000000000000001,momentum_top_quantile,,,,,,,,,,
2020-09-07,0.6000000000000001,0.00018000000000000004,momentum_top_quantile,,,,,,,,,,
2020-09-14,1.3000000000000003,0.0003900000000000001,momentum_top_quantile,,,,,,,,,,
2020-09-21,1.3000000000000003,0.0003900000000000001,momentum_top_quantile,,,,,,,,,,
2020-09-28,1.2000000000000002,0.0003600000000000001,momentum_top_quantile,,,,,,,,,,
2020-10-09,0.8,0.00024000000000000003,momentum_top_quantile,,,,,,,,,,
2020-10-12,0.40000000000000013,0.00012000000000000004,momentum_top_quantile,,,,,,,,,,
2020-10-19,1.4000000000000004,0.0004200000000000001,momentum_top_quantile,,,,,,,,,,
2020-10-26,1.2000000000000004,0.00036000000000000013,momentum_top_quantile,,,,,,,,,,
2020-11-02,1.2000000000000002,0.0003600000000000001,momentum_top_quantile,,,,,,,,,,
2020-11-09,1.4000000000000001,0.00042,momentum_top_quantile,,,,,,,,,,
2020-11-16,0.6000000000000001,0.00018000000000000004,momentum_top_quantile,,,,,,,,,,
2020-11-23,0.8000000000000002,0.00024000000000000003,momentum_top_quantile,,,,,,,,,,
2020-11-30,0.8,0.00024000000000000003,momentum_top_quantile,,,,,,,,,,
2020-12-07,1.4000000000000001,0.00042,momentum_top_quantile,,,,,,,,,,
2020-12-14,1.4000000000000004,0.0004200000000000001,momentum_top_quantile,,,,,,,,,,
2020-12-21,0.6,0.00017999999999999998,momentum_top_quantile,,,,,,,,,,
2020-12-28,1.0,0.0003,momentum_top_quantile,,,,,,,,,,
2021-01-04,1.0,0.0003,momentum_top_quantile,,,,,,,,,,
2021-01-11,0.8,0.00024000000000000003,momentum_top_quantile,,,,,,,,,,
2021-01-18,1.2000000000000002,0.0003600000000000001,momentum_top_quantile,,,,,,,,,,
2021-01-25,1.2000000000000002,0.0003600000000000001,momentum_top_quantile,,,,,,,,,,
2021-02-01,1.4000000000000004,0.0004200000000000001,momentum_top_quantile,,,,,,,,,,
2021-02-08,1.2000000000000002,0.0003600000000000001,momentum_top_quantile,,,,,,,,,,
2021-02-18,0.8,0.00024000000000000003,momentum_top_quantile,,,,,,,,,,
2021-02-22,0.7000000000000001,0.00021,momentum_top_quantile,,,,,,,,,,
2021-03-01,1.0,0.0003,momentum_top_quantile,,,,,,,,,,
2021-03-08,1.4000000000000001,0.00042,momentum_top_quantile,,,,,,,,,,
2021-03-15,1.6000000000000003,0.00048000000000000007,momentum_top_quantile,,,,,,,,,,
2021-03-22,1.0,0.0003,momentum_top_quantile,,,,,,,,,,
2021-03-29,1.5000000000000002,0.0004500000000000001,momentum_top_quantile,,,,,,,,,,
2021-04-06,1.5000000000000004,0.0004500000000000002,momentum_top_quantile,,,,,,,,,,
2021-04-12,1.2000000000000002,0.0003600000000000001,momentum_top_quantile,,,,,,,,,,
2021-04-19,0.7999999999999999,0.00023999999999999998,momentum_top_quantile,,,,,,,,,,
2021-04-26,1.6,0.00048000000000000007,momentum_top_quantile,,,,,,,,,,
2021-05-06,0.7999999999999999,0.00023999999999999998,momentum_top_quantile,,,,,,,,,,
2021-05-10,0.6,0.00017999999999999998,momentum_top_quantile,,,,,,,,,,
2021-05-17,1.0,0.0003,momentum_top_quantile,,,,,,,,,,
2021-05-24,1.6000000000000005,0.0004800000000000002,momentum_top_quantile,,,,,,,,,,
2021-05-31,0.6,0.00017999999999999998,momentum_top_quantile,,,,,,,,,,
2021-06-07,1.4000000000000001,0.00042,momentum_top_quantile,,,,,,,,,,
2021-06-15,1.0,0.0003,momentum_top_quantile,,,,,,,,,,
2021-06-21,1.0,0.0003,momentum_top_quantile,,,,,,,,,,
2021-06-28,1.2000000000000002,0.0003600000000000001,momentum_top_quantile,,,,,,,,,,
2021-07-05,0.9999999999999999,0.0003,momentum_top_quantile,,,,,,,,,,
2021-07-12,1.0000000000000002,0.0003000000000000001,momentum_top_quantile,,,,,,,,,,
2021-07-19,1.6000000000000003,0.00048000000000000007,momentum_top_quantile,,,,,,,,,,
2021-07-26,1.0,0.0003,momentum_top_quantile,,,,,,,,,,
2021-08-02,1.6000000000000005,0.0004800000000000002,momentum_top_quantile,,,,,,,,,,
2021-08-09,1.8000000000000007,0.0005400000000000002,momentum_top_quantile,,,,,,,,,,
2021-08-16,1.0000000000000002,0.0003000000000000001,momentum_top_quantile,,,,,,,,,,
2021-08-23,1.4000000000000004,0.0004200000000000001,momentum_top_quantile,,,,,,,,,,
2021-08-30,1.6000000000000005,0.0004800000000000002,momentum_top_quantile,,,,,,,,,,
2021-09-06,1.0,0.0003,momentum_top_quantile,,,,,,,,,,
2021-09-13,0.6,0.00017999999999999998,momentum_top_quantile,,,,,,,,,,
2021-09-22,1.6000000000000005,0.0004800000000000002,momentum_top_quantile,,,,,,,,,,
2021-09-27,0.6,0.00017999999999999998,momentum_top_quantile,,,,,,,,,,
2021-10-08,0.8,0.00024000000000000003,momentum_top_quantile,,,,,,,,,,
2021-10-11,0.2,6.000000000000001e-05,momentum_top_quantile,,,,,,,,,,
2021-10-18,0.8,0.00024000000000000003,momentum_top_quantile,,,,,,,,,,
2021-10-25,1.6000000000000003,0.00048000000000000007,momentum_top_quantile,,,,,,,,,,
2021-11-01,1.0,0.0003,momentum_top_quantile,,,,,,,,,,
2021-11-08,0.7999999999999999,0.00023999999999999998,momentum_top_quantile,,,,,,,,,,
2021-11-15,0.8,0.00024000000000000003,momentum_top_quantile,,,,,,,,,,
2021-11-22,1.2000000000000002,0.0003600000000000001,momentum_top_quantile,,,,,,,,,,
2021-11-29,1.6000000000000003,0.00048000000000000007,momentum_top_quantile,,,,,,,,,,
2021-12-06,1.2000000000000002,0.0003600000000000001,momentum_top_quantile,,,,,,,,,,
2021-12-13,1.2000000000000002,0.0003600000000000001,momentum_top_quantile,,,,,,,,,,
2021-12-20,1.4000000000000001,0.00042,momentum_top_quantile,,,,,,,,,,
2021-12-27,1.2000000000000002,0.0003600000000000001,momentum_top_quantile,,,,,,,,,,
2022-01-04,1.8000000000000003,0.00054,momentum_top_quantile,,,,,,,,,,
2022-01-10,1.4000000000000001,0.00042,momentum_top_quantile,,,,,,,,,,
2022-01-17,0.7999999999999999,0.00023999999999999998,momentum_top_quantile,,,,,,,,,,
2022-01-24,1.2000000000000004,0.00036000000000000013,momentum_top_quantile,,,,,,,,,,
2022-02-07,1.4000000000000004,0.0004200000000000001,momentum_top_quantile,,,,,,,,,,
2022-02-14,1.2000000000000004,0.00036000000000000013,momentum_top_quantile,,,,,,,,,,
2022-02-21,1.6000000000000005,0.0004800000000000002,momentum_top_quantile,,,,,,,,,,
2022-02-28,1.2000000000000004,0.00036000000000000013,momentum_top_quantile,,,,,,,,,,
2022-03-07,1.4000000000000004,0.0004200000000000001,momentum_top_quantile,,,,,,,,,,
2022-03-14,1.4000000000000004,0.0004200000000000001,momentum_top_quantile,,,,,,,,,,
2022-03-21,1.6,0.00048000000000000007,momentum_top_quantile,,,,,,,,,,
2022-03-28,0.8,0.00024000000000000003,momentum_top_quantile,,,,,,,,,,
2022-04-06,0.7999999999999999,0.00023999999999999998,momentum_top_quantile,,,,,,,,,,
2022-04-11,1.0000000000000002,0.0003000000000000001,momentum_top_quantile,,,,,,,,,,
2022-04-18,1.2000000000000004,0.00036000000000000013,momentum_top_quantile,,,,,,,,,,
2022-04-25,1.0000000000000002,0.0003000000000000001,momentum_top_quantile,,,,,,,,,,
2022-05-05,1.2000000000000002,0.0003600000000000001,momentum_top_quantile,,,,,,,,,,
2022-05-09,1.4000000000000004,0.0004200000000000001,momentum_top_quantile,,,,,,,,,,
2022-05-16,0.4,0.00012000000000000002,momentum_top_quantile,,,,,,,,,,
2022-05-23,1.0,0.0003,momentum_top_quantile,,,,,,,,,,
2022-05-30,1.2000000000000002,0.0003600000000000001,momentum_top_quantile,,,,,,,,,,
2022-06-06,1.4000000000000004,0.0004200000000000001,momentum_top_quantile,,,,,,,,,,
2022-06-13,1.0,0.0003,momentum_top_quantile,,,,,,,,,,
2022-06-20,1.0,0.0003,momentum_top_quantile,,,,,,,,,,
2022-06-27,0.4,0.00012000000000000002,momentum_top_quantile,,,,,,,,,,
2022-07-04,0.8,0.00024000000000000003,momentum_top_quantile,,,,,,,,,,
2022-07-11,1.6,0.00048000000000000007,momentum_top_quantile,,,,,,,,,,
2022-07-18,1.4000000000000004,0.0004200000000000001,momentum_top_quantile,,,,,,,,,,
2022-07-25,1.2000000000000002,0.0003600000000000001,momentum_top_quantile,,,,,,,,,,
2022-08-01,0.9999999999999999,0.0003,momentum_top_quantile,,,,,,,,,,
2022-08-08,1.0,0.0003,momentum_top_quantile,,,,,,,,,,
2022-08-15,1.4000000000000004,0.0004200000000000001,momentum_top_quantile,,,,,,,,,,
2022-08-22,1.4000000000000004,0.0004200000000000001,momentum_top_quantile,,,,,,,,,,
2022-08-29,1.2000000000000002,0.0003600000000000001,momentum_top_quantile,,,,,,,,,,
2022-09-05,0.7999999999999999,0.00023999999999999998,momentum_top_quantile,,,,,,,,,,
2022-09-13,1.4000000000000004,0.0004200000000000001,momentum_top_quantile,,,,,,,,,,
2022-09-19,1.2000000000000002,0.0003600000000000001,momentum_top_quantile,,,,,,,,,,
2022-09-26,1.2000000000000004,0.00036000000000000013,momentum_top_quantile,,,,,,,,,,
2022-10-10,0.8,0.00024000000000000003,momentum_top_quantile,,,,,,,,,,
2022-10-17,1.6,0.00048000000000000007,momentum_top_quantile,,,,,,,,,,
2022-10-24,1.4000000000000004,0.0004200000000000001,momentum_top_quantile,,,,,,,,,,
2022-10-31,0.4,0.00012000000000000002,momentum_top_quantile,,,,,,,,,,
2022-11-07,1.4000000000000004,0.0004200000000000001,momentum_top_quantile,,,,,,,,,,
2022-11-14,1.6000000000000005,0.0004800000000000002,momentum_top_quantile,,,,,,,,,,
2022-11-21,1.2000000000000002,0.0003600000000000001,momentum_top_quantile,,,,,,,,,,
2022-11-28,1.0000000000000002,0.0003000000000000001,momentum_top_quantile,,,,,,,,,,
2022-12-05,1.4000000000000004,0.0004200000000000001,momentum_top_quantile,,,,,,,,,,
2022-12-12,0.6,0.00017999999999999998,momentum_top_quantile,,,,,,,,,,
2022-12-19,1.6000000000000005,0.0004800000000000002,momentum_top_quantile,,,,,,,,,,
2022-12-26,1.4,0.0004199999999999999,momentum_top_quantile,,,,,,,,,,
2023-01-03,1.2000000000000004,0.00036000000000000013,momentum_top_quantile,,,,,,,,,,
2023-01-09,0.8,0.00024000000000000003,momentum_top_quantile,,,,,,,,,,
2023-01-16,1.6000000000000005,0.0004800000000000002,momentum_top_quantile,,,,,,,,,,
2023-01-30,1.0,0.0003,momentum_top_quantile,,,,,,,,,,
2023-02-06,0.9999999999999999,0.0003,momentum_top_quantile,,,,,,,,,,
2023-02-13,0.6,0.00017999999999999998,momentum_top_quantile,,,,,,,,,,
2023-02-20,1.0,0.0003,momentum_top_quantile,,,,,,,,,,
2023-02-27,1.8000000000000003,0.00054,momentum_top_quantile,,,,,,,,,,
2023-03-06,1.0,0.0003,momentum_top_quantile,,,,,,,,,,
2023-03-13,1.6000000000000005,0.0004800000000000002,momentum_top_quantile,,,,,,,,,,
2023-03-20,1.4000000000000001,0.00042,momentum_top_quantile,,,,,,,,,,
2023-03-27,0.9999999999999999,0.0003,momentum_top_quantile,,,,,,,,,,
2023-04-03,1.0,0.0003,momentum_top_quantile,,,,,,,,,,
2023-04-10,1.2000000000000004,0.00036000000000000013,momentum_top_quantile,,,,,,,,,,
2023-04-17,1.2000000000000002,0.0003600000000000001,momentum_top_quantile,,,,,,,,,,
2023-04-24,1.2000000000000002,0.0003600000000000001,momentum_top_quantile,,,,,,,,,,
2023-05-04,1.4000000000000004,0.0004200000000000001,momentum_top_quantile,,,,,,,,,,
2023-05-08,1.0,0.0003,momentum_top_quantile,,,,,,,,,,
2023-05-15,1.2000000000000002,0.0003600000000000001,momentum_top_quantile,,,,,,,,,,
2023-05-22,1.4000000000000004,0.0004200000000000001,momentum_top_quantile,,,,,,,,,,
2023-05-29,0.8,0.00024000000000000003,momentum_top_quantile,,,,,,,,,,
2023-06-05,0.9999999999999999,0.0003,momentum_top_quantile,,,,,,,,,,
2023-06-12,1.4000000000000004,0.0004200000000000001,momentum_top_quantile,,,,,,,,,,
2023-06-19,1.4000000000000004,0.0004200000000000001,momentum_top_quantile,,,,,,,,,,
2023-06-26,0.8,0.00024000000000000003,momentum_top_quantile,,,,,,,,,,
2023-07-03,1.6000000000000003,0.00048000000000000007,momentum_top_quantile,,,,,,,,,,
2023-07-10,1.4000000000000001,0.00042,momentum_top_quantile,,,,,,,,,,
2023-07-17,1.2000000000000002,0.0003600000000000001,momentum_top_quantile,,,,,,,,,,
2023-07-24,1.2000000000000002,0.0003600000000000001,momentum_top_quantile,,,,,,,,,,
2023-07-31,1.4000000000000004,0.0004200000000000001,momentum_top_quantile,,,,,,,,,,
2023-08-07,0.7999999999999999,0.00023999999999999998,momentum_top_quantile,,,,,,,,,,
2023-08-14,1.4000000000000004,0.0004200000000000001,momentum_top_quantile,,,,,,,,,,
2023-08-21,1.2000000000000002,0.0003600000000000001,momentum_top_quantile,,,,,,,,,,
2023-08-28,1.0000000000000002,0.0003000000000000001,momentum_top_quantile,,,,,,,,,,
2023-09-04,1.4000000000000004,0.0004200000000000001,momentum_top_quantile,,,,,,,,,,
2023-09-11,1.4000000000000004,0.0004200000000000001,momentum_top_quantile,,,,,,,,,,
2023-09-18,0.8,0.00024000000000000003,momentum_top_quantile,,,,,,,,,,
2023-09-25,0.9999999999999999,0.0003,momentum_top_quantile,,,,,,,,,,
2023-10-09,1.6000000000000005,0.0004800000000000002,momentum_top_quantile,,,,,,,,,,
2023-10-16,1.4000000000000004,0.0004200000000000001,momentum_top_quantile,,,,,,,,,,
2023-10-23,1.8000000000000003,0.00054,momentum_top_quantile,,,,,,,,,,
2023-10-30,0.8,0.00024000000000000003,momentum_top_quantile,,,,,,,,,,
2023-11-06,1.4000000000000004,0.0004200000000000001,momentum_top_quantile,,,,,,,,,,
2023-11-13,1.2000000000000002,0.0003600000000000001,momentum_top_quantile,,,,,,,,,,
2023-11-20,1.8000000000000007,0.0005400000000000002,momentum_top_quantile,,,,,,,,,,
2023-11-27,1.4000000000000001,0.00042,momentum_top_quantile,,,,,,,,,,
2023-12-04,1.2000000000000002,0.0003600000000000001,momentum_top_quantile,,,,,,,,,,
2023-12-11,1.0,0.0003,momentum_top_quantile,,,,,,,,,,
2023-12-18,1.2000000000000002,0.0003600000000000001,momentum_top_quantile,,,,,,,,,,
2023-12-25,1.4000000000000004,0.0004200000000000001,momentum_top_quantile,,,,,,,,,,
2024-01-02,1.2000000000000002,0.0003600000000000001,momentum_top_quantile,,,,,,,,,,
2024-01-08,1.2000000000000002,0.0003600000000000001,momentum_top_quantile,,,,,,,,,,
2024-01-15,1.6,0.00048000000000000007,momentum_top_quantile,,,,,,,,,,
2024-01-22,0.8,0.00024000000000000003,momentum_top_quantile,,,,,,,,,,
2024-01-29,0.9999999999999999,0.0003,momentum_top_quantile,,,,,,,,,,
2024-02-05,1.6000000000000003,0.00048000000000000007,momentum_top_quantile,,,,,,,,,,
2024-02-19,1.8000000000000003,0.00054,momentum_top_quantile,,,,,,,,,,
2024-02-26,1.4000000000000004,0.0004200000000000001,momentum_top_quantile,,,,,,,,,,
2024-03-04,0.7999999999999999,0.00023999999999999998,momentum_top_quantile,,,,,,,,,,
2024-03-11,1.4000000000000004,0.0004200000000000001,momentum_top_quantile,,,,,,,,,,
2024-03-18,1.2000000000000002,0.0003600000000000001,momentum_top_quantile,,,,,,,,,,
2024-03-25,0.7999999999999999,0.00023999999999999998,momentum_top_quantile,,,,,,,,,,
2024-04-01,1.4000000000000001,0.00042,momentum_top_quantile,,,,,,,,,,
2024-04-08,1.2000000000000002,0.0003600000000000001,momentum_top_quantile,,,,,,,,,,
2024-04-15,1.0,0.0003,momentum_top_quantile,,,,,,,,,,
2024-04-22,0.8,0.00024000000000000003,momentum_top_quantile,,,,,,,,,,
2024-04-29,1.4000000000000004,0.0004200000000000001,momentum_top_quantile,,,,,,,,,,
2024-05-06,1.4000000000000004,0.0004200000000000001,momentum_top_quantile,,,,,,,,,,
2024-05-13,1.6000000000000005,0.0004800000000000002,momentum_top_quantile,,,,,,,,,,
2024-05-20,1.2,0.00035999999999999997,momentum_top_quantile,,,,,,,,,,
2024-05-27,1.0,0.0003,momentum_top_quantile,,,,,,,,,,
2024-06-03,0.8,0.00024000000000000003,momentum_top_quantile,,,,,,,,,,
2024-06-11,1.6000000000000003,0.00048000000000000007,momentum_top_quantile,,,,,,,,,,
2024-06-17,0.7999999999999999,0.00023999999999999998,momentum_top_quantile,,,,,,,,,,
2024-06-24,0.7999999999999999,0.00023999999999999998,momentum_top_quantile,,,,,,,,,,
2024-07-01,1.6,0.00048000000000000007,momentum_top_quantile,,,,,,,,,,
2024-07-08,1.0,0.0003,momentum_top_quantile,,,,,,,,,,
2024-07-15,1.4000000000000004,0.0004200000000000001,momentum_top_quantile,,,,,,,,,,
2024-07-22,1.2000000000000002,0.0003600000000000001,momentum_top_quantile,,,,,,,,,,
2024-07-29,1.4000000000000004,0.0004200000000000001,momentum_top_quantile,,,,,,,,,,
2024-08-05,1.2000000000000002,0.0003600000000000001,momentum_top_quantile,,,,,,,,,,
2024-08-12,1.6000000000000003,0.00048000000000000007,momentum_top_quantile,,,,,,,,,,
2024-08-19,1.8000000000000005,0.0005400000000000001,momentum_top_quantile,,,,,,,,,,
2024-08-26,0.4,0.00012000000000000002,momentum_top_quantile,,,,,,,,,,
2024-09-02,1.6000000000000005,0.0004800000000000002,momentum_top_quantile,,,,,,,,,,
2024-09-09,0.6,0.00017999999999999998,momentum_top_quantile,,,,,,,,,,
2024-09-18,1.6000000000000003,0.00048000000000000007,momentum_top_quantile,,,,,,,,,,
2024-09-23,0.7999999999999999,0.00023999999999999998,momentum_top_quantile,,,,,,,,,,
2024-09-30,1.6,0.00048000000000000007,momentum_top_quantile,,,,,,,,,,
2024-10-08,0.2,6.000000000000001e-05,momentum_top_quantile,,,,,,,,,,
2024-10-14,1.2000000000000002,0.0003600000000000001,momentum_top_quantile,,,,,,,,,,
2024-10-21,1.8000000000000003,0.00054,momentum_top_quantile,,,,,,,,,,
2024-10-28,1.8000000000000003,0.00054,momentum_top_quantile,,,,,,,,,,
2024-11-04,1.0,0.0003,momentum_top_quantile,,,,,,,,,,
2024-11-11,1.2000000000000002,0.0003600000000000001,momentum_top_quantile,,,,,,,,,,
2024-11-18,1.4000000000000004,0.0004200000000000001,momentum_top_quantile,,,,,,,,,,
2024-11-25,1.6000000000000005,0.0004800000000000002,momentum_top_quantile,,,,,,,,,,
2024-12-02,1.4000000000000004,0.0004200000000000001,momentum_top_quantile,,,,,,,,,,
2024-12-09,1.2000000000000004,0.00036000000000000013,momentum_top_quantile,,,,,,,,,,
2024-12-16,1.4000000000000001,0.00042,momentum_top_quantile,,,,,,,,,,
2024-12-23,1.8000000000000003,0.00054,momentum_top_quantile,,,,,,,,,,
2024-12-30,0.8,0.00024000000000000003,momentum_top_quantile,,,,,,,,,,
2025-01-06,1.4000000000000004,0.0004200000000000001,momentum_top_quantile,,,,,,,,,,
2025-01-13,1.2000000000000002,0.0003600000000000001,momentum_top_quantile,,,,,,,,,,
2025-01-20,1.2000000000000002,0.0003600000000000001,momentum_top_quantile,,,,,,,,,,
2025-01-27,1.0,0.0003,momentum_top_quantile,,,,,,,,,,
2025-02-05,0.4,0.00012000000000000002,momentum_top_quantile,,,,,,,,,,
2025-02-10,1.2000000000000002,0.0003600000000000001,momentum_top_quantile,,,,,,,,,,
2025-02-17,1.0,0.0003,momentum_top_quantile,,,,,,,,,,
2025-02-24,1.2000000000000004,0.00036000000000000013,momentum_top_quantile,,,,,,,,,,
2025-03-03,1.0,0.0003,momentum_top_quantile,,,,,,,,,,
2025-03-10,1.2000000000000002,0.0003600000000000001,momentum_top_quantile,,,,,,,,,,
2025-03-17,0.8,0.00024000000000000003,momentum_top_quantile,,,,,,,,,,
2025-03-24,1.4000000000000004,0.0004200000000000001,momentum_top_quantile,,,,,,,,,,
2025-03-31,1.4000000000000004,0.0004200000000000001,momentum_top_quantile,,,,,,,,,,
2025-04-07,1.0,0.0003,momentum_top_quantile,,,,,,,,,,
2025-04-14,0.8,0.00024000000000000003,momentum_top_quantile,,,,,,,,,,
2025-04-21,1.6,0.00048000000000000007,momentum_top_quantile,,,,,,,,,,
2025-04-28,1.2000000000000002,0.0003600000000000001,momentum_top_quantile,,,,,,,,,,
2025-05-06,1.0,0.0003,momentum_top_quantile,,,,,,,,,,
2025-05-12,1.2000000000000002,0.0003600000000000001,momentum_top_quantile,,,,,,,,,,
2025-05-19,1.8000000000000003,0.00054,momentum_top_quantile,,,,,,,,,,
2025-05-26,1.4000000000000004,0.0004200000000000001,momentum_top_quantile,,,,,,,,,,
2025-06-03,1.2000000000000002,0.0003600000000000001,momentum_top_quantile,,,,,,,,,,
2025-06-09,1.4000000000000004,0.0004200000000000001,momentum_top_quantile,,,,,,,,,,
2025-06-16,1.2000000000000002,0.0003600000000000001,momentum_top_quantile,,,,,,,,,,
2025-06-23,1.2000000000000002,0.0003600000000000001,momentum_top_quantile,,,,,,,,,,
2025-06-30,1.2000000000000002,0.0003600000000000001,momentum_top_quantile,,,,,,,,,,
2025-07-07,1.2000000000000002,0.0003600000000000001,momentum_top_quantile,,,,,,,,,,
2025-07-14,0.8,0.00024000000000000003,momentum_top_quantile,,,,,,,,,,
2025-07-21,1.6000000000000005,0.0004800000000000002,momentum_top_quantile,,,,,,,,,,
2025-07-28,1.4000000000000006,0.0004200000000000002,momentum_top_quantile,,,,,,,,,,
2025-08-04,1.8000000000000003,0.00054,momentum_top_quantile,,,,,,,,,,
2025-08-11,1.4000000000000004,0.0004200000000000001,momentum_top_quantile,,,,,,,,,,
2025-08-18,1.6000000000000005,0.0004800000000000002,momentum_top_quantile,,,,,,,,,,
2025-08-25,0.4,0.00012000000000000002,momentum_top_quantile,,,,,,,,,,
2025-09-01,0.6,0.00017999999999999998,momentum_top_quantile,,,,,,,,,,
2025-09-08,1.8000000000000005,0.0005400000000000001,momentum_top_quantile,,,,,,,,,,
2025-09-15,1.6000000000000005,0.0004800000000000002,momentum_top_quantile,,,,,,,,,,
2025-09-22,0.8,0.00024000000000000003,momentum_top_quantile,,,,,,,,,,
2025-09-29,1.0,0.0003,momentum_top_quantile,,,,,,,,,,
2025-10-09,0.6,0.00017999999999999998,momentum_top_quantile,,,,,,,,,,
2025-10-13,0.8,0.00024000000000000003,momentum_top_quantile,,,,,,,,,,
2025-10-20,1.2000000000000002,0.0003600000000000001,momentum_top_quantile,,,,,,,,,,
2025-10-27,1.2000000000000002,0.0003600000000000001,momentum_top_quantile,,,,,,,,,,
2025-11-03,1.0,0.0003,momentum_top_quantile,,,,,,,,,,
2025-11-10,1.6000000000000003,0.00048000000000000007,momentum_top_quantile,,,,,,,,,,
2025-11-17,1.0,0.0003,momentum_top_quantile,,,,,,,,,,
2025-11-24,1.4000000000000004,0.0004200000000000001,momentum_top_quantile,,,,,,,,,,
2025-12-01,1.4000000000000001,0.00042,momentum_top_quantile,,,,,,,,,,
2025-12-08,1.0,0.0003,momentum_top_quantile,,,,,,,,,,
2025-12-15,1.0,0.0003,momentum_top_quantile,,,,,,,,,,
2025-12-22,0.9999999999999999,0.0003,momentum_top_quantile,,,,,,,,,,
2025-12-29,1.4000000000000006,0.0004200000000000002,momentum_top_quantile,,,,,,,,,,
2026-01-05,0.4,0.00012000000000000002,momentum_top_quantile,,,,,,,,,,
2026-01-12,0.6,0.00017999999999999998,momentum_top_quantile,,,,,,,,,,
2026-01-19,0.7999999999999999,0.00023999999999999998,momentum_top_quantile,,,,,,,,,,
2026-01-26,0.8,0.00024000000000000003,momentum_top_quantile,,,,,,,,,,
2026-02-02,1.0,0.0003,momentum_top_quantile,,,,,,,,,,
2026-02-09,1.2000000000000002,0.0003600000000000001,momentum_top_quantile,,,,,,,,,,
2026-02-24,1.6000000000000005,0.0004800000000000002,momentum_top_quantile,,,,,,,,,,
2026-03-02,0.8,0.00024000000000000003,momentum_top_quantile,,,,,,,,,,
2026-03-09,1.6000000000000005,0.0004800000000000002,momentum_top_quantile,,,,,,,,,,
2026-03-16,1.2000000000000002,0.0003600000000000001,momentum_top_quantile,,,,,,,,,,
2026-03-23,1.2000000000000002,0.0003600000000000001,momentum_top_quantile,,,,,,,,,,
2026-03-30,1.0,0.0003,momentum_top_quantile,,,,,,,,,,
2026-04-07,0.9999999999999999,0.0003,momentum_top_quantile,,,,,,,,,,
2026-04-13,1.6,0.00048000000000000007,momentum_top_quantile,,,,,,,,,,
2026-04-20,0.8,0.00024000000000000003,momentum_top_quantile,,,,,,,,,,
2026-04-27,1.2000000000000002,0.0003600000000000001,momentum_top_quantile,,,,,,,,,,
2026-05-06,1.0,0.0003,momentum_top_quantile,,,,,,,,,,
2026-05-11,0.9999999999999999,0.0003,momentum_top_quantile,,,,,,,,,,
2026-05-18,0.4,0.00012000000000000002,momentum_top_quantile,,,,,,,,,,
2026-05-25,1.2000000000000002,0.0003600000000000001,momentum_top_quantile,,,,,,,,,,
2026-06-01,1.4000000000000004,0.0004200000000000001,momentum_top_quantile,,,,,,,,,,
2026-06-08,1.0,0.0003,momentum_top_quantile,,,,,,,,,,
2026-06-15,1.6000000000000003,0.00048000000000000007,momentum_top_quantile,,,,,,,,,,
2026-06-22,1.8000000000000003,0.00054,momentum_top_quantile,,,,,,,,,,
2026-06-29,0.6,0.00017999999999999998,momentum_top_quantile,,,,,,,,,,
2026-07-06,1.6000000000000003,0.00048000000000000007,momentum_top_quantile,,,,,,,,,,
2026-07-13,1.0,0.0003,momentum_top_quantile,,,,,,,,,,
2026-07-20,1.2000000000000002,0.0003600000000000001,momentum_top_quantile,,,,,,,,,,
2026-07-27,1.0,0.0003,momentum_top_quantile,,,,,,,,,,
2026-08-03,1.6000000000000005,0.0004800000000000002,momentum_top_quantile,,,,,,,,,,
2026-08-10,1.8000000000000003,0.00054,momentum_top_quantile,,,,,,,,,,
2026-08-17,1.0,0.0003,momentum_top_quantile,,,,,,,,,,
2026-08-24,1.4000000000000004,0.0004200000000000001,momentum_top_quantile,,,,,,,,,,
2026-08-31,1.0,0.0003,momentum_top_quantile,,,,,,,,,,
2026-09-07,1.4000000000000004,0.0004200000000000001,momentum_top_quantile,,,,,,,,,,
2026-09-14,1.0000000000000002,0.0003000000000000001,momentum_top_quantile,,,,,,,,,,
2018-01-08,0.0,0.0,crowding_top_quantile,,,,,,,,,,
2018-01-15,0.0,0.0,crowding_top_quantile,,,,,,,,,,
2018-01-22,0.0,0.0,crowding_top_quantile,,,,,,,,,,
2018-01-29,0.0,0.0,crowding_top_quantile,,,,,,,,,,
2018-02-05,0.0,0.0,crowding_top_quantile,,,,,,,,,,
2018-02-12,0.0,0.0,crowding_top_quantile,,,,,,,,,,
2018-02-22,0.6000000000000001,0.00018000000000000004,crowding_top_quantile,,,,,,,,,,
2018-02-26,0.2,6.000000000000001e-05,crowding_top_quantile,,,,,,,,,,
2018-03-05,0.4,0.00012000000000000002,crowding_top_quantile,,,,,,,,,,
2018-03-12,0.4,0.00012000000000000002,crowding_top_quantile,,,,,,,,,,
2018-03-19,0.6,0.00017999999999999998,crowding_top_quantile,,,,,,,,,,
2018-03-26,0.8,0.00024000000000000003,crowding_top_quantile,,,,,,,,,,
2018-04-02,0.4,0.00012000000000000002,crowding_top_quantile,,,,,,,,,,
2018-04-09,0.8,0.00024000000000000003,crowding_top_quantile,,,,,,,,,,
2018-04-16,0.6,0.00017999999999999998,crowding_top_quantile,,,,,,,,,,
2018-04-23,0.4,0.00012000000000000002,crowding_top_quantile,,,,,,,,,,
2018-05-02,0.4,0.00012000000000000002,crowding_top_quantile,,,,,,,,,,
2018-05-07,0.6,0.00017999999999999998,crowding_top_quantile,,,,,,,,,,
2018-05-14,0.6,0.00017999999999999998,crowding_top_quantile,,,,,,,,,,
2018-05-21,0.2,6.000000000000001e-05,crowding_top_quantile,,,,,,,,,,
2018-05-28,0.4,0.00012000000000000002,crowding_top_quantile,,,,,,,,,,
2018-06-04,0.6000000000000001,0.00018000000000000004,crowding_top_quantile,,,,,,,,,,
2018-06-11,0.8,0.00024000000000000003,crowding_top_quantile,,,,,,,,,,
2018-06-19,0.4,0.00012000000000000002,crowding_top_quantile,,,,,,,,,,
2018-06-25,0.6000000000000001,0.00018000000000000004,crowding_top_quantile,,,,,,,,,,
2018-07-02,1.0000000000000002,0.0003000000000000001,crowding_top_quantile,,,,,,,,,,
2018-07-09,0.8,0.00024000000000000003,crowding_top_quantile,,,,,,,,,,
2018-07-16,0.4,0.00012000000000000002,crowding_top_quantile,,,,,,,,,,
2018-07-23,0.4,0.00012000000000000002,crowding_top_quantile,,,,,,,,,,
2018-07-30,0.4,0.00012000000000000002,crowding_top_quantile,,,,,,,,,,
2018-08-06,0.6000000000000001,0.00018000000000000004,crowding_top_quantile,,,,,,,,,,
2018-08-13,0.4,0.00012000000000000002,crowding_top_quantile,,,,,,,,,,
2018-08-20,0.6,0.00017999999999999998,crowding_top_quantile,,,,,,,,,,
2018-08-27,0.8,0.00024000000000000003,crowding_top_quantile,,,,,,,,,,
2018-09-03,0.6000000000000001,0.00018000000000000004,crowding_top_quantile,,,,,,,,,,
2018-09-10,0.4,0.00012000000000000002,crowding_top_quantile,,,,,,,,,,
2018-09-17,0.6000000000000001,0.00018000000000000004,crowding_top_quantile,,,,,,,,,,
2018-09-25,0.6000000000000001,0.00018000000000000004,crowding_top_quantile,,,,,,,,,,
2018-10-08,0.6,0.00017999999999999998,crowding_top_quantile,,,,,,,,,,
2018-10-15,0.6,0.00017999999999999998,crowding_top_quantile,,,,,,,,,,
2018-10-22,0.4,0.00012000000000000002,crowding_top_quantile,,,,,,,,,,
2018-10-29,0.6,0.00017999999999999998,crowding_top_quantile,,,,,,,,,,
2018-11-05,0.4,0.00012000000000000002,crowding_top_quantile,,,,,,,,,,
2018-11-12,0.8,0.00024000000000000003,crowding_top_quantile,,,,,,,,,,
2018-11-19,0.6,0.00017999999999999998,crowding_top_quantile,,,,,,,,,,
2018-11-26,0.6,0.00017999999999999998,crowding_top_quantile,,,,,,,,,,
2018-12-03,0.8,0.00024000000000000003,crowding_top_quantile,,,,,,,,,,
2018-12-10,0.4,0.00012000000000000002,crowding_top_quantile,,,,,,,,,,
2018-12-17,0.7999999999999999,0.00023999999999999998,crowding_top_quantile,,,,,,,,,,
2018-12-24,0.4,0.00012000000000000002,crowding_top_quantile,,,,,,,,,,
2019-01-02,0.4,0.00012000000000000002,crowding_top_quantile,,,,,,,,,,
2019-01-07,0.6000000000000001,0.00018000000000000004,crowding_top_quantile,,,,,,,,,,
2019-01-14,0.4,0.00012000000000000002,crowding_top_quantile,,,,,,,,,,
2019-01-21,0.2,6.000000000000001e-05,crowding_top_quantile,,,,,,,,,,
2019-01-28,0.2,6.000000000000001e-05,crowding_top_quantile,,,,,,,,,,
2019-02-11,0.8,0.00024000000000000003,crowding_top_quantile,,,,,,,,,,
2019-02-18,0.4,0.00012000000000000002,crowding_top_quantile,,,,,,,,,,
2019-02-25,0.4,0.00012000000000000002,crowding_top_quantile,,,,,,,,,,
2019-03-04,0.2,6.000000000000001e-05,crowding_top_quantile,,,,,,,,,,
2019-03-11,0.6,0.00017999999999999998,crowding_top_quantile,,,,,,,,,,
2019-03-18,0.4,0.00012000000000000002,crowding_top_quantile,,,,,,,,,,
2019-03-25,0.4,0.00012000000000000002,crowding_top_quantile,,,,,,,,,,
2019-04-01,0.6,0.00017999999999999998,crowding_top_quantile,,,,,,,,,,
2019-04-08,0.8,0.00024000000000000003,crowding_top_quantile,,,,,,,,,,
2019-04-15,0.6000000000000001,0.00018000000000000004,crowding_top_quantile,,,,,,,,,,
2019-04-22,0.6000000000000001,0.00018000000000000004,crowding_top_quantile,,,,,,,,,,
2019-04-29,0.6000000000000001,0.00018000000000000004,crowding_top_quantile,,,,,,,,,,
2019-05-06,0.8,0.00024000000000000003,crowding_top_quantile,,,,,,,,,,
2019-05-13,0.6000000000000001,0.00018000000000000004,crowding_top_quantile,,,,,,,,,,
2019-05-20,0.6000000000000001,0.00018000000000000004,crowding_top_quantile,,,,,,,,,,
2019-05-27,0.8,0.00024000000000000003,crowding_top_quantile,,,,,,,,,,
2019-06-03,0.4,0.00012000000000000002,crowding_top_quantile,,,,,,,,,,
2019-06-10,0.6000000000000001,0.00018000000000000004,crowding_top_quantile,,,,,,,,,,
2019-06-17,0.6000000000000001,0.00018000000000000004,crowding_top_quantile,,,,,,,,,,
2019-06-24,1.0,0.0003,crowding_top_quantile,,,,,,,,,,
2019-07-01,0.4,0.00012000000000000002,crowding_top_quantile,,,,,,,,,,
2019-07-08,0.6000000000000001,0.00018000000000000004,crowding_top_quantile,,,,,,,,,,
2019-07-15,0.6,0.00017999999999999998,crowding_top_quantile,,,,,,,,,,
2019-07-22,0.6,0.00017999999999999998,crowding_top_quantile,,,,,,,,,,
2019-07-29,0.6000000000000001,0.00018000000000000004,crowding_top_quantile,,,,,,,,,,
2019-08-05,0.6000000000000001,0.00018000000000000004,crowding_top_quantile,,,,,,,,,,
2019-08-12,0.6,0.00017999999999999998,crowding_top_quantile,,,,,,,,,,
2019-08-19,0.4,0.00012000000000000002,crowding_top_quantile,,,,,,,,,,
2019-08-26,0.6,0.00017999999999999998,crowding_top_quantile,,,,,,,,,,
2019-09-02,0.4,0.00012000000000000002,crowding_top_quantile,,,,,,,,,,
2019-09-09,0.7999999999999999,0.00023999999999999998,crowding_top_quantile,,,,,,,,,,
2019-09-16,0.4,0.00012000000000000002,crowding_top_quantile,,,,,,,,,,
2019-09-23,0.6000000000000001,0.00018000000000000004,crowding_top_quantile,,,,,,,,,,
2019-09-30,0.6,0.00017999999999999998,crowding_top_quantile,,,,,,,,,,
2019-10-08,0.4,0.00012000000000000002,crowding_top_quantile,,,,,,,,,,
2019-10-14,0.6000000000000001,0.00018000000000000004,crowding_top_quantile,,,,,,,,,,
2019-10-21,0.6,0.00017999999999999998,crowding_top_quantile,,,,,,,,,,
2019-10-28,0.6000000000000001,0.00018000000000000004,crowding_top_quantile,,,,,,,,,,
2019-11-04,0.6,0.00017999999999999998,crowding_top_quantile,,,,,,,,,,
2019-11-11,0.6,0.00017999999999999998,crowding_top_quantile,,,,,,,,,,
2019-11-18,1.0,0.0003,crowding_top_quantile,,,,,,,,,,
2019-11-25,0.6000000000000001,0.00018000000000000004,crowding_top_quantile,,,,,,,,,,
2019-12-02,0.8,0.00024000000000000003,crowding_top_quantile,,,,,,,,,,
2019-12-09,0.8,0.00024000000000000003,crowding_top_quantile,,,,,,,,,,
2019-12-16,0.8,0.00024000000000000003,crowding_top_quantile,,,,,,,,,,
2019-12-23,0.6,0.00017999999999999998,crowding_top_quantile,,,,,,,,,,
2019-12-30,0.4,0.00012000000000000002,crowding_top_quantile,,,,,,,,,,
2020-01-06,0.2,6.000000000000001e-05,crowding_top_quantile,,,,,,,,,,
2020-01-13,0.8,0.00024000000000000003,crowding_top_quantile,,,,,,,,,,
2020-01-20,0.7000000000000001,0.00021,crowding_top_quantile,,,,,,,,,,
2020-02-03,0.8,0.00024000000000000003,crowding_top_quantile,,,,,,,,,,
2020-02-10,0.6000000000000001,0.00018000000000000004,crowding_top_quantile,,,,,,,,,,
2020-02-17,0.6000000000000001,0.00018000000000000004,crowding_top_quantile,,,,,,,,,,
2020-02-24,0.8,0.00024000000000000003,crowding_top_quantile,,,,,,,,,,
2020-03-02,0.6,0.00017999999999999998,crowding_top_quantile,,,,,,,,,,
2020-03-09,1.0,0.0003,crowding_top_quantile,,,,,,,,,,
2020-03-16,1.0,0.0003,crowding_top_quantile,,,,,,,,,,
2020-03-23,0.8,0.00024000000000000003,crowding_top_quantile,,,,,,,,,,
2020-03-30,0.4,0.00012000000000000002,crowding_top_quantile,,,,,,,,,,
2020-04-07,0.6,0.00017999999999999998,crowding_top_quantile,,,,,,,,,,
2020-04-13,0.6000000000000001,0.00018000000000000004,crowding_top_quantile,,,,,,,,,,
2020-04-20,0.6,0.00017999999999999998,crowding_top_quantile,,,,,,,,,,
2020-04-27,0.6,0.00017999999999999998,crowding_top_quantile,,,,,,,,,,
2020-05-06,0.6000000000000001,0.00018000000000000004,crowding_top_quantile,,,,,,,,,,
2020-05-11,0.4,0.00012000000000000002,crowding_top_quantile,,,,,,,,,,
2020-05-18,0.6,0.00017999999999999998,crowding_top_quantile,,,,,,,,,,
2020-05-25,0.7000000000000001,0.00021,crowding_top_quantile,,,,,,,,,,
2020-06-01,0.7999999999999999,0.00023999999999999998,crowding_top_quantile,,,,,,,,,,
2020-06-08,0.8,0.00024000000000000003,crowding_top_quantile,,,,,,,,,,
2020-06-15,0.6,0.00017999999999999998,crowding_top_quantile,,,,,,,,,,
2020-06-22,0.9,0.00027,crowding_top_quantile,,,,,,,,,,
2020-06-29,0.5000000000000001,0.00015000000000000004,crowding_top_quantile,,,,,,,,,,
2020-07-06,0.8000000000000002,0.00024000000000000003,crowding_top_quantile,,,,,,,,,,
2020-07-13,0.8000000000000002,0.00024000000000000003,crowding_top_quantile,,,,,,,,,,
2020-07-20,0.8,0.00024000000000000003,crowding_top_quantile,,,,,,,,,,
2020-07-27,0.5,0.00015,crowding_top_quantile,,,,,,,,,,
2020-08-03,0.30000000000000004,9.000000000000002e-05,crowding_top_quantile,,,,,,,,,,
2020-08-10,0.40000000000000013,0.00012000000000000004,crowding_top_quantile,,,,,,,,,,
2020-08-17,1.2000000000000002,0.0003600000000000001,crowding_top_quantile,,,,,,,,,,
2020-08-24,0.40000000000000013,0.00012000000000000004,crowding_top_quantile,,,,,,,,,,
2020-08-31,0.8,0.00024000000000000003,crowding_top_quantile,,,,,,,,,,
2020-09-07,1.2000000000000002,0.0003600000000000001,crowding_top_quantile,,,,,,,,,,
2020-09-14,0.5,0.00015,crowding_top_quantile,,,,,,,,,,
2020-09-21,0.9000000000000001,0.00027,crowding_top_quantile,,,,,,,,,,
2020-09-28,1.0000000000000002,0.0003000000000000001,crowding_top_quantile,,,,,,,,,,
2020-10-09,1.0,0.0003,crowding_top_quantile,,,,,,,,,,
2020-10-12,0.7,0.00020999999999999995,crowding_top_quantile,,,,,,,,,,
2020-10-19,0.7,0.00020999999999999995,crowding_top_quantile,,,,,,,,,,
2020-10-26,0.6000000000000001,0.00018000000000000004,crowding_top_quantile,,,,,,,,,,
2020-11-02,1.0000000000000002,0.0003000000000000001,crowding_top_quantile,,,,,,,,,,
2020-11-09,1.2000000000000002,0.0003600000000000001,crowding_top_quantile,,,,,,,,,,
2020-11-16,1.0,0.0003,crowding_top_quantile,,,,,,,,,,
2020-11-23,0.8000000000000002,0.00024000000000000003,crowding_top_quantile,,,,,,,,,,
2020-11-30,0.4000000000000001,0.00012000000000000002,crowding_top_quantile,,,,,,,,,,
2020-12-07,0.4000000000000001,0.00012000000000000002,crowding_top_quantile,,,,,,,,,,
2020-12-14,1.2000000000000002,0.0003600000000000001,crowding_top_quantile,,,,,,,,,,
2020-12-21,1.2000000000000002,0.0003600000000000001,crowding_top_quantile,,,,,,,,,,
2020-12-28,1.0000000000000002,0.0003000000000000001,crowding_top_quantile,,,,,,,,,,
2021-01-04,0.8,0.00024000000000000003,crowding_top_quantile,,,,,,,,,,
2021-01-11,0.8000000000000002,0.00024000000000000003,crowding_top_quantile,,,,,,,,,,
2021-01-18,1.0000000000000002,0.0003000000000000001,crowding_top_quantile,,,,,,,,,,
2021-01-25,1.0000000000000002,0.0003000000000000001,crowding_top_quantile,,,,,,,,,,
2021-02-01,1.2000000000000002,0.0003600000000000001,crowding_top_quantile,,,,,,,,,,
2021-02-08,0.6000000000000001,0.00018000000000000004,crowding_top_quantile,,,,,,,,,,
2021-02-18,0.6000000000000001,0.00018000000000000004,crowding_top_quantile,,,,,,,,,,
2021-02-22,0.8,0.00024000000000000003,crowding_top_quantile,,,,,,,,,,
2021-03-01,0.8,0.00024000000000000003,crowding_top_quantile,,,,,,,,,,
2021-03-08,1.0000000000000002,0.0003000000000000001,crowding_top_quantile,,,,,,,,,,
2021-03-15,1.4000000000000004,0.0004200000000000001,crowding_top_quantile,,,,,,,,,,
2021-03-22,1.0000000000000002,0.0003000000000000001,crowding_top_quantile,,,,,,,,,,
2021-03-29,0.8,0.00024000000000000003,crowding_top_quantile,,,,,,,,,,
2021-04-06,0.9,0.00027,crowding_top_quantile,,,,,,,,,,
2021-04-12,0.8,0.00024000000000000003,crowding_top_quantile,,,,,,,,,,
2021-04-19,0.6,0.00017999999999999998,crowding_top_quantile,,,,,,,,,,
2021-04-26,1.2000000000000002,0.0003600000000000001,crowding_top_quantile,,,,,,,,,,
2021-05-06,1.0,0.0003,crowding_top_quantile,,,,,,,,,,
2021-05-10,0.8,0.00024000000000000003,crowding_top_quantile,,,,,,,,,,
2021-05-17,0.7999999999999999,0.00023999999999999998,crowding_top_quantile,,,,,,,,,,
2021-05-24,1.0,0.0003,crowding_top_quantile,,,,,,,,,,
2021-05-31,1.4000000000000004,0.0004200000000000001,crowding_top_quantile,,,,,,,,,,
2021-06-07,1.2,0.00035999999999999997,crowding_top_quantile,,,,,,,,,,
2021-06-15,0.7999999999999999,0.00023999999999999998,crowding_top_quantile,,,,,,,,,,
2021-06-21,0.8,0.00024000000000000003,crowding_top_quantile,,,,,,,,,,
2021-06-28,1.2000000000000004,0.00036000000000000013,crowding_top_quantile,,,,,,,,,,
2021-07-05,0.7999999999999999,0.00023999999999999998,crowding_top_quantile,,,,,,,,,,
2021-07-12,0.7999999999999999,0.00023999999999999998,crowding_top_quantile,,,,,,,,,,
2021-07-19,0.6,0.00017999999999999998,crowding_top_quantile,,,,,,,,,,
2021-07-26,0.8,0.00024000000000000003,crowding_top_quantile,,,,,,,,,,
2021-08-02,0.7999999999999999,0.00023999999999999998,crowding_top_quantile,,,,,,,,,,
2021-08-09,0.6,0.00017999999999999998,crowding_top_quantile,,,,,,,,,,
2021-08-16,0.7999999999999999,0.00023999999999999998,crowding_top_quantile,,,,,,,,,,
2021-08-23,0.6000000000000001,0.00018000000000000004,crowding_top_quantile,,,,,,,,,,
2021-08-30,0.2,6.000000000000001e-05,crowding_top_quantile,,,,,,,,,,
2021-09-06,0.6,0.00017999999999999998,crowding_top_quantile,,,,,,,,,,
2021-09-13,0.6000000000000001,0.00018000000000000004,crowding_top_quantile,,,,,,,,,,
2021-09-22,0.8,0.00024000000000000003,crowding_top_quantile,,,,,,,,,,
2021-09-27,0.7999999999999999,0.00023999999999999998,crowding_top_quantile,,,,,,,,,,
2021-10-08,0.6000000000000001,0.00018000000000000004,crowding_top_quantile,,,,,,,,,,
2021-10-11,0.2,6.000000000000001e-05,crowding_top_quantile,,,,,,,,,,
2021-10-18,0.8,0.00024000000000000003,crowding_top_quantile,,,,,,,,,,
2021-10-25,0.8,0.00024000000000000003,crowding_top_quantile,,,,,,,,,,
2021-11-01,0.8,0.00024000000000000003,crowding_top_quantile,,,,,,,,,,
2021-11-08,0.8,0.00024000000000000003,crowding_top_quantile,,,,,,,,,,
2021-11-15,1.0,0.0003,crowding_top_quantile,,,,,,,,,,
2021-11-22,1.0,0.0003,crowding_top_quantile,,,,,,,,,,
2021-11-29,0.8,0.00024000000000000003,crowding_top_quantile,,,,,,,,,,
2021-12-06,1.0,0.0003,crowding_top_quantile,,,,,,,,,,
2021-12-13,0.7999999999999999,0.00023999999999999998,crowding_top_quantile,,,,,,,,,,
2021-12-20,0.8,0.00024000000000000003,crowding_top_quantile,,,,,,,,,,
2021-12-27,0.6,0.00017999999999999998,crowding_top_quantile,,,,,,,,,,
2022-01-04,1.6000000000000003,0.00048000000000000007,crowding_top_quantile,,,,,,,,,,
2022-01-10,1.0,0.0003,crowding_top_quantile,,,,,,,,,,
2022-01-17,0.8,0.00024000000000000003,crowding_top_quantile,,,,,,,,,,
2022-01-24,0.8,0.00024000000000000003,crowding_top_quantile,,,,,,,,,,
2022-02-07,1.2000000000000002,0.0003600000000000001,crowding_top_quantile,,,,,,,,,,
2022-02-14,0.6000000000000001,0.00018000000000000004,crowding_top_quantile,,,,,,,,,,
2022-02-21,0.6,0.00017999999999999998,crowding_top_quantile,,,,,,,,,,
2022-02-28,1.2000000000000002,0.0003600000000000001,crowding_top_quantile,,,,,,,,,,
2022-03-07,0.8,0.00024000000000000003,crowding_top_quantile,,,,,,,,,,
2022-03-14,0.7999999999999999,0.00023999999999999998,crowding_top_quantile,,,,,,,,,,
2022-03-21,1.4000000000000004,0.0004200000000000001,crowding_top_quantile,,,,,,,,,,
2022-03-28,1.6000000000000003,0.00048000000000000007,crowding_top_quantile,,,,,,,,,,
2022-04-06,0.2,6.000000000000001e-05,crowding_top_quantile,,,,,,,,,,
2022-04-11,0.8,0.00024000000000000003,crowding_top_quantile,,,,,,,,,,
2022-04-18,1.0,0.0003,crowding_top_quantile,,,,,,,,,,
2022-04-25,1.0,0.0003,crowding_top_quantile,,,,,,,,,,
2022-05-05,0.7999999999999999,0.00023999999999999998,crowding_top_quantile,,,,,,,,,,
2022-05-09,1.0,0.0003,crowding_top_quantile,,,,,,,,,,
2022-05-16,0.8,0.00024000000000000003,crowding_top_quantile,,,,,,,,,,
2022-05-23,0.6,0.00017999999999999998,crowding_top_quantile,,,,,,,,,,
2022-05-30,0.6,0.00017999999999999998,crowding_top_quantile,,,,,,,,,,
2022-06-06,0.8,0.00024000000000000003,crowding_top_quantile,,,,,,,,,,
2022-06-13,0.7999999999999999,0.00023999999999999998,crowding_top_quantile,,,,,,,,,,
2022-06-20,0.6,0.00017999999999999998,crowding_top_quantile,,,,,,,,,,
2022-06-27,0.8,0.00024000000000000003,crowding_top_quantile,,,,,,,,,,
2022-07-04,1.2000000000000004,0.00036000000000000013,crowding_top_quantile,,,,,,,,,,
2022-07-11,1.0,0.0003,crowding_top_quantile,,,,,,,,,,
2022-07-18,0.4,0.00012000000000000002,crowding_top_quantile,,,,,,,,,,
2022-07-25,0.7999999999999999,0.00023999999999999998,crowding_top_quantile,,,,,,,,,,
2022-08-01,0.4,0.00012000000000000002,crowding_top_quantile,,,,,,,,,,
2022-08-08,0.6,0.00017999999999999998,crowding_top_quantile,,,,,,,,,,
2022-08-15,1.0,0.0003,crowding_top_quantile,,,,,,,,,,
2022-08-22,0.6000000000000001,0.00018000000000000004,crowding_top_quantile,,,,,,,,,,
2022-08-29,1.2000000000000002,0.0003600000000000001,crowding_top_quantile,,,,,,,,,,
2022-09-05,0.8,0.00024000000000000003,crowding_top_quantile,,,,,,,,,,
2022-09-13,1.2000000000000002,0.0003600000000000001,crowding_top_quantile,,,,,,,,,,
2022-09-19,0.8,0.00024000000000000003,crowding_top_quantile,,,,,,,,,,
2022-09-26,0.8,0.00024000000000000003,crowding_top_quantile,,,,,,,,,,
2022-10-10,0.4,0.00012000000000000002,crowding_top_quantile,,,,,,,,,,
2022-10-17,0.7999999999999999,0.00023999999999999998,crowding_top_quantile,,,,,,,,,,
2022-10-24,0.6,0.00017999999999999998,crowding_top_quantile,,,,,,,,,,
2022-10-31,0.7999999999999999,0.00023999999999999998,crowding_top_quantile,,,,,,,,,,
2022-11-07,0.6000000000000001,0.00018000000000000004,crowding_top_quantile,,,,,,,,,,
2022-11-14,0.7999999999999999,0.00023999999999999998,crowding_top_quantile,,,,,,,,,,
2022-11-21,1.2000000000000002,0.0003600000000000001,crowding_top_quantile,,,,,,,,,,
2022-11-28,1.0,0.0003,crowding_top_quantile,,,,,,,,,,
2022-12-05,1.4000000000000004,0.0004200000000000001,crowding_top_quantile,,,,,,,,,,
2022-12-12,1.2000000000000004,0.00036000000000000013,crowding_top_quantile,,,,,,,,,,
2022-12-19,0.6,0.00017999999999999998,crowding_top_quantile,,,,,,,,,,
2022-12-26,0.4,0.00012000000000000002,crowding_top_quantile,,,,,,,,,,
2023-01-03,0.8,0.00024000000000000003,crowding_top_quantile,,,,,,,,,,
2023-01-09,1.4000000000000004,0.0004200000000000001,crowding_top_quantile,,,,,,,,,,
2023-01-16,1.0,0.0003,crowding_top_quantile,,,,,,,,,,
2023-01-30,1.2000000000000002,0.0003600000000000001,crowding_top_quantile,,,,,,,,,,
2023-02-06,0.2,6.000000000000001e-05,crowding_top_quantile,,,,,,,,,,
2023-02-13,0.8,0.00024000000000000003,crowding_top_quantile,,,,,,,,,,
2023-02-20,0.8,0.00024000000000000003,crowding_top_quantile,,,,,,,,,,
2023-02-27,1.0,0.0003,crowding_top_quantile,,,,,,,,,,
2023-03-06,0.6,0.00017999999999999998,crowding_top_quantile,,,,,,,,,,
2023-03-13,1.0,0.0003,crowding_top_quantile,,,,,,,,,,
2023-03-20,0.6,0.00017999999999999998,crowding_top_quantile,,,,,,,,,,
2023-03-27,0.6000000000000001,0.00018000000000000004,crowding_top_quantile,,,,,,,,,,
2023-04-03,0.4,0.00012000000000000002,crowding_top_quantile,,,,,,,,,,
2023-04-10,0.6,0.00017999999999999998,crowding_top_quantile,,,,,,,,,,
2023-04-17,0.6,0.00017999999999999998,crowding_top_quantile,,,,,,,,,,
2023-04-24,0.8,0.00024000000000000003,crowding_top_quantile,,,,,,,,,,
2023-05-04,1.0000000000000002,0.0003000000000000001,crowding_top_quantile,,,,,,,,,,
2023-05-08,1.0,0.0003,crowding_top_quantile,,,,,,,,,,
2023-05-15,1.0,0.0003,crowding_top_quantile,,,,,,,,,,
2023-05-22,0.8,0.00024000000000000003,crowding_top_quantile,,,,,,,,,,
2023-05-29,0.6000000000000001,0.00018000000000000004,crowding_top_quantile,,,,,,,,,,
2023-06-05,0.6,0.00017999999999999998,crowding_top_quantile,,,,,,,,,,
2023-06-12,0.8,0.00024000000000000003,crowding_top_quantile,,,,,,,,,,
2023-06-19,1.0,0.0003,crowding_top_quantile,,,,,,,,,,
2023-06-26,0.8,0.00024000000000000003,crowding_top_quantile,,,,,,,,,,
2023-07-03,0.8,0.00024000000000000003,crowding_top_quantile,,,,,,,,,,
2023-07-10,0.8,0.00024000000000000003,crowding_top_quantile,,,,,,,,,,
2023-07-17,0.6,0.00017999999999999998,crowding_top_quantile,,,,,,,,,,
2023-07-24,0.4,0.00012000000000000002,crowding_top_quantile,,,,,,,,,,
2023-07-31,0.8,0.00024000000000000003,crowding_top_quantile,,,,,,,,,,
2023-08-07,0.7999999999999999,0.00023999999999999998,crowding_top_quantile,,,,,,,,,,
2023-08-14,0.6,0.00017999999999999998,crowding_top_quantile,,,,,,,,,,
2023-08-21,0.6,0.00017999999999999998,crowding_top_quantile,,,,,,,,,,
2023-08-28,1.0,0.0003,crowding_top_quantile,,,,,,,,,,
2023-09-04,0.6,0.00017999999999999998,crowding_top_quantile,,,,,,,,,,
2023-09-11,1.0,0.0003,crowding_top_quantile,,,,,,,,,,
2023-09-18,1.2000000000000002,0.0003600000000000001,crowding_top_quantile,,,,,,,,,,
2023-09-25,0.6,0.00017999999999999998,crowding_top_quantile,,,,,,,,,,
2023-10-09,0.8,0.00024000000000000003,crowding_top_quantile,,,,,,,,,,
2023-10-16,1.2000000000000002,0.0003600000000000001,crowding_top_quantile,,,,,,,,,,
2023-10-23,1.2000000000000004,0.00036000000000000013,crowding_top_quantile,,,,,,,,,,
2023-10-30,1.2000000000000002,0.0003600000000000001,crowding_top_quantile,,,,,,,,,,
2023-11-06,0.6,0.00017999999999999998,crowding_top_quantile,,,,,,,,,,
2023-11-13,0.8,0.00024000000000000003,crowding_top_quantile,,,,,,,,,,
2023-11-20,1.2000000000000002,0.0003600000000000001,crowding_top_quantile,,,,,,,,,,
2023-11-27,1.2000000000000004,0.00036000000000000013,crowding_top_quantile,,,,,,,,,,
2023-12-04,1.0,0.0003,crowding_top_quantile,,,,,,,,,,
2023-12-11,0.7999999999999999,0.00023999999999999998,crowding_top_quantile,,,,,,,,,,
2023-12-18,0.6,0.00017999999999999998,crowding_top_quantile,,,,,,,,,,
2023-12-25,0.6000000000000001,0.00018000000000000004,crowding_top_quantile,,,,,,,,,,
2024-01-02,1.0,0.0003,crowding_top_quantile,,,,,,,,,,
2024-01-08,0.7999999999999999,0.00023999999999999998,crowding_top_quantile,,,,,,,,,,
2024-01-15,1.0,0.0003,crowding_top_quantile,,,,,,,,,,
2024-01-22,1.2000000000000002,0.0003600000000000001,crowding_top_quantile,,,,,,,,,,
2024-01-29,1.0,0.0003,crowding_top_quantile,,,,,,,,,,
2024-02-05,1.6,0.00048000000000000007,crowding_top_quantile,,,,,,,,,,
2024-02-19,1.0,0.0003,crowding_top_quantile,,,,,,,,,,
2024-02-26,1.2000000000000002,0.0003600000000000001,crowding_top_quantile,,,,,,,,,,
2024-03-04,1.4000000000000004,0.0004200000000000001,crowding_top_quantile,,,,,,,,,,
2024-03-11,0.9999999999999999,0.0003,crowding_top_quantile,,,,,,,,,,
2024-03-18,0.6,0.00017999999999999998,crowding_top_quantile,,,,,,,,,,
2024-03-25,0.6,0.00017999999999999998,crowding_top_quantile,,,,,,,,,,
2024-04-01,0.6,0.00017999999999999998,crowding_top_quantile,,,,,,,,,,
2024-04-08,0.7999999999999999,0.00023999999999999998,crowding_top_quantile,,,,,,,,,,
2024-04-15,0.6,0.00017999999999999998,crowding_top_quantile,,,,,,,,,,
2024-04-22,0.6,0.00017999999999999998,crowding_top_quantile,,,,,,,,,,
2024-04-29,0.6,0.00017999999999999998,crowding_top_quantile,,,,,,,,,,
2024-05-06,1.0,0.0003,crowding_top_quantile,,,,,,,,,,
2024-05-13,0.6,0.00017999999999999998,crowding_top_quantile,,,,,,,,,,
2024-05-20,1.0,0.0003,crowding_top_quantile,,,,,,,,,,
2024-05-27,0.6,0.00017999999999999998,crowding_top_quantile,,,,,,,,,,
2024-06-03,0.7999999999999999,0.00023999999999999998,crowding_top_quantile,,,,,,,,,,
2024-06-11,0.6,0.00017999999999999998,crowding_top_quantile,,,,,,,,,,
2024-06-17,0.4,0.00012000000000000002,crowding_top_quantile,,,,,,,,,,
2024-06-24,0.6,0.00017999999999999998,crowding_top_quantile,,,,,,,,,,
2024-07-01,1.0,0.0003,crowding_top_quantile,,,,,,,,,,
2024-07-08,0.6,0.00017999999999999998,crowding_top_quantile,,,,,,,,,,
2024-07-15,0.8,0.00024000000000000003,crowding_top_quantile,,,,,,,,,,
2024-07-22,0.8,0.00024000000000000003,crowding_top_quantile,,,,,,,,,,
2024-07-29,1.0,0.0003,crowding_top_quantile,,,,,,,,,,
2024-08-05,1.2000000000000004,0.00036000000000000013,crowding_top_quantile,,,,,,,,,,
2024-08-12,1.0,0.0003,crowding_top_quantile,,,,,,,,,,
2024-08-19,1.2000000000000002,0.0003600000000000001,crowding_top_quantile,,,,,,,,,,
2024-08-26,0.8,0.00024000000000000003,crowding_top_quantile,,,,,,,,,,
2024-09-02,0.8,0.00024000000000000003,crowding_top_quantile,,,,,,,,,,
2024-09-09,1.0,0.0003,crowding_top_quantile,,,,,,,,,,
2024-09-18,1.2000000000000002,0.0003600000000000001,crowding_top_quantile,,,,,,,,,,
2024-09-23,1.0000000000000002,0.0003000000000000001,crowding_top_quantile,,,,,,,,,,
2024-09-30,0.8,0.00024000000000000003,crowding_top_quantile,,,,,,,,,,
2024-10-08,0.6,0.00017999999999999998,crowding_top_quantile,,,,,,,,,,
2024-10-14,0.7999999999999999,0.00023999999999999998,crowding_top_quantile,,,,,,,,,,
2024-10-21,0.7999999999999999,0.00023999999999999998,crowding_top_quantile,,,,,,,,,,
2024-10-28,0.6,0.00017999999999999998,crowding_top_quantile,,,,,,,,,,
2024-11-04,0.4,0.00012000000000000002,crowding_top_quantile,,,,,,,,,,
2024-11-11,1.0,0.0003,crowding_top_quantile,,,,,,,,,,
2024-11-18,0.8,0.00024000000000000003,crowding_top_quantile,,,,,,,,,,
2024-11-25,1.2000000000000002,0.0003600000000000001,crowding_top_quantile,,,,,,,,,,
2024-12-02,0.8,0.00024000000000000003,crowding_top_quantile,,,,,,,,,,
2024-12-09,0.8,0.00024000000000000003,crowding_top_quantile,,,,,,,,,,
2024-12-16,1.0,0.0003,crowding_top_quantile,,,,,,,,,,
2024-12-23,1.0,0.0003,crowding_top_quantile,,,,,,,,,,
2024-12-30,0.6000000000000001,0.00018000000000000004,crowding_top_quantile,,,,,,,,,,
2025-01-06,0.8,0.00024000000000000003,crowding_top_quantile,,,,,,,,,,
2025-01-13,1.0000000000000002,0.0003000000000000001,crowding_top_quantile,,,,,,,,,,
2025-01-20,0.7999999999999999,0.00023999999999999998,crowding_top_quantile,,,,,,,,,,
2025-01-27,0.8,0.00024000000000000003,crowding_top_quantile,,,,,,,,,,
2025-02-05,0.4,0.00012000000000000002,crowding_top_quantile,,,,,,,,,,
2025-02-10,0.8,0.00024000000000000003,crowding_top_quantile,,,,,,,,,,
2025-02-17,0.8,0.00024000000000000003,crowding_top_quantile,,,,,,,,,,
2025-02-24,0.8,0.00024000000000000003,crowding_top_quantile,,,,,,,,,,
2025-03-03,1.0,0.0003,crowding_top_quantile,,,,,,,,,,
2025-03-10,0.7999999999999999,0.00023999999999999998,crowding_top_quantile,,,,,,,,,,
2025-03-17,0.6,0.00017999999999999998,crowding_top_quantile,,,,,,,,,,
2025-03-24,0.8,0.00024000000000000003,crowding_top_quantile,,,,,,,,,,
2025-03-31,0.4,0.00012000000000000002,crowding_top_quantile,,,,,,,,,,
2025-04-07,0.6000000000000001,0.00018000000000000004,crowding_top_quantile,,,,,,,,,,
2025-04-14,0.7999999999999999,0.00023999999999999998,crowding_top_quantile,,,,,,,,,,
2025-04-21,1.0,0.0003,crowding_top_quantile,,,,,,,,,,
2025-04-28,1.0,0.0003,crowding_top_quantile,,,,,,,,,,
2025-05-06,0.7999999999999999,0.00023999999999999998,crowding_top_quantile,,,,,,,,,,
2025-05-12,1.0,0.0003,crowding_top_quantile,,,,,,,,,,
2025-05-19,1.0,0.0003,crowding_top_quantile,,,,,,,,,,
2025-05-26,0.4,0.00012000000000000002,crowding_top_quantile,,,,,,,,,,
2025-06-03,1.2000000000000002,0.0003600000000000001,crowding_top_quantile,,,,,,,,,,
2025-06-09,1.0,0.0003,crowding_top_quantile,,,,,,,,,,
2025-06-16,1.0,0.0003,crowding_top_quantile,,,,,,,,,,
2025-06-23,0.8,0.00024000000000000003,crowding_top_quantile,,,,,,,,,,
2025-06-30,1.0000000000000002,0.0003000000000000001,crowding_top_quantile,,,,,,,,,,
2025-07-07,1.0,0.0003,crowding_top_quantile,,,,,,,,,,
2025-07-14,0.6,0.00017999999999999998,crowding_top_quantile,,,,,,,,,,
2025-07-21,1.0,0.0003,crowding_top_quantile,,,,,,,,,,
2025-07-28,1.0,0.0003,crowding_top_quantile,,,,,,,,,,
2025-08-04,0.8,0.00024000000000000003,crowding_top_quantile,,,,,,,,,,
2025-08-11,0.6,0.00017999999999999998,crowding_top_quantile,,,,,,,,,,
2025-08-18,0.4,0.00012000000000000002,crowding_top_quantile,,,,,,,,,,
2025-08-25,1.0,0.0003,crowding_top_quantile,,,,,,,,,,
2025-09-01,0.6,0.00017999999999999998,crowding_top_quantile,,,,,,,,,,
2025-09-08,1.0,0.0003,crowding_top_quantile,,,,,,,,,,
2025-09-15,1.0,0.0003,crowding_top_quantile,,,,,,,,,,
2025-09-22,1.2,0.00035999999999999997,crowding_top_quantile,,,,,,,,,,
2025-09-29,1.0,0.0003,crowding_top_quantile,,,,,,,,,,
2025-10-09,0.7999999999999999,0.00023999999999999998,crowding_top_quantile,,,,,,,,,,
2025-10-13,1.0,0.0003,crowding_top_quantile,,,,,,,,,,
2025-10-20,0.6,0.00017999999999999998,crowding_top_quantile,,,,,,,,,,
2025-10-27,0.6000000000000001,0.00018000000000000004,crowding_top_quantile,,,,,,,,,,
2025-11-03,0.8,0.00024000000000000003,crowding_top_quantile,,,,,,,,,,
2025-11-10,0.6,0.00017999999999999998,crowding_top_quantile,,,,,,,,,,
2025-11-17,1.0,0.0003,crowding_top_quantile,,,,,,,,,,
2025-11-24,0.8,0.00024000000000000003,crowding_top_quantile,,,,,,,,,,
2025-12-01,1.2000000000000002,0.0003600000000000001,crowding_top_quantile,,,,,,,,,,
2025-12-08,0.8,0.00024000000000000003,crowding_top_quantile,,,,,,,,,,
2025-12-15,0.8,0.00024000000000000003,crowding_top_quantile,,,,,,,,,,
2025-12-22,1.0,0.0003,crowding_top_quantile,,,,,,,,,,
2025-12-29,0.6,0.00017999999999999998,crowding_top_quantile,,,,,,,,,,
2026-01-05,0.4,0.00012000000000000002,crowding_top_quantile,,,,,,,,,,
2026-01-12,1.0,0.0003,crowding_top_quantile,,,,,,,,,,
2026-01-19,0.7999999999999999,0.00023999999999999998,crowding_top_quantile,,,,,,,,,,
2026-01-26,0.8,0.00024000000000000003,crowding_top_quantile,,,,,,,,,,
2026-02-02,1.0000000000000002,0.0003000000000000001,crowding_top_quantile,,,,,,,,,,
2026-02-09,0.4,0.00012000000000000002,crowding_top_quantile,,,,,,,,,,
2026-02-24,0.8,0.00024000000000000003,crowding_top_quantile,,,,,,,,,,
2026-03-02,0.6,0.00017999999999999998,crowding_top_quantile,,,,,,,,,,
2026-03-09,0.8,0.00024000000000000003,crowding_top_quantile,,,,,,,,,,
2026-03-16,0.6,0.00017999999999999998,crowding_top_quantile,,,,,,,,,,
2026-03-23,0.8,0.00024000000000000003,crowding_top_quantile,,,,,,,,,,
2026-03-30,0.7999999999999999,0.00023999999999999998,crowding_top_quantile,,,,,,,,,,
2026-04-07,0.6,0.00017999999999999998,crowding_top_quantile,,,,,,,,,,
2026-04-13,0.6,0.00017999999999999998,crowding_top_quantile,,,,,,,,,,
2026-04-20,1.0,0.0003,crowding_top_quantile,,,,,,,,,,
2026-04-27,1.2000000000000002,0.0003600000000000001,crowding_top_quantile,,,,,,,,,,
2026-05-06,0.8,0.00024000000000000003,crowding_top_quantile,,,,,,,,,,
2026-05-11,0.8,0.00024000000000000003,crowding_top_quantile,,,,,,,,,,
2026-05-18,0.4,0.00012000000000000002,crowding_top_quantile,,,,,,,,,,
2026-05-25,0.4,0.00012000000000000002,crowding_top_quantile,,,,,,,,,,
2026-06-01,0.4,0.00012000000000000002,crowding_top_quantile,,,,,,,,,,
2026-06-08,1.0,0.0003,crowding_top_quantile,,,,,,,,,,
2026-06-15,0.8,0.00024000000000000003,crowding_top_quantile,,,,,,,,,,
2026-06-22,1.4000000000000004,0.0004200000000000001,crowding_top_quantile,,,,,,,,,,
2026-06-29,0.4,0.00012000000000000002,crowding_top_quantile,,,,,,,,,,
2026-07-06,0.8,0.00024000000000000003,crowding_top_quantile,,,,,,,,,,
2026-07-13,0.4,0.00012000000000000002,crowding_top_quantile,,,,,,,,,,
2026-07-20,0.8,0.00024000000000000003,crowding_top_quantile,,,,,,,,,,
2026-07-27,0.8,0.00024000000000000003,crowding_top_quantile,,,,,,,,,,
2026-08-03,0.6,0.00017999999999999998,crowding_top_quantile,,,,,,,,,,
2026-08-10,1.0,0.0003,crowding_top_quantile,,,,,,,,,,
2026-08-17,0.4,0.00012000000000000002,crowding_top_quantile,,,,,,,,,,
2026-08-24,0.8,0.00024000000000000003,crowding_top_quantile,,,,,,,,,,
2026-08-31,0.6000000000000001,0.00018000000000000004,crowding_top_quantile,,,,,,,,,,
2026-09-07,1.0,0.0003,crowding_top_quantile,,,,,,,,,,
2026-09-14,0.6,0.00017999999999999998,crowding_top_quantile,,,,,,,,,,
2018-01-08,0.0,0.0,momentum_crowding_penalty,,,,,,,,,,
2018-01-15,0.0,0.0,momentum_crowding_penalty,,,,,,,,,,
2018-01-22,0.0,0.0,momentum_crowding_penalty,,,,,,,,,,
2018-01-29,0.0,0.0,momentum_crowding_penalty,,,,,,,,,,
2018-02-05,0.0,0.0,momentum_crowding_penalty,,,,,,,,,,
2018-02-12,0.0,0.0,momentum_crowding_penalty,,,,,,,,,,
2018-02-22,0.6,0.00017999999999999998,momentum_crowding_penalty,,,,,,,,,,
2018-02-26,0.4,0.00012000000000000002,momentum_crowding_penalty,,,,,,,,,,
2018-03-05,0.7999999999999999,0.00023999999999999998,momentum_crowding_penalty,,,,,,,,,,
2018-03-12,0.6,0.00017999999999999998,momentum_crowding_penalty,,,,,,,,,,
2018-03-19,0.7999999999999999,0.00023999999999999998,momentum_crowding_penalty,,,,,,,,,,
2018-03-26,0.6,0.00017999999999999998,momentum_crowding_penalty,,,,,,,,,,
2018-04-02,0.6000000000000001,0.00018000000000000004,momentum_crowding_penalty,,,,,,,,,,
2018-04-09,0.0,0.0,momentum_crowding_penalty,,,,,,,,,,
2018-04-16,0.8,0.00024000000000000003,momentum_crowding_penalty,,,,,,,,,,
2018-04-23,0.4,0.00012000000000000002,momentum_crowding_penalty,,,,,,,,,,
2018-05-02,0.6000000000000001,0.00018000000000000004,momentum_crowding_penalty,,,,,,,,,,
2018-05-07,0.4,0.00012000000000000002,momentum_crowding_penalty,,,,,,,,,,
2018-05-14,0.6000000000000001,0.00018000000000000004,momentum_crowding_penalty,,,,,,,,,,
2018-05-21,0.2,6.000000000000001e-05,momentum_crowding_penalty,,,,,,,,,,
2018-05-28,0.8,0.00024000000000000003,momentum_crowding_penalty,,,,,,,,,,
2018-06-04,1.0000000000000002,0.0003000000000000001,momentum_crowding_penalty,,,,,,,,,,
2018-06-11,0.6,0.00017999999999999998,momentum_crowding_penalty,,,,,,,,,,
2018-06-19,0.6,0.00017999999999999998,momentum_crowding_penalty,,,,,,,,,,
2018-06-25,0.2,6.000000000000001e-05,momentum_crowding_penalty,,,,,,,,,,
2018-07-02,0.6,0.00017999999999999998,momentum_crowding_penalty,,,,,,,,,,
2018-07-09,0.4,0.00012000000000000002,momentum_crowding_penalty,,,,,,,,,,
2018-07-16,0.6,0.00017999999999999998,momentum_crowding_penalty,,,,,,,,,,
2018-07-23,0.6,0.00017999999999999998,momentum_crowding_penalty,,,,,,,,,,
2018-07-30,1.2000000000000002,0.0003600000000000001,momentum_crowding_penalty,,,,,,,,,,
2018-08-06,1.0000000000000002,0.0003000000000000001,momentum_crowding_penalty,,,,,,,,,,
2018-08-13,0.6,0.00017999999999999998,momentum_crowding_penalty,,,,,,,,,,
2018-08-20,0.4,0.00012000000000000002,momentum_crowding_penalty,,,,,,,,,,
2018-08-27,1.0,0.0003,momentum_crowding_penalty,,,,,,,,,,
2018-09-03,0.4,0.00012000000000000002,momentum_crowding_penalty,,,,,,,,,,
2018-09-10,0.6000000000000001,0.00018000000000000004,momentum_crowding_penalty,,,,,,,,,,
2018-09-17,0.6000000000000001,0.00018000000000000004,momentum_crowding_penalty,,,,,,,,,,
2018-09-25,0.6000000000000001,0.00018000000000000004,momentum_crowding_penalty,,,,,,,,,,
2018-10-08,0.6,0.00017999999999999998,momentum_crowding_penalty,,,,,,,,,,
2018-10-15,0.8,0.00024000000000000003,momentum_crowding_penalty,,,,,,,,,,
2018-10-22,0.6000000000000001,0.00018000000000000004,momentum_crowding_penalty,,,,,,,,,,
2018-10-29,0.8,0.00024000000000000003,momentum_crowding_penalty,,,,,,,,,,
2018-11-05,0.6000000000000001,0.00018000000000000004,momentum_crowding_penalty,,,,,,,,,,
2018-11-12,0.8,0.00024000000000000003,momentum_crowding_penalty,,,,,,,,,,
2018-11-19,0.8,0.00024000000000000003,momentum_crowding_penalty,,,,,,,,,,
2018-11-26,1.0,0.0003,momentum_crowding_penalty,,,,,,,,,,
2018-12-03,0.8,0.00024000000000000003,momentum_crowding_penalty,,,,,,,,,,
2018-12-10,1.0,0.0003,momentum_crowding_penalty,,,,,,,,,,
2018-12-17,1.0,0.0003,momentum_crowding_penalty,,,,,,,,,,
2018-12-24,0.6,0.00017999999999999998,momentum_crowding_penalty,,,,,,,,,,
2019-01-02,0.0,0.0,momentum_crowding_penalty,,,,,,,,,,
2019-01-07,0.4,0.00012000000000000002,momentum_crowding_penalty,,,,,,,,,,
2019-01-14,0.8,0.00024000000000000003,momentum_crowding_penalty,,,,,,,,,,
2019-01-21,0.4,0.00012000000000000002,momentum_crowding_penalty,,,,,,,,,,
2019-01-28,0.6000000000000001,0.00018000000000000004,momentum_crowding_penalty,,,,,,,,,,
2019-02-11,0.4,0.00012000000000000002,momentum_crowding_penalty,,,,,,,,,,
2019-02-18,0.8,0.00024000000000000003,momentum_crowding_penalty,,,,,,,,,,
2019-02-25,0.4,0.00012000000000000002,momentum_crowding_penalty,,,,,,,,,,
2019-03-04,0.2,6.000000000000001e-05,momentum_crowding_penalty,,,,,,,,,,
2019-03-11,0.0,0.0,momentum_crowding_penalty,,,,,,,,,,
2019-03-18,1.0,0.0003,momentum_crowding_penalty,,,,,,,,,,
2019-03-25,0.8,0.00024000000000000003,momentum_crowding_penalty,,,,,,,,,,
2019-04-01,0.7999999999999999,0.00023999999999999998,momentum_crowding_penalty,,,,,,,,,,
2019-04-08,0.6,0.00017999999999999998,momentum_crowding_penalty,,,,,,,,,,
2019-04-15,1.0000000000000002,0.0003000000000000001,momentum_crowding_penalty,,,,,,,,,,
2019-04-22,1.0000000000000002,0.0003000000000000001,momentum_crowding_penalty,,,,,,,,,,
2019-04-29,0.8,0.00024000000000000003,momentum_crowding_penalty,,,,,,,,,,
2019-05-06,0.6000000000000001,0.00018000000000000004,momentum_crowding_penalty,,,,,,,,,,
2019-05-13,0.7999999999999999,0.00023999999999999998,momentum_crowding_penalty,,,,,,,,,,
2019-05-20,0.8,0.00024000000000000003,momentum_crowding_penalty,,,,,,,,,,
2019-05-27,0.8,0.00024000000000000003,momentum_crowding_penalty,,,,,,,,,,
2019-06-03,0.8,0.00024000000000000003,momentum_crowding_penalty,,,,,,,,,,
2019-06-10,0.6000000000000001,0.00018000000000000004,momentum_crowding_penalty,,,,,,,,,,
2019-06-17,0.8,0.00024000000000000003,momentum_crowding_penalty,,,,,,,,,,
2019-06-24,0.2,6.000000000000001e-05,momentum_crowding_penalty,,,,,,,,,,
2019-07-01,0.8,0.00024000000000000003,momentum_crowding_penalty,,,,,,,,,,
2019-07-08,1.0000000000000002,0.0003000000000000001,momentum_crowding_penalty,,,,,,,,,,
2019-07-15,0.6,0.00017999999999999998,momentum_crowding_penalty,,,,,,,,,,
2019-07-22,0.8,0.00024000000000000003,momentum_crowding_penalty,,,,,,,,,,
2019-07-29,0.7999999999999999,0.00023999999999999998,momentum_crowding_penalty,,,,,,,,,,
2019-08-05,0.6,0.00017999999999999998,momentum_crowding_penalty,,,,,,,,,,
2019-08-12,0.6,0.00017999999999999998,momentum_crowding_penalty,,,,,,,,,,
2019-08-19,1.0,0.0003,momentum_crowding_penalty,,,,,,,,,,
2019-08-26,0.4,0.00012000000000000002,momentum_crowding_penalty,,,,,,,,,,
2019-09-02,0.6,0.00017999999999999998,momentum_crowding_penalty,,,,,,,,,,
2019-09-09,0.6,0.00017999999999999998,momentum_crowding_penalty,,,,,,,,,,
2019-09-16,0.8,0.00024000000000000003,momentum_crowding_penalty,,,,,,,,,,
2019-09-23,0.6,0.00017999999999999998,momentum_crowding_penalty,,,,,,,,,,
2019-09-30,0.4,0.00012000000000000002,momentum_crowding_penalty,,,,,,,,,,
2019-10-08,0.2,6.000000000000001e-05,momentum_crowding_penalty,,,,,,,,,,
2019-10-14,0.8,0.00024000000000000003,momentum_crowding_penalty,,,,,,,,,,
2019-10-21,0.8,0.00024000000000000003,momentum_crowding_penalty,,,,,,,,,,
2019-10-28,0.4,0.00012000000000000002,momentum_crowding_penalty,,,,,,,,,,
2019-11-04,0.6000000000000001,0.00018000000000000004,momentum_crowding_penalty,,,,,,,,,,
2019-11-11,0.6000000000000001,0.00018000000000000004,momentum_crowding_penalty,,,,,,,,,,
2019-11-18,0.8,0.00024000000000000003,momentum_crowding_penalty,,,,,,,,,,
2019-11-25,0.4,0.00012000000000000002,momentum_crowding_penalty,,,,,,,,,,
2019-12-02,0.8,0.00024000000000000003,momentum_crowding_penalty,,,,,,,,,,
2019-12-09,1.0,0.0003,momentum_crowding_penalty,,,,,,,,,,
2019-12-16,0.8,0.00024000000000000003,momentum_crowding_penalty,,,,,,,,,,
2019-12-23,0.8,0.00024000000000000003,momentum_crowding_penalty,,,,,,,,,,
2019-12-30,0.6,0.00017999999999999998,momentum_crowding_penalty,,,,,,,,,,
2020-01-06,0.6,0.00017999999999999998,momentum_crowding_penalty,,,,,,,,,,
2020-01-13,0.4,0.00012000000000000002,momentum_crowding_penalty,,,,,,,,,,
2020-01-20,0.5,0.00015,momentum_crowding_penalty,,,,,,,,,,
2020-02-03,0.6000000000000001,0.00018000000000000004,momentum_crowding_penalty,,,,,,,,,,
2020-02-10,0.8,0.00024000000000000003,momentum_crowding_penalty,,,,,,,,,,
2020-02-17,0.8,0.00024000000000000003,momentum_crowding_penalty,,,,,,,,,,
2020-02-24,0.4,0.00012000000000000002,momentum_crowding_penalty,,,,,,,,,,
2020-03-02,0.6000000000000001,0.00018000000000000004,momentum_crowding_penalty,,,,,,,,,,
2020-03-09,0.8,0.00024000000000000003,momentum_crowding_penalty,,,,,,,,,,
2020-03-16,0.6,0.00017999999999999998,momentum_crowding_penalty,,,,,,,,,,
2020-03-23,0.2,6.000000000000001e-05,momentum_crowding_penalty,,,,,,,,,,
2020-03-30,1.2000000000000002,0.0003600000000000001,momentum_crowding_penalty,,,,,,,,,,
2020-04-07,0.8,0.00024000000000000003,momentum_crowding_penalty,,,,,,,,,,
2020-04-13,0.8,0.00024000000000000003,momentum_crowding_penalty,,,,,,,,,,
2020-04-20,0.8,0.00024000000000000003,momentum_crowding_penalty,,,,,,,,,,
2020-04-27,1.0,0.0003,momentum_crowding_penalty,,,,,,,,,,
2020-05-06,1.4000000000000001,0.00042,momentum_crowding_penalty,,,,,,,,,,
2020-05-11,1.0,0.0003,momentum_crowding_penalty,,,,,,,,,,
2020-05-18,0.4,0.00012000000000000002,momentum_crowding_penalty,,,,,,,,,,
2020-05-25,1.1,0.00033000000000000005,momentum_crowding_penalty,,,,,,,,,,
2020-06-01,0.20000000000000004,6.000000000000001e-05,momentum_crowding_penalty,,,,,,,,,,
2020-06-08,0.8,0.00024000000000000003,momentum_crowding_penalty,,,,,,,,,,
2020-06-15,1.0,0.0003,momentum_crowding_penalty,,,,,,,,,,
2020-06-22,1.1,0.00033000000000000005,momentum_crowding_penalty,,,,,,,,,,
2020-06-29,0.7000000000000001,0.00021,momentum_crowding_penalty,,,,,,,,,,
2020-07-06,0.6000000000000001,0.00018000000000000004,momentum_crowding_penalty,,,,,,,,,,
2020-07-13,0.6,0.00017999999999999998,momentum_crowding_penalty,,,,,,,,,,
2020-07-20,1.4000000000000004,0.0004200000000000001,momentum_crowding_penalty,,,,,,,,,,
2020-07-27,1.1,0.00033000000000000005,momentum_crowding_penalty,,,,,,,,,,
2020-08-03,0.7000000000000001,0.00021,momentum_crowding_penalty,,,,,,,,,,
2020-08-10,1.0,0.0003,momentum_crowding_penalty,,,,,,,,,,
2020-08-17,0.8,0.00024000000000000003,momentum_crowding_penalty,,,,,,,,,,
2020-08-24,1.0000000000000002,0.0003000000000000001,momentum_crowding_penalty,,,,,,,,,,
2020-08-31,1.0000000000000002,0.0003000000000000001,momentum_crowding_penalty,,,,,,,,,,
2020-09-07,0.4,0.00012000000000000002,momentum_crowding_penalty,,,,,,,,,,
2020-09-14,0.9,0.00027,momentum_crowding_penalty,,,,,,,,,,
2020-09-21,1.1000000000000003,0.00033000000000000005,momentum_crowding_penalty,,,,,,,,,,
2020-09-28,0.6000000000000001,0.00018000000000000004,momentum_crowding_penalty,,,,,,,,,,
2020-10-09,0.20000000000000012,6.000000000000003e-05,momentum_crowding_penalty,,,,,,,,,,
2020-10-12,0.3000000000000001,9.000000000000003e-05,momentum_crowding_penalty,,,,,,,,,,
2020-10-19,1.1,0.00033000000000000005,momentum_crowding_penalty,,,,,,,,,,
2020-10-26,1.0,0.0003,momentum_crowding_penalty,,,,,,,,,,
2020-11-02,0.4,0.00012000000000000002,momentum_crowding_penalty,,,,,,,,,,
2020-11-09,1.0000000000000002,0.0003000000000000001,momentum_crowding_penalty,,,,,,,,,,
2020-11-16,0.8000000000000002,0.00024000000000000003,momentum_crowding_penalty,,,,,,,,,,
2020-11-23,0.6000000000000002,0.00018000000000000007,momentum_crowding_penalty,,,,,,,,,,
2020-11-30,0.6000000000000001,0.00018000000000000004,momentum_crowding_penalty,,,,,,,,,,
2020-12-07,1.0000000000000002,0.0003000000000000001,momentum_crowding_penalty,,,,,,,,,,
2020-12-14,0.8,0.00024000000000000003,momentum_crowding_penalty,,,,,,,,,,
2020-12-21,0.4,0.00012000000000000002,momentum_crowding_penalty,,,,,,,,,,
2020-12-28,1.0,0.0003,momentum_crowding_penalty,,,,,,,,,,
2021-01-04,0.4,0.00012000000000000002,momentum_crowding_penalty,,,,,,,,,,
2021-01-11,0.7999999999999999,0.00023999999999999998,momentum_crowding_penalty,,,,,,,,,,
2021-01-18,1.2000000000000002,0.0003600000000000001,momentum_crowding_penalty,,,,,,,,,,
2021-01-25,0.8,0.00024000000000000003,momentum_crowding_penalty,,,,,,,,,,
2021-02-01,1.2000000000000004,0.00036000000000000013,momentum_crowding_penalty,,,,,,,,,,
2021-02-08,1.0000000000000002,0.0003000000000000001,momentum_crowding_penalty,,,,,,,,,,
2021-02-18,0.6,0.00017999999999999998,momentum_crowding_penalty,,,,,,,,,,
2021-02-22,0.6000000000000001,0.00018000000000000004,momentum_crowding_penalty,,,,,,,,,,
2021-03-01,1.0000000000000002,0.0003000000000000001,momentum_crowding_penalty,,,,,,,,,,
2021-03-08,0.8,0.00024000000000000003,momentum_crowding_penalty,,,,,,,,,,
2021-03-15,0.40000000000000013,0.00012000000000000004,momentum_crowding_penalty,,,,,,,,,,
2021-03-22,0.7999999999999999,0.00023999999999999998,momentum_crowding_penalty,,,,,,,,,,
2021-03-29,1.4000000000000001,0.00042,momentum_crowding_penalty,,,,,,,,,,
2021-04-06,1.3000000000000003,0.0003900000000000001,momentum_crowding_penalty,,,,,,,,,,
2021-04-12,0.6,0.00017999999999999998,momentum_crowding_penalty,,,,,,,,,,
2021-04-19,0.8,0.00024000000000000003,momentum_crowding_penalty,,,,,,,,,,
2021-04-26,1.6000000000000005,0.0004800000000000002,momentum_crowding_penalty,,,,,,,,,,
2021-05-06,0.8,0.00024000000000000003,momentum_crowding_penalty,,,,,,,,,,
2021-05-10,0.6,0.00017999999999999998,momentum_crowding_penalty,,,,,,,,,,
2021-05-17,0.8,0.00024000000000000003,momentum_crowding_penalty,,,,,,,,,,
2021-05-24,1.2000000000000002,0.0003600000000000001,momentum_crowding_penalty,,,,,,,,,,
2021-05-31,0.6,0.00017999999999999998,momentum_crowding_penalty,,,,,,,,,,
2021-06-07,1.0,0.0003,momentum_crowding_penalty,,,,,,,,,,
2021-06-15,0.8,0.00024000000000000003,momentum_crowding_penalty,,,,,,,,,,
2021-06-21,1.0,0.0003,momentum_crowding_penalty,,,,,,,,,,
2021-06-28,0.8,0.00024000000000000003,momentum_crowding_penalty,,,,,,,,,,
2021-07-05,0.6,0.00017999999999999998,momentum_crowding_penalty,,,,,,,,,,
2021-07-12,0.4,0.00012000000000000002,momentum_crowding_penalty,,,,,,,,,,
2021-07-19,0.7999999999999999,0.00023999999999999998,momentum_crowding_penalty,,,,,,,,,,
2021-07-26,1.2000000000000002,0.0003600000000000001,momentum_crowding_penalty,,,,,,,,,,
2021-08-02,1.4000000000000004,0.0004200000000000001,momentum_crowding_penalty,,,,,,,,,,
2021-08-09,1.6000000000000005,0.0004800000000000002,momentum_crowding_penalty,,,,,,,,,,
2021-08-16,0.6,0.00017999999999999998,momentum_crowding_penalty,,,,,,,,,,
2021-08-23,1.2000000000000002,0.0003600000000000001,momentum_crowding_penalty,,,,,,,,,,
2021-08-30,1.4000000000000004,0.0004200000000000001,momentum_crowding_penalty,,,,,,,,,,
2021-09-06,0.8,0.00024000000000000003,momentum_crowding_penalty,,,,,,,,,,
2021-09-13,0.6000000000000001,0.00018000000000000004,momentum_crowding_penalty,,,,,,,,,,
2021-09-22,1.6000000000000005,0.0004800000000000002,momentum_crowding_penalty,,,,,,,,,,
2021-09-27,0.8,0.00024000000000000003,momentum_crowding_penalty,,,,,,,,,,
2021-10-08,0.6000000000000001,0.00018000000000000004,momentum_crowding_penalty,,,,,,,,,,
2021-10-11,0.4,0.00012000000000000002,momentum_crowding_penalty,,,,,,,,,,
2021-10-18,0.4,0.00012000000000000002,momentum_crowding_penalty,,,,,,,,,,
2021-10-25,1.4000000000000004,0.0004200000000000001,momentum_crowding_penalty,,,,,,,,,,
2021-11-01,0.8,0.00024000000000000003,momentum_crowding_penalty,,,,,,,,,,
2021-11-08,0.9999999999999999,0.0003,momentum_crowding_penalty,,,,,,,,,,
2021-11-15,0.6,0.00017999999999999998,momentum_crowding_penalty,,,,,,,,,,
2021-11-22,0.8,0.00024000000000000003,momentum_crowding_penalty,,,,,,,,,,
2021-11-29,1.2000000000000002,0.0003600000000000001,momentum_crowding_penalty,,,,,,,,,,
2021-12-06,1.2000000000000002,0.0003600000000000001,momentum_crowding_penalty,,,,,,,,,,
2021-12-13,1.4000000000000004,0.0004200000000000001,momentum_crowding_penalty,,,,,,,,,,
2021-12-20,1.2000000000000002,0.0003600000000000001,momentum_crowding_penalty,,,,,,,,,,
2021-12-27,1.2000000000000002,0.0003600000000000001,momentum_crowding_penalty,,,,,,,,,,
2022-01-04,1.4000000000000004,0.0004200000000000001,momentum_crowding_penalty,,,,,,,,,,
2022-01-10,1.2000000000000002,0.0003600000000000001,momentum_crowding_penalty,,,,,,,,,,
2022-01-17,0.6,0.00017999999999999998,momentum_crowding_penalty,,,,,,,,,,
2022-01-24,1.0,0.0003,momentum_crowding_penalty,,,,,,,,,,
2022-02-07,0.8,0.00024000000000000003,momentum_crowding_penalty,,,,,,,,,,
2022-02-14,1.0000000000000002,0.0003000000000000001,momentum_crowding_penalty,,,,,,,,,,
2022-02-21,1.0000000000000002,0.0003000000000000001,momentum_crowding_penalty,,,,,,,,,,
2022-02-28,1.0,0.0003,momentum_crowding_penalty,,,,,,,,,,
2022-03-07,1.0,0.0003,momentum_crowding_penalty,,,,,,,,,,
2022-03-14,1.4000000000000004,0.0004200000000000001,momentum_crowding_penalty,,,,,,,,,,
2022-03-21,0.7999999999999999,0.00023999999999999998,momentum_crowding_penalty,,,,,,,,,,
2022-03-28,1.0,0.0003,momentum_crowding_penalty,,,,,,,,,,
2022-04-06,0.8,0.00024000000000000003,momentum_crowding_penalty,,,,,,,,,,
2022-04-11,0.8,0.00024000000000000003,momentum_crowding_penalty,,,,,,,,,,
2022-04-18,0.9999999999999999,0.0003,momentum_crowding_penalty,,,,,,,,,,
2022-04-25,1.0,0.0003,momentum_crowding_penalty,,,,,,,,,,
2022-05-05,1.0,0.0003,momentum_crowding_penalty,,,,,,,,,,
2022-05-09,1.0000000000000002,0.0003000000000000001,momentum_crowding_penalty,,,,,,,,,,
2022-05-16,1.2000000000000002,0.0003600000000000001,momentum_crowding_penalty,,,,,,,,,,
2022-05-23,1.6000000000000005,0.0004800000000000002,momentum_crowding_penalty,,,,,,,,,,
2022-05-30,0.7999999999999999,0.00023999999999999998,momentum_crowding_penalty,,,,,,,,,,
2022-06-06,0.6,0.00017999999999999998,momentum_crowding_penalty,,,,,,,,,,
2022-06-13,0.6,0.00017999999999999998,momentum_crowding_penalty,,,,,,,,,,
2022-06-20,0.6,0.00017999999999999998,momentum_crowding_penalty,,,,,,,,,,
2022-06-27,0.6,0.00017999999999999998,momentum_crowding_penalty,,,,,,,,,,
2022-07-04,0.7999999999999999,0.00023999999999999998,momentum_crowding_penalty,,,,,,,,,,
2022-07-11,1.0,0.0003,momentum_crowding_penalty,,,,,,,,,,
2022-07-18,1.2000000000000002,0.0003600000000000001,momentum_crowding_penalty,,,,,,,,,,
2022-07-25,1.4000000000000004,0.0004200000000000001,momentum_crowding_penalty,,,,,,,,,,
2022-08-01,0.8,0.00024000000000000003,momentum_crowding_penalty,,,,,,,,,,
2022-08-08,0.9999999999999999,0.0003,momentum_crowding_penalty,,,,,,,,,,
2022-08-15,1.0,0.0003,momentum_crowding_penalty,,,,,,,,,,
2022-08-22,1.0,0.0003,momentum_crowding_penalty,,,,,,,,,,
2022-08-29,0.7999999999999999,0.00023999999999999998,momentum_crowding_penalty,,,,,,,,,,
2022-09-05,1.4000000000000004,0.0004200000000000001,momentum_crowding_penalty,,,,,,,,,,
2022-09-13,0.7999999999999999,0.00023999999999999998,momentum_crowding_penalty,,,,,,,,,,
2022-09-19,1.2000000000000002,0.0003600000000000001,momentum_crowding_penalty,,,,,,,,,,
2022-09-26,1.0,0.0003,momentum_crowding_penalty,,,,,,,,,,
2022-10-10,0.6,0.00017999999999999998,momentum_crowding_penalty,,,,,,,,,,
2022-10-17,1.2000000000000002,0.0003600000000000001,momentum_crowding_penalty,,,,,,,,,,
2022-10-24,0.8,0.00024000000000000003,momentum_crowding_penalty,,,,,,,,,,
2022-10-31,0.6,0.00017999999999999998,momentum_crowding_penalty,,,,,,,,,,
2022-11-07,1.2000000000000002,0.0003600000000000001,momentum_crowding_penalty,,,,,,,,,,
2022-11-14,1.0,0.0003,momentum_crowding_penalty,,,,,,,,,,
2022-11-21,0.8,0.00024000000000000003,momentum_crowding_penalty,,,,,,,,,,
2022-11-28,1.0,0.0003,momentum_crowding_penalty,,,,,,,,,,
2022-12-05,1.2000000000000002,0.0003600000000000001,momentum_crowding_penalty,,,,,,,,,,
2022-12-12,0.4,0.00012000000000000002,momentum_crowding_penalty,,,,,,,,,,
2022-12-19,1.0,0.0003,momentum_crowding_penalty,,,,,,,,,,
2022-12-26,0.8,0.00024000000000000003,momentum_crowding_penalty,,,,,,,,,,
2023-01-03,0.9999999999999999,0.0003,momentum_crowding_penalty,,,,,,,,,,
2023-01-09,1.2000000000000002,0.0003600000000000001,momentum_crowding_penalty,,,,,,,,,,
2023-01-16,1.2000000000000002,0.0003600000000000001,momentum_crowding_penalty,,,,,,,,,,
2023-01-30,1.0,0.0003,momentum_crowding_penalty,,,,,,,,,,
2023-02-06,1.0,0.0003,momentum_crowding_penalty,,,,,,,,,,
2023-02-13,0.4,0.00012000000000000002,momentum_crowding_penalty,,,,,,,,,,
2023-02-20,0.7999999999999999,0.00023999999999999998,momentum_crowding_penalty,,,,,,,,,,
2023-02-27,1.4000000000000004,0.0004200000000000001,momentum_crowding_penalty,,,,,,,,,,
2023-03-06,0.8,0.00024000000000000003,momentum_crowding_penalty,,,,,,,,,,
2023-03-13,1.2000000000000002,0.0003600000000000001,momentum_crowding_penalty,,,,,,,,,,
2023-03-20,0.7999999999999999,0.00023999999999999998,momentum_crowding_penalty,,,,,,,,,,
2023-03-27,1.2000000000000004,0.00036000000000000013,momentum_crowding_penalty,,,,,,,,,,
2023-04-03,1.0,0.0003,momentum_crowding_penalty,,,,,,,,,,
2023-04-10,1.2000000000000002,0.0003600000000000001,momentum_crowding_penalty,,,,,,,,,,
2023-04-17,1.0,0.0003,momentum_crowding_penalty,,,,,,,,,,
2023-04-24,0.7999999999999999,0.00023999999999999998,momentum_crowding_penalty,,,,,,,,,,
2023-05-04,1.0,0.0003,momentum_crowding_penalty,,,,,,,,,,
2023-05-08,0.8,0.00024000000000000003,momentum_crowding_penalty,,,,,,,,,,
2023-05-15,0.8,0.00024000000000000003,momentum_crowding_penalty,,,,,,,,,,
2023-05-22,0.6,0.00017999999999999998,momentum_crowding_penalty,,,,,,,,,,
2023-05-29,1.0,0.0003,momentum_crowding_penalty,,,,,,,,,,
2023-06-05,0.8,0.00024000000000000003,momentum_crowding_penalty,,,,,,,,,,
2023-06-12,1.4000000000000004,0.0004200000000000001,momentum_crowding_penalty,,,,,,,,,,
2023-06-19,1.2000000000000002,0.0003600000000000001,momentum_crowding_penalty,,,,,,,,,,
2023-06-26,0.8,0.00024000000000000003,momentum_crowding_penalty,,,,,,,,,,
2023-07-03,1.0,0.0003,momentum_crowding_penalty,,,,,,,,,,
2023-07-10,0.6000000000000001,0.00018000000000000004,momentum_crowding_penalty,,,,,,,,,,
2023-07-17,1.0,0.0003,momentum_crowding_penalty,,,,,,,,,,
2023-07-24,1.2000000000000002,0.0003600000000000001,momentum_crowding_penalty,,,,,,,,,,
2023-07-31,1.0,0.0003,momentum_crowding_penalty,,,,,,,,,,
2023-08-07,0.8,0.00024000000000000003,momentum_crowding_penalty,,,,,,,,,,
2023-08-14,1.2000000000000002,0.0003600000000000001,momentum_crowding_penalty,,,,,,,,,,
2023-08-21,1.2000000000000002,0.0003600000000000001,momentum_crowding_penalty,,,,,,,,,,
2023-08-28,0.8,0.00024000000000000003,momentum_crowding_penalty,,,,,,,,,,
2023-09-04,1.4000000000000004,0.0004200000000000001,momentum_crowding_penalty,,,,,,,,,,
2023-09-11,0.8,0.00024000000000000003,momentum_crowding_penalty,,,,,,,,,,
2023-09-18,0.6,0.00017999999999999998,momentum_crowding_penalty,,,,,,,,,,
2023-09-25,0.8,0.00024000000000000003,momentum_crowding_penalty,,,,,,,,,,
2023-10-09,1.2000000000000002,0.0003600000000000001,momentum_crowding_penalty,,,,,,,,,,
2023-10-16,1.4000000000000004,0.0004200000000000001,momentum_crowding_penalty,,,,,,,,,,
2023-10-23,1.6000000000000003,0.00048000000000000007,momentum_crowding_penalty,,,,,,,,,,
2023-10-30,0.6,0.00017999999999999998,momentum_crowding_penalty,,,,,,,,,,
2023-11-06,1.2000000000000002,0.0003600000000000001,momentum_crowding_penalty,,,,,,,,,,
2023-11-13,0.6,0.00017999999999999998,momentum_crowding_penalty,,,,,,,,,,
2023-11-20,0.7999999999999999,0.00023999999999999998,momentum_crowding_penalty,,,,,,,,,,
2023-11-27,0.8,0.00024000000000000003,momentum_crowding_penalty,,,,,,,,,,
2023-12-04,1.0000000000000002,0.0003000000000000001,momentum_crowding_penalty,,,,,,,,,,
2023-12-11,0.8,0.00024000000000000003,momentum_crowding_penalty,,,,,,,,,,
2023-12-18,0.6,0.00017999999999999998,momentum_crowding_penalty,,,,,,,,,,
2023-12-25,1.0,0.0003,momentum_crowding_penalty,,,,,,,,,,
2024-01-02,1.0,0.0003,momentum_crowding_penalty,,,,,,,,,,
2024-01-08,1.2000000000000002,0.0003600000000000001,momentum_crowding_penalty,,,,,,,,,,
2024-01-15,1.2000000000000002,0.0003600000000000001,momentum_crowding_penalty,,,,,,,,,,
2024-01-22,0.4,0.00012000000000000002,momentum_crowding_penalty,,,,,,,,,,
2024-01-29,1.0,0.0003,momentum_crowding_penalty,,,,,,,,,,
2024-02-05,1.0,0.0003,momentum_crowding_penalty,,,,,,,,,,
2024-02-19,1.2000000000000002,0.0003600000000000001,momentum_crowding_penalty,,,,,,,,,,
2024-02-26,1.0,0.0003,momentum_crowding_penalty,,,,,,,,,,
2024-03-04,1.0,0.0003,momentum_crowding_penalty,,,,,,,,,,
2024-03-11,0.9999999999999999,0.0003,momentum_crowding_penalty,,,,,,,,,,
2024-03-18,1.6000000000000005,0.0004800000000000002,momentum_crowding_penalty,,,,,,,,,,
2024-03-25,1.0,0.0003,momentum_crowding_penalty,,,,,,,,,,
2024-04-01,1.0,0.0003,momentum_crowding_penalty,,,,,,,,,,
2024-04-08,0.7999999999999999,0.00023999999999999998,momentum_crowding_penalty,,,,,,,,,,
2024-04-15,1.0,0.0003,momentum_crowding_penalty,,,,,,,,,,
2024-04-22,0.4,0.00012000000000000002,momentum_crowding_penalty,,,,,,,,,,
2024-04-29,1.0,0.0003,momentum_crowding_penalty,,,,,,,,,,
2024-05-06,1.2000000000000002,0.0003600000000000001,momentum_crowding_penalty,,,,,,,,,,
2024-05-13,0.8,0.00024000000000000003,momentum_crowding_penalty,,,,,,,,,,
2024-05-20,1.4000000000000001,0.00042,momentum_crowding_penalty,,,,,,,,,,
2024-05-27,1.2000000000000002,0.0003600000000000001,momentum_crowding_penalty,,,,,,,,,,
2024-06-03,1.4000000000000001,0.00042,momentum_crowding_penalty,,,,,,,,,,
2024-06-11,1.4000000000000004,0.0004200000000000001,momentum_crowding_penalty,,,,,,,,,,
2024-06-17,0.7999999999999999,0.00023999999999999998,momentum_crowding_penalty,,,,,,,,,,
2024-06-24,0.6,0.00017999999999999998,momentum_crowding_penalty,,,,,,,,,,
2024-07-01,0.8,0.00024000000000000003,momentum_crowding_penalty,,,,,,,,,,
2024-07-08,0.6,0.00017999999999999998,momentum_crowding_penalty,,,,,,,,,,
2024-07-15,0.8,0.00024000000000000003,momentum_crowding_penalty,,,,,,,,,,
2024-07-22,1.4000000000000001,0.00042,momentum_crowding_penalty,,,,,,,,,,
2024-07-29,1.4000000000000004,0.0004200000000000001,momentum_crowding_penalty,,,,,,,,,,
2024-08-05,1.0,0.0003,momentum_crowding_penalty,,,,,,,,,,
2024-08-12,1.4000000000000004,0.0004200000000000001,momentum_crowding_penalty,,,,,,,,,,
2024-08-19,1.0,0.0003,momentum_crowding_penalty,,,,,,,,,,
2024-08-26,0.6,0.00017999999999999998,momentum_crowding_penalty,,,,,,,,,,
2024-09-02,0.7999999999999999,0.00023999999999999998,momentum_crowding_penalty,,,,,,,,,,
2024-09-09,1.0,0.0003,momentum_crowding_penalty,,,,,,,,,,
2024-09-18,1.0,0.0003,momentum_crowding_penalty,,,,,,,,,,
2024-09-23,0.2,6.000000000000001e-05,momentum_crowding_penalty,,,,,,,,,,
2024-09-30,1.6000000000000005,0.0004800000000000002,momentum_crowding_penalty,,,,,,,,,,
2024-10-08,0.2,6.000000000000001e-05,momentum_crowding_penalty,,,,,,,,,,
2024-10-14,0.7999999999999999,0.00023999999999999998,momentum_crowding_penalty,,,,,,,,,,
2024-10-21,1.6000000000000005,0.0004800000000000002,momentum_crowding_penalty,,,,,,,,,,
2024-10-28,1.6000000000000005,0.0004800000000000002,momentum_crowding_penalty,,,,,,,,,,
2024-11-04,0.4,0.00012000000000000002,momentum_crowding_penalty,,,,,,,,,,
2024-11-11,0.6,0.00017999999999999998,momentum_crowding_penalty,,,,,,,,,,
2024-11-18,1.4000000000000004,0.0004200000000000001,momentum_crowding_penalty,,,,,,,,,,
2024-11-25,1.2000000000000002,0.0003600000000000001,momentum_crowding_penalty,,,,,,,,,,
2024-12-02,1.0,0.0003,momentum_crowding_penalty,,,,,,,,,,
2024-12-09,1.0,0.0003,momentum_crowding_penalty,,,,,,,,,,
2024-12-16,1.0,0.0003,momentum_crowding_penalty,,,,,,,,,,
2024-12-23,1.0,0.0003,momentum_crowding_penalty,,,,,,,,,,
2024-12-30,0.7999999999999999,0.00023999999999999998,momentum_crowding_penalty,,,,,,,,,,
2025-01-06,1.2000000000000002,0.0003600000000000001,momentum_crowding_penalty,,,,,,,,,,
2025-01-13,1.0,0.0003,momentum_crowding_penalty,,,,,,,,,,
2025-01-20,1.2000000000000002,0.0003600000000000001,momentum_crowding_penalty,,,,,,,,,,
2025-01-27,1.0,0.0003,momentum_crowding_penalty,,,,,,,,,,
2025-02-05,0.6000000000000001,0.00018000000000000004,momentum_crowding_penalty,,,,,,,,,,
2025-02-10,1.0,0.0003,momentum_crowding_penalty,,,,,,,,,,
2025-02-17,1.0,0.0003,momentum_crowding_penalty,,,,,,,,,,
2025-02-24,1.0,0.0003,momentum_crowding_penalty,,,,,,,,,,
2025-03-03,0.4,0.00012000000000000002,momentum_crowding_penalty,,,,,,,,,,
2025-03-10,0.7999999999999999,0.00023999999999999998,momentum_crowding_penalty,,,,,,,,,,
2025-03-17,0.6000000000000001,0.00018000000000000004,momentum_crowding_penalty,,,,,,,,,,
2025-03-24,0.8,0.00024000000000000003,momentum_crowding_penalty,,,,,,,,,,
2025-03-31,1.2000000000000002,0.0003600000000000001,momentum_crowding_penalty,,,,,,,,,,
2025-04-07,0.4,0.00012000000000000002,momentum_crowding_penalty,,,,,,,,,,
2025-04-14,0.4,0.00012000000000000002,momentum_crowding_penalty,,,,,,,,,,
2025-04-21,1.0,0.0003,momentum_crowding_penalty,,,,,,,,,,
2025-04-28,1.2000000000000004,0.00036000000000000013,momentum_crowding_penalty,,,,,,,,,,
2025-05-06,0.8,0.00024000000000000003,momentum_crowding_penalty,,,,,,,,,,
2025-05-12,1.4000000000000004,0.0004200000000000001,momentum_crowding_penalty,,,,,,,,,,
2025-05-19,1.2000000000000002,0.0003600000000000001,momentum_crowding_penalty,,,,,,,,,,
2025-05-26,1.2000000000000002,0.0003600000000000001,momentum_crowding_penalty,,,,,,,,,,
2025-06-03,1.2000000000000002,0.0003600000000000001,momentum_crowding_penalty,,,,,,,,,,
2025-06-09,1.0000000000000002,0.0003000000000000001,momentum_crowding_penalty,,,,,,,,,,
2025-06-16,0.6,0.00017999999999999998,momentum_crowding_penalty,,,,,,,,,,
2025-06-23,1.0000000000000002,0.0003000000000000001,momentum_crowding_penalty,,,,,,,,,,
2025-06-30,1.6000000000000003,0.00048000000000000007,momentum_crowding_penalty,,,,,,,,,,
2025-07-07,1.0,0.0003,momentum_crowding_penalty,,,,,,,,,,
2025-07-14,1.0,0.0003,momentum_crowding_penalty,,,,,,,,,,
2025-07-21,1.2000000000000004,0.00036000000000000013,momentum_crowding_penalty,,,,,,,,,,
2025-07-28,0.7999999999999999,0.00023999999999999998,momentum_crowding_penalty,,,,,,,,,,
2025-08-04,1.4000000000000006,0.0004200000000000002,momentum_crowding_penalty,,,,,,,,,,
2025-08-11,0.7999999999999999,0.00023999999999999998,momentum_crowding_penalty,,,,,,,,,,
2025-08-18,1.6000000000000005,0.0004800000000000002,momentum_crowding_penalty,,,,,,,,,,
2025-08-25,0.8,0.00024000000000000003,momentum_crowding_penalty,,,,,,,,,,
2025-09-01,0.6,0.00017999999999999998,momentum_crowding_penalty,,,,,,,,,,
2025-09-08,1.6000000000000003,0.00048000000000000007,momentum_crowding_penalty,,,,,,,,,,
2025-09-15,1.6000000000000005,0.0004800000000000002,momentum_crowding_penalty,,,,,,,,,,
2025-09-22,0.6000000000000001,0.00018000000000000004,momentum_crowding_penalty,,,,,,,,,,
2025-09-29,0.8,0.00024000000000000003,momentum_crowding_penalty,,,,,,,,,,
2025-10-09,0.6000000000000001,0.00018000000000000004,momentum_crowding_penalty,,,,,,,,,,
2025-10-13,1.0,0.0003,momentum_crowding_penalty,,,,,,,,,,
2025-10-20,1.2000000000000002,0.0003600000000000001,momentum_crowding_penalty,,,,,,,,,,
2025-10-27,1.0000000000000002,0.0003000000000000001,momentum_crowding_penalty,,,,,,,,,,
2025-11-03,1.0,0.0003,momentum_crowding_penalty,,,,,,,,,,
2025-11-10,1.6,0.00048000000000000007,momentum_crowding_penalty,,,,,,,,,,
2025-11-17,1.0,0.0003,momentum_crowding_penalty,,,,,,,,,,
2025-11-24,1.4000000000000001,0.00042,momentum_crowding_penalty,,,,,,,,,,
2025-12-01,1.0000000000000002,0.0003000000000000001,momentum_crowding_penalty,,,,,,,,,,
2025-12-08,0.7999999999999999,0.00023999999999999998,momentum_crowding_penalty,,,,,,,,,,
2025-12-15,1.0,0.0003,momentum_crowding_penalty,,,,,,,,,,
2025-12-22,1.0,0.0003,momentum_crowding_penalty,,,,,,,,,,
2025-12-29,1.4000000000000004,0.0004200000000000001,momentum_crowding_penalty,,,,,,,,,,
2026-01-05,0.6,0.00017999999999999998,momentum_crowding_penalty,,,,,,,,,,
2026-01-12,0.6,0.00017999999999999998,momentum_crowding_penalty,,,,,,,,,,
2026-01-19,0.7999999999999999,0.00023999999999999998,momentum_crowding_penalty,,,,,,,,,,
2026-01-26,0.6,0.00017999999999999998,momentum_crowding_penalty,,,,,,,,,,
2026-02-02,1.0,0.0003,momentum_crowding_penalty,,,,,,,,,,
2026-02-09,1.6,0.00048000000000000007,momentum_crowding_penalty,,,,,,,,,,
2026-02-24,1.4000000000000004,0.0004200000000000001,momentum_crowding_penalty,,,,,,,,,,
2026-03-02,1.4000000000000004,0.0004200000000000001,momentum_crowding_penalty,,,,,,,,,,
2026-03-09,1.2000000000000002,0.0003600000000000001,momentum_crowding_penalty,,,,,,,,,,
2026-03-16,0.6000000000000001,0.00018000000000000004,momentum_crowding_penalty,,,,,,,,,,
2026-03-23,1.0,0.0003,momentum_crowding_penalty,,,,,,,,,,
2026-03-30,1.0,0.0003,momentum_crowding_penalty,,,,,,,,,,
2026-04-07,0.6,0.00017999999999999998,momentum_crowding_penalty,,,,,,,,,,
2026-04-13,1.4000000000000001,0.00042,momentum_crowding_penalty,,,,,,,,,,
2026-04-20,0.7999999999999999,0.00023999999999999998,momentum_crowding_penalty,,,,,,,,,,
2026-04-27,0.8,0.00024000000000000003,momentum_crowding_penalty,,,,,,,,,,
2026-05-06,1.2000000000000002,0.0003600000000000001,momentum_crowding_penalty,,,,,,,,,,
2026-05-11,0.6,0.00017999999999999998,momentum_crowding_penalty,,,,,,,,,,
2026-05-18,0.4,0.00012000000000000002,momentum_crowding_penalty,,,,,,,,,,
2026-05-25,1.0,0.0003,momentum_crowding_penalty,,,,,,,,,,
2026-06-01,1.4000000000000004,0.0004200000000000001,momentum_crowding_penalty,,,,,,,,,,
2026-06-08,1.4000000000000001,0.00042,momentum_crowding_penalty,,,,,,,,,,
2026-06-15,1.2000000000000002,0.0003600000000000001,momentum_crowding_penalty,,,,,,,,,,
2026-06-22,1.4000000000000001,0.00042,momentum_crowding_penalty,,,,,,,,,,
2026-06-29,0.6,0.00017999999999999998,momentum_crowding_penalty,,,,,,,,,,
2026-07-06,1.4000000000000004,0.0004200000000000001,momentum_crowding_penalty,,,,,,,,,,
2026-07-13,1.6000000000000003,0.00048000000000000007,momentum_crowding_penalty,,,,,,,,,,
2026-07-20,1.2000000000000002,0.0003600000000000001,momentum_crowding_penalty,,,,,,,,,,
2026-07-27,0.7999999999999999,0.00023999999999999998,momentum_crowding_penalty,,,,,,,,,,
2026-08-03,0.8,0.00024000000000000003,momentum_crowding_penalty,,,,,,,,,,
2026-08-10,1.0,0.0003,momentum_crowding_penalty,,,,,,,,,,
2026-08-17,1.2000000000000002,0.0003600000000000001,momentum_crowding_penalty,,,,,,,,,,
2026-08-24,1.2000000000000002,0.0003600000000000001,momentum_crowding_penalty,,,,,,,,,,
2026-08-31,0.8,0.00024000000000000003,momentum_crowding_penalty,,,,,,,,,,
2026-09-07,1.6000000000000005,0.0004800000000000002,momentum_crowding_penalty,,,,,,,,,,
2026-09-14,1.0000000000000002,0.0003000000000000001,momentum_crowding_penalty,,,,,,,,,,
2018-01-08,0.0,0.0,momentum_crowding_penalty_trend,,,,,,,,,,
2018-01-15,0.0,0.0,momentum_crowding_penalty_trend,,,,,,,,,,
2018-01-22,0.0,0.0,momentum_crowding_penalty_trend,,,,,,,,,,
2018-01-29,0.0,0.0,momentum_crowding_penalty_trend,,,,,,,,,,
2018-02-05,0.0,0.0,momentum_crowding_penalty_trend,,,,,,,,,,
2018-02-12,0.0,0.0,momentum_crowding_penalty_trend,,,,,,,,,,
2018-02-22,0.3,8.999999999999999e-05,momentum_crowding_penalty_trend,,,,,,,,,,
2018-02-26,0.2,6.000000000000001e-05,momentum_crowding_penalty_trend,,,,,,,,,,
2018-03-05,0.39999999999999997,0.00011999999999999999,momentum_crowding_penalty_trend,,,,,,,,,,
2018-03-12,0.3,8.999999999999999e-05,momentum_crowding_penalty_trend,,,,,,,,,,
2018-03-19,0.39999999999999997,0.00011999999999999999,momentum_crowding_penalty_trend,,,,,,,,,,
2018-03-26,0.3,8.999999999999999e-05,momentum_crowding_penalty_trend,,,,,,,,,,
2018-04-02,0.30000000000000004,9.000000000000002e-05,momentum_crowding_penalty_trend,,,,,,,,,,
2018-04-09,0.0,0.0,momentum_crowding_penalty_trend,,,,,,,,,,
2018-04-16,0.4,0.00012000000000000002,momentum_crowding_penalty_trend,,,,,,,,,,
2018-04-23,0.2,6.000000000000001e-05,momentum_crowding_penalty_trend,,,,,,,,,,
2018-05-02,0.3,8.999999999999999e-05,momentum_crowding_penalty_trend,,,,,,,,,,
2018-05-07,0.19999999999999998,5.9999999999999995e-05,momentum_crowding_penalty_trend,,,,,,,,,,
2018-05-14,0.3,8.999999999999999e-05,momentum_crowding_penalty_trend,,,,,,,,,,
2018-05-21,0.09999999999999999,2.9999999999999997e-05,momentum_crowding_penalty_trend,,,,,,,,,,
2018-05-28,0.39999999999999997,0.00011999999999999999,momentum_crowding_penalty_trend,,,,,,,,,,
2018-06-04,0.49999999999999994,0.00015,momentum_crowding_penalty_trend,,,,,,,,,,
2018-06-11,0.3,8.999999999999999e-05,momentum_crowding_penalty_trend,,,,,,,,,,
2018-06-19,0.3,8.999999999999999e-05,momentum_crowding_penalty_trend,,,,,,,,,,
2018-06-25,0.10000000000000003,3.000000000000001e-05,momentum_crowding_penalty_trend,,,,,,,,,,
2018-07-02,0.3,8.999999999999999e-05,momentum_crowding_penalty_trend,,,,,,,,,,
2018-07-09,0.2,6.000000000000001e-05,momentum_crowding_penalty_trend,,,,,,,,,,
2018-07-16,0.3,8.999999999999999e-05,momentum_crowding_penalty_trend,,,,,,,,,,
2018-07-23,0.3,8.999999999999999e-05,momentum_crowding_penalty_trend,,,,,,,,,,
2018-07-30,0.6000000000000001,0.00018000000000000004,momentum_crowding_penalty_trend,,,,,,,,,,
2018-08-06,0.5000000000000001,0.00015000000000000004,momentum_crowding_penalty_trend,,,,,,,,,,
2018-08-13,0.30000000000000004,9.000000000000002e-05,momentum_crowding_penalty_trend,,,,,,,,,,
2018-08-20,0.19999999999999998,5.9999999999999995e-05,momentum_crowding_penalty_trend,,,,,,,,,,
2018-08-27,0.5,0.00015,momentum_crowding_penalty_trend,,,,,,,,,,
2018-09-03,0.2,6.000000000000001e-05,momentum_crowding_penalty_trend,,,,,,,,,,
2018-09-10,0.30000000000000004,9.000000000000002e-05,momentum_crowding_penalty_trend,,,,,,,,,,
2018-09-17,0.30000000000000004,9.000000000000002e-05,momentum_crowding_penalty_trend,,,,,,,,,,
2018-09-25,0.30000000000000004,9.000000000000002e-05,momentum_crowding_penalty_trend,,,,,,,,,,
2018-10-08,0.3,8.999999999999999e-05,momentum_crowding_penalty_trend,,,,,,,,,,
2018-10-15,0.39999999999999997,0.00011999999999999999,momentum_crowding_penalty_trend,,,,,,,,,,
2018-10-22,0.30000000000000004,9.000000000000002e-05,momentum_crowding_penalty_trend,,,,,,,,,,
2018-10-29,0.39999999999999997,0.00011999999999999999,momentum_crowding_penalty_trend,,,,,,,,,,
2018-11-05,0.3,8.999999999999999e-05,momentum_crowding_penalty_trend,,,,,,,,,,
2018-11-12,0.39999999999999997,0.00011999999999999999,momentum_crowding_penalty_trend,,,,,,,,,,
2018-11-19,0.4,0.00012000000000000002,momentum_crowding_penalty_trend,,,,,,,,,,
2018-11-26,0.5,0.00015,momentum_crowding_penalty_trend,,,,,,,,,,
2018-12-03,0.4,0.00012000000000000002,momentum_crowding_penalty_trend,,,,,,,,,,
2018-12-10,0.5,0.00015,momentum_crowding_penalty_trend,,,,,,,,,,
2018-12-17,0.5,0.00015,momentum_crowding_penalty_trend,,,,,,,,,,
2018-12-24,0.3,8.999999999999999e-05,momentum_crowding_penalty_trend,,,,,,,,,,
2019-01-02,0.0,0.0,momentum_crowding_penalty_trend,,,,,,,,,,
2019-01-07,0.2,6.000000000000001e-05,momentum_crowding_penalty_trend,,,,,,,,,,
2019-01-14,0.39999999999999997,0.00011999999999999999,momentum_crowding_penalty_trend,,,,,,,,,,
2019-01-21,0.19999999999999998,5.9999999999999995e-05,momentum_crowding_penalty_trend,,,,,,,,,,
2019-01-28,0.3,8.999999999999999e-05,momentum_crowding_penalty_trend,,,,,,,,,,
2019-02-11,0.19999999999999998,5.9999999999999995e-05,momentum_crowding_penalty_trend,,,,,,,,,,
2019-02-18,0.4,0.00012000000000000002,momentum_crowding_penalty_trend,,,,,,,,,,
2019-02-25,0.5,0.00015,momentum_crowding_penalty_trend,,,,,,,,,,
2019-03-04,0.2,6.000000000000001e-05,momentum_crowding_penalty_trend,,,,,,,,,,
2019-03-11,0.0,0.0,momentum_crowding_penalty_trend,,,,,,,,,,
2019-03-18,1.0,0.0003,momentum_crowding_penalty_trend,,,,,,,,,,
2019-03-25,0.8,0.00024000000000000003,momentum_crowding_penalty_trend,,,,,,,,,,
2019-04-01,0.7999999999999999,0.00023999999999999998,momentum_crowding_penalty_trend,,,,,,,,,,
2019-04-08,0.6,0.00017999999999999998,momentum_crowding_penalty_trend,,,,,,,,,,
2019-04-15,1.0000000000000002,0.0003000000000000001,momentum_crowding_penalty_trend,,,,,,,,,,
2019-04-22,1.0000000000000002,0.0003000000000000001,momentum_crowding_penalty_trend,,,,,,,,,,
2019-04-29,0.8,0.00024000000000000003,momentum_crowding_penalty_trend,,,,,,,,,,
2019-05-06,0.6000000000000001,0.00018000000000000004,momentum_crowding_penalty_trend,,,,,,,,,,
2019-05-13,0.7999999999999999,0.00023999999999999998,momentum_crowding_penalty_trend,,,,,,,,,,
2019-05-20,0.8,0.00024000000000000003,momentum_crowding_penalty_trend,,,,,,,,,,
2019-05-27,0.8,0.00024000000000000003,momentum_crowding_penalty_trend,,,,,,,,,,
2019-06-03,0.8,0.00024000000000000003,momentum_crowding_penalty_trend,,,,,,,,,,
2019-06-10,0.6000000000000001,0.00018000000000000004,momentum_crowding_penalty_trend,,,,,,,,,,
2019-06-17,0.8,0.00024000000000000003,momentum_crowding_penalty_trend,,,,,,,,,,
2019-06-24,0.2,6.000000000000001e-05,momentum_crowding_penalty_trend,,,,,,,,,,
2019-07-01,0.8,0.00024000000000000003,momentum_crowding_penalty_trend,,,,,,,,,,
2019-07-08,1.0000000000000002,0.0003000000000000001,momentum_crowding_penalty_trend,,,,,,,,,,
2019-07-15,0.6,0.00017999999999999998,momentum_crowding_penalty_trend,,,,,,,,,,
2019-07-22,0.8,0.00024000000000000003,momentum_crowding_penalty_trend,,,,,,,,,,
2019-07-29,0.7999999999999999,0.00023999999999999998,momentum_crowding_penalty_trend,,,,,,,,,,
2019-08-05,0.6,0.00017999999999999998,momentum_crowding_penalty_trend,,,,,,,,,,
2019-08-12,0.6,0.00017999999999999998,momentum_crowding_penalty_trend,,,,,,,,,,
2019-08-19,1.0,0.0003,momentum_crowding_penalty_trend,,,,,,,,,,
2019-08-26,0.4,0.00012000000000000002,momentum_crowding_penalty_trend,,,,,,,,,,
2019-09-02,0.6,0.00017999999999999998,momentum_crowding_penalty_trend,,,,,,,,,,
2019-09-09,0.6,0.00017999999999999998,momentum_crowding_penalty_trend,,,,,,,,,,
2019-09-16,0.8,0.00024000000000000003,momentum_crowding_penalty_trend,,,,,,,,,,
2019-09-23,0.6,0.00017999999999999998,momentum_crowding_penalty_trend,,,,,,,,,,
2019-09-30,0.4,0.00012000000000000002,momentum_crowding_penalty_trend,,,,,,,,,,
2019-10-08,0.2,6.000000000000001e-05,momentum_crowding_penalty_trend,,,,,,,,,,
2019-10-14,0.8,0.00024000000000000003,momentum_crowding_penalty_trend,,,,,,,,,,
2019-10-21,0.8,0.00024000000000000003,momentum_crowding_penalty_trend,,,,,,,,,,
2019-10-28,0.4,0.00012000000000000002,momentum_crowding_penalty_trend,,,,,,,,,,
2019-11-04,0.6000000000000001,0.00018000000000000004,momentum_crowding_penalty_trend,,,,,,,,,,
2019-11-11,0.6000000000000001,0.00018000000000000004,momentum_crowding_penalty_trend,,,,,,,,,,
2019-11-18,0.8,0.00024000000000000003,momentum_crowding_penalty_trend,,,,,,,,,,
2019-11-25,0.4,0.00012000000000000002,momentum_crowding_penalty_trend,,,,,,,,,,
2019-12-02,0.8,0.00024000000000000003,momentum_crowding_penalty_trend,,,,,,,,,,
2019-12-09,1.0,0.0003,momentum_crowding_penalty_trend,,,,,,,,,,
2019-12-16,0.8,0.00024000000000000003,momentum_crowding_penalty_trend,,,,,,,,,,
2019-12-23,0.8,0.00024000000000000003,momentum_crowding_penalty_trend,,,,,,,,,,
2019-12-30,0.6,0.00017999999999999998,momentum_crowding_penalty_trend,,,,,,,,,,
2020-01-06,0.6,0.00017999999999999998,momentum_crowding_penalty_trend,,,,,,,,,,
2020-01-13,0.4,0.00012000000000000002,momentum_crowding_penalty_trend,,,,,,,,,,
2020-01-20,0.5,0.00015,momentum_crowding_penalty_trend,,,,,,,,,,
2020-02-03,0.6000000000000001,0.00018000000000000004,momentum_crowding_penalty_trend,,,,,,,,,,
2020-02-10,0.8,0.00024000000000000003,momentum_crowding_penalty_trend,,,,,,,,,,
2020-02-17,0.8,0.00024000000000000003,momentum_crowding_penalty_trend,,,,,,,,,,
2020-02-24,0.4,0.00012000000000000002,momentum_crowding_penalty_trend,,,,,,,,,,
2020-03-02,0.6000000000000001,0.00018000000000000004,momentum_crowding_penalty_trend,,,,,,,,,,
2020-03-09,0.8,0.00024000000000000003,momentum_crowding_penalty_trend,,,,,,,,,,
2020-03-16,0.6,0.00017999999999999998,momentum_crowding_penalty_trend,,,,,,,,,,
2020-03-23,0.48571428571428577,0.00014571428571428572,momentum_crowding_penalty_trend,,,,,,,,,,
2020-03-30,0.5142857142857141,0.00015428571428571423,momentum_crowding_penalty_trend,,,,,,,,,,
2020-04-07,0.3428571428571429,0.00010285714285714287,momentum_crowding_penalty_trend,,,,,,,,,,
2020-04-13,0.3428571428571429,0.00010285714285714287,momentum_crowding_penalty_trend,,,,,,,,,,
2020-04-20,0.34285714285714286,0.00010285714285714284,momentum_crowding_penalty_trend,,,,,,,,,,
2020-04-27,0.42857142857142855,0.00012857142857142855,momentum_crowding_penalty_trend,,,,,,,,,,
2020-05-06,1.0,0.0003,momentum_crowding_penalty_trend,,,,,,,,,,
2020-05-11,1.0,0.0003,momentum_crowding_penalty_trend,,,,,,,,,,
2020-05-18,0.4,0.00012000000000000002,momentum_crowding_penalty_trend,,,,,,,,,,
2020-05-25,0.8500000000000001,0.000255,momentum_crowding_penalty_trend,,,,,,,,,,
2020-06-01,0.07500000000000001,2.2500000000000005e-05,momentum_crowding_penalty_trend,,,,,,,,,,
2020-06-08,0.7999999999999999,0.00023999999999999998,momentum_crowding_penalty_trend,,,,,,,,,,
2020-06-15,1.0,0.0003,momentum_crowding_penalty_trend,,,,,,,,,,
2020-06-22,1.1,0.00033000000000000005,momentum_crowding_penalty_trend,,,,,,,,,,
2020-06-29,0.7000000000000001,0.00021,momentum_crowding_penalty_trend,,,,,,,,,,
2020-07-06,0.6000000000000001,0.00018000000000000004,momentum_crowding_penalty_trend,,,,,,,,,,
2020-07-13,0.6,0.00017999999999999998,momentum_crowding_penalty_trend,,,,,,,,,,
2020-07-20,1.4000000000000004,0.0004200000000000001,momentum_crowding_penalty_trend,,,,,,,,,,
2020-07-27,1.1,0.00033000000000000005,momentum_crowding_penalty_trend,,,,,,,,,,
2020-08-03,0.7000000000000001,0.00021,momentum_crowding_penalty_trend,,,,,,,,,,
2020-08-10,1.0,0.0003,momentum_crowding_penalty_trend,,,,,,,,,,
2020-08-17,0.8,0.00024000000000000003,momentum_crowding_penalty_trend,,,,,,,,,,
2020-08-24,1.0000000000000002,0.0003000000000000001,momentum_crowding_penalty_trend,,,,,,,,,,
2020-08-31,1.0000000000000002,0.0003000000000000001,momentum_crowding_penalty_trend,,,,,,,,,,
2020-09-07,0.4,0.00012000000000000002,momentum_crowding_penalty_trend,,,,,,,,,,
2020-09-14,0.9,0.00027,momentum_crowding_penalty_trend,,,,,,,,,,
2020-09-21,1.1000000000000003,0.00033000000000000005,momentum_crowding_penalty_trend,,,,,,,,,,
2020-09-28,0.6000000000000001,0.00018000000000000004,momentum_crowding_penalty_trend,,,,,,,,,,
2020-10-09,0.20000000000000012,6.000000000000003e-05,momentum_crowding_penalty_trend,,,,,,,,,,
2020-10-12,0.3000000000000001,9.000000000000003e-05,momentum_crowding_penalty_trend,,,,,,,,,,
2020-10-19,1.1,0.00033000000000000005,momentum_crowding_penalty_trend,,,,,,,,,,
2020-10-26,1.0,0.0003,momentum_crowding_penalty_trend,,,,,,,,,,
2020-11-02,0.4,0.00012000000000000002,momentum_crowding_penalty_trend,,,,,,,,,,
2020-11-09,1.0000000000000002,0.0003000000000000001,momentum_crowding_penalty_trend,,,,,,,,,,
2020-11-16,0.8000000000000002,0.00024000000000000003,momentum_crowding_penalty_trend,,,,,,,,,,
2020-11-23,0.6000000000000002,0.00018000000000000007,momentum_crowding_penalty_trend,,,,,,,,,,
2020-11-30,0.6000000000000001,0.00018000000000000004,momentum_crowding_penalty_trend,,,,,,,,,,
2020-12-07,1.0000000000000002,0.0003000000000000001,momentum_crowding_penalty_trend,,,,,,,,,,
2020-12-14,0.8,0.00024000000000000003,momentum_crowding_penalty_trend,,,,,,,,,,
2020-12-21,0.4,0.00012000000000000002,momentum_crowding_penalty_trend,,,,,,,,,,
2020-12-28,1.0,0.0003,momentum_crowding_penalty_trend,,,,,,,,,,
2021-01-04,0.4,0.00012000000000000002,momentum_crowding_penalty_trend,,,,,,,,,,
2021-01-11,0.7999999999999999,0.00023999999999999998,momentum_crowding_penalty_trend,,,,,,,,,,
2021-01-18,1.2000000000000002,0.0003600000000000001,momentum_crowding_penalty_trend,,,,,,,,,,
2021-01-25,0.8,0.00024000000000000003,momentum_crowding_penalty_trend,,,,,,,,,,
2021-02-01,1.2000000000000004,0.00036000000000000013,momentum_crowding_penalty_trend,,,,,,,,,,
2021-02-08,1.0000000000000002,0.0003000000000000001,momentum_crowding_penalty_trend,,,,,,,,,,
2021-02-18,0.6,0.00017999999999999998,momentum_crowding_penalty_trend,,,,,,,,,,
2021-02-22,0.6000000000000001,0.00018000000000000004,momentum_crowding_penalty_trend,,,,,,,,,,
2021-03-01,1.0000000000000002,0.0003000000000000001,momentum_crowding_penalty_trend,,,,,,,,,,
2021-03-08,0.8,0.00024000000000000003,momentum_crowding_penalty_trend,,,,,,,,,,
2021-03-15,0.40000000000000013,0.00012000000000000004,momentum_crowding_penalty_trend,,,,,,,,,,
2021-03-22,0.7999999999999999,0.00023999999999999998,momentum_crowding_penalty_trend,,,,,,,,,,
2021-03-29,1.4000000000000001,0.00042,momentum_crowding_penalty_trend,,,,,,,,,,
2021-04-06,1.3000000000000003,0.0003900000000000001,momentum_crowding_penalty_trend,,,,,,,,,,
2021-04-12,0.6,0.00017999999999999998,momentum_crowding_penalty_trend,,,,,,,,,,
2021-04-19,0.8,0.00024000000000000003,momentum_crowding_penalty_trend,,,,,,,,,,
2021-04-26,1.6000000000000005,0.0004800000000000002,momentum_crowding_penalty_trend,,,,,,,,,,
2021-05-06,0.8,0.00024000000000000003,momentum_crowding_penalty_trend,,,,,,,,,,
2021-05-10,0.6,0.00017999999999999998,momentum_crowding_penalty_trend,,,,,,,,,,
2021-05-17,0.8,0.00024000000000000003,momentum_crowding_penalty_trend,,,,,,,,,,
2021-05-24,1.2000000000000002,0.0003600000000000001,momentum_crowding_penalty_trend,,,,,,,,,,
2021-05-31,0.6,0.00017999999999999998,momentum_crowding_penalty_trend,,,,,,,,,,
2021-06-07,1.0,0.0003,momentum_crowding_penalty_trend,,,,,,,,,,
2021-06-15,0.8,0.00024000000000000003,momentum_crowding_penalty_trend,,,,,,,,,,
2021-06-21,1.0,0.0003,momentum_crowding_penalty_trend,,,,,,,,,,
2021-06-28,0.8,0.00024000000000000003,momentum_crowding_penalty_trend,,,,,,,,,,
2021-07-05,0.6,0.00017999999999999998,momentum_crowding_penalty_trend,,,,,,,,,,
2021-07-12,0.4,0.00012000000000000002,momentum_crowding_penalty_trend,,,,,,,,,,
2021-07-19,0.7999999999999999,0.00023999999999999998,momentum_crowding_penalty_trend,,,,,,,,,,
2021-07-26,1.2000000000000002,0.0003600000000000001,momentum_crowding_penalty_trend,,,,,,,,,,
2021-08-02,1.0666666666666667,0.00032,momentum_crowding_penalty_trend,,,,,,,,,,
2021-08-09,0.5333333333333333,0.00016,momentum_crowding_penalty_trend,,,,,,,,,,
2021-08-16,0.2,6.000000000000001e-05,momentum_crowding_penalty_trend,,,,,,,,,,
2021-08-23,0.4,0.00012000000000000002,momentum_crowding_penalty_trend,,,,,,,,,,
2021-08-30,0.4666666666666667,0.00014,momentum_crowding_penalty_trend,,,,,,,,,,
2021-09-06,0.26666666666666666,8e-05,momentum_crowding_penalty_trend,,,,,,,,,,
2021-09-13,0.20000000000000004,6.000000000000001e-05,momentum_crowding_penalty_trend,,,,,,,,,,
2021-09-22,0.5333333333333333,0.00016,momentum_crowding_penalty_trend,,,,,,,,,,
2021-09-27,0.26666666666666666,8e-05,momentum_crowding_penalty_trend,,,,,,,,,,
2021-10-08,0.2,6.000000000000001e-05,momentum_crowding_penalty_trend,,,,,,,,,,
2021-10-11,0.13333333333333333,4e-05,momentum_crowding_penalty_trend,,,,,,,,,,
2021-10-18,0.13333333333333333,4e-05,momentum_crowding_penalty_trend,,,,,,,,,,
2021-10-25,0.46666666666666673,0.00014000000000000001,momentum_crowding_penalty_trend,,,,,,,,,,
2021-11-01,0.2666666666666667,8.000000000000002e-05,momentum_crowding_penalty_trend,,,,,,,,,,
2021-11-08,0.3333333333333333,0.0001,momentum_crowding_penalty_trend,,,,,,,,,,
2021-11-15,0.2,6.000000000000001e-05,momentum_crowding_penalty_trend,,,,,,,,,,
2021-11-22,0.2666666666666667,8.000000000000002e-05,momentum_crowding_penalty_trend,,,,,,,,,,
2021-11-29,0.4,0.00012000000000000002,momentum_crowding_penalty_trend,,,,,,,,,,
2021-12-06,0.4,0.00012000000000000002,momentum_crowding_penalty_trend,,,,,,,,,,
2021-12-13,1.0666666666666667,0.00032,momentum_crowding_penalty_trend,,,,,,,,,,
2021-12-20,1.0,0.0003,momentum_crowding_penalty_trend,,,,,,,,,,
2021-12-27,0.4000000000000001,0.00012000000000000002,momentum_crowding_penalty_trend,,,,,,,,,,
2022-01-04,0.4666666666666667,0.00014,momentum_crowding_penalty_trend,,,,,,,,,,
2022-01-10,0.4,0.00012000000000000002,momentum_crowding_penalty_trend,,,,,,,,,,
2022-01-17,0.19999999999999998,5.9999999999999995e-05,momentum_crowding_penalty_trend,,,,,,,,,,
2022-01-24,0.3333333333333333,0.0001,momentum_crowding_penalty_trend,,,,,,,,,,
2022-02-07,0.26666666666666666,8e-05,momentum_crowding_penalty_trend,,,,,,,,,,
2022-02-14,0.33333333333333337,0.0001,momentum_crowding_penalty_trend,,,,,,,,,,
2022-02-21,0.33333333333333337,0.0001,momentum_crowding_penalty_trend,,,,,,,,,,
2022-02-28,0.33333333333333337,0.0001,momentum_crowding_penalty_trend,,,,,,,,,,
2022-03-07,0.33333333333333337,0.0001,momentum_crowding_penalty_trend,,,,,,,,,,
2022-03-14,0.4666666666666667,0.00014,momentum_crowding_penalty_trend,,,,,,,,,,
2022-03-21,0.26666666666666666,8e-05,momentum_crowding_penalty_trend,,,,,,,,,,
2022-03-28,0.33333333333333337,0.0001,momentum_crowding_penalty_trend,,,,,,,,,,
2022-04-06,0.2666666666666667,8.000000000000002e-05,momentum_crowding_penalty_trend,,,,,,,,,,
2022-04-11,0.26666666666666666,8e-05,momentum_crowding_penalty_trend,,,,,,,,,,
2022-04-18,0.33333333333333337,0.0001,momentum_crowding_penalty_trend,,,,,,,,,,
2022-04-25,0.33333333333333337,0.0001,momentum_crowding_penalty_trend,,,,,,,,,,
2022-05-05,0.33333333333333337,0.0001,momentum_crowding_penalty_trend,,,,,,,,,,
2022-05-09,0.3333333333333333,0.0001,momentum_crowding_penalty_trend,,,,,,,,,,
2022-05-16,0.4,0.00012000000000000002,momentum_crowding_penalty_trend,,,,,,,,,,
2022-05-23,0.5333333333333333,0.00016,momentum_crowding_penalty_trend,,,,,,,,,,
2022-05-30,0.2666666666666667,8.000000000000002e-05,momentum_crowding_penalty_trend,,,,,,,,,,
2022-06-06,0.19999999999999998,5.9999999999999995e-05,momentum_crowding_penalty_trend,,,,,,,,,,
2022-06-13,0.2,6.000000000000001e-05,momentum_crowding_penalty_trend,,,,,,,,,,
2022-06-20,0.2,6.000000000000001e-05,momentum_crowding_penalty_trend,,,,,,,,,,
2022-06-27,0.19999999999999998,5.9999999999999995e-05,momentum_crowding_penalty_trend,,,,,,,,,,
2022-07-04,0.26666666666666666,8e-05,momentum_crowding_penalty_trend,,,,,,,,,,
2022-07-11,0.33333333333333337,0.0001,momentum_crowding_penalty_trend,,,,,,,,,,
2022-07-18,0.4,0.00012000000000000002,momentum_crowding_penalty_trend,,,,,,,,,,
2022-07-25,0.4666666666666667,0.00014,momentum_crowding_penalty_trend,,,,,,,,,,
2022-08-01,0.2666666666666667,8.000000000000002e-05,momentum_crowding_penalty_trend,,,,,,,,,,
2022-08-08,0.33333333333333337,0.0001,momentum_crowding_penalty_trend,,,,,,,,,,
2022-08-15,0.3333333333333333,0.0001,momentum_crowding_penalty_trend,,,,,,,,,,
2022-08-22,0.33333333333333337,0.0001,momentum_crowding_penalty_trend,,,,,,,,,,
2022-08-29,0.2666666666666667,8.000000000000002e-05,momentum_crowding_penalty_trend,,,,,,,,,,
2022-09-05,0.4666666666666667,0.00014,momentum_crowding_penalty_trend,,,,,,,,,,
2022-09-13,0.26666666666666666,8e-05,momentum_crowding_penalty_trend,,,,,,,,,,
2022-09-19,0.4,0.00012000000000000002,momentum_crowding_penalty_trend,,,,,,,,,,
2022-09-26,0.33333333333333337,0.0001,momentum_crowding_penalty_trend,,,,,,,,,,
2022-10-10,0.20000000000000007,6.000000000000002e-05,momentum_crowding_penalty_trend,,,,,,,,,,
2022-10-17,0.4,0.00012000000000000002,momentum_crowding_penalty_trend,,,,,,,,,,
2022-10-24,0.26666666666666666,8e-05,momentum_crowding_penalty_trend,,,,,,,,,,
2022-10-31,0.19999999999999998,5.9999999999999995e-05,momentum_crowding_penalty_trend,,,,,,,,,,
2022-11-07,0.4,0.00012000000000000002,momentum_crowding_penalty_trend,,,,,,,,,,
2022-11-14,0.33333333333333337,0.0001,momentum_crowding_penalty_trend,,,,,,,,,,
2022-11-21,0.26666666666666666,8e-05,momentum_crowding_penalty_trend,,,,,,,,,,
2022-11-28,0.33333333333333337,0.0001,momentum_crowding_penalty_trend,,,,,,,,,,
2022-12-05,0.4,0.00012000000000000002,momentum_crowding_penalty_trend,,,,,,,,,,
2022-12-12,0.13333333333333333,4e-05,momentum_crowding_penalty_trend,,,,,,,,,,
2022-12-19,0.3333333333333333,0.0001,momentum_crowding_penalty_trend,,,,,,,,,,
2022-12-26,0.26666666666666666,8e-05,momentum_crowding_penalty_trend,,,,,,,,,,
2023-01-03,0.3333333333333333,0.0001,momentum_crowding_penalty_trend,,,,,,,,,,
2023-01-09,0.4,0.00012000000000000002,momentum_crowding_penalty_trend,,,,,,,,,,
2023-01-16,1.0,0.0003,momentum_crowding_penalty_trend,,,,,,,,,,
2023-01-30,1.0,0.0003,momentum_crowding_penalty_trend,,,,,,,,,,
2023-02-06,1.0,0.0003,momentum_crowding_penalty_trend,,,,,,,,,,
2023-02-13,0.4,0.00012000000000000002,momentum_crowding_penalty_trend,,,,,,,,,,
2023-02-20,0.7999999999999999,0.00023999999999999998,momentum_crowding_penalty_trend,,,,,,,,,,
2023-02-27,1.4000000000000004,0.0004200000000000001,momentum_crowding_penalty_trend,,,,,,,,,,
2023-03-06,0.8,0.00024000000000000003,momentum_crowding_penalty_trend,,,,,,,,,,
2023-03-13,1.0000000000000002,0.0003000000000000001,momentum_crowding_penalty_trend,,,,,,,,,,
2023-03-20,0.26666666666666666,8e-05,momentum_crowding_penalty_trend,,,,,,,,,,
2023-03-27,1.0,0.0003,momentum_crowding_penalty_trend,,,,,,,,,,
2023-04-03,1.0,0.0003,momentum_crowding_penalty_trend,,,,,,,,,,
2023-04-10,1.2000000000000002,0.0003600000000000001,momentum_crowding_penalty_trend,,,,,,,,,,
2023-04-17,1.0,0.0003,momentum_crowding_penalty_trend,,,,,,,,,,
2023-04-24,0.7999999999999999,0.00023999999999999998,momentum_crowding_penalty_trend,,,,,,,,,,
2023-05-04,1.0,0.0003,momentum_crowding_penalty_trend,,,,,,,,,,
2023-05-08,0.8,0.00024000000000000003,momentum_crowding_penalty_trend,,,,,,,,,,
2023-05-15,0.8666666666666667,0.00026000000000000003,momentum_crowding_penalty_trend,,,,,,,,,,
2023-05-22,0.2,6.000000000000001e-05,momentum_crowding_penalty_trend,,,,,,,,,,
2023-05-29,0.3333333333333333,0.0001,momentum_crowding_penalty_trend,,,,,,,,,,
2023-06-05,0.26666666666666666,8e-05,momentum_crowding_penalty_trend,,,,,,,,,,
2023-06-12,0.4666666666666667,0.00014,momentum_crowding_penalty_trend,,,,,,,,,,
2023-06-19,1.0,0.0003,momentum_crowding_penalty_trend,,,,,,,,,,
2023-06-26,0.8666666666666667,0.00026000000000000003,momentum_crowding_penalty_trend,,,,,,,,,,
2023-07-03,0.3333333333333333,0.0001,momentum_crowding_penalty_trend,,,,,,,,,,
2023-07-10,0.2,6.000000000000001e-05,momentum_crowding_penalty_trend,,,,,,,,,,
2023-07-17,0.9333333333333333,0.00028,momentum_crowding_penalty_trend,,,,,,,,,,
2023-07-24,1.0,0.0003,momentum_crowding_penalty_trend,,,,,,,,,,
2023-07-31,0.9333333333333333,0.00028,momentum_crowding_penalty_trend,,,,,,,,,,
2023-08-07,0.8,0.00024000000000000003,momentum_crowding_penalty_trend,,,,,,,,,,
2023-08-14,1.2000000000000002,0.0003600000000000001,momentum_crowding_penalty_trend,,,,,,,,,,
2023-08-21,1.0,0.0003,momentum_crowding_penalty_trend,,,,,,,,,,
2023-08-28,0.26666666666666666,8e-05,momentum_crowding_penalty_trend,,,,,,,,,,
2023-09-04,0.46666666666666673,0.00014000000000000001,momentum_crowding_penalty_trend,,,,,,,,,,
2023-09-11,0.26666666666666666,8e-05,momentum_crowding_penalty_trend,,,,,,,,,,
2023-09-18,0.20000000000000007,6.000000000000002e-05,momentum_crowding_penalty_trend,,,,,,,,,,
2023-09-25,0.2666666666666667,8.000000000000002e-05,momentum_crowding_penalty_trend,,,,,,,,,,
2023-10-09,0.4,0.00012000000000000002,momentum_crowding_penalty_trend,,,,,,,,,,
2023-10-16,0.4666666666666667,0.00014,momentum_crowding_penalty_trend,,,,,,,,,,
2023-10-23,0.5333333333333334,0.00016000000000000004,momentum_crowding_penalty_trend,,,,,,,,,,
2023-10-30,0.20000000000000004,6.000000000000001e-05,momentum_crowding_penalty_trend,,,,,,,,,,
2023-11-06,0.4,0.00012000000000000002,momentum_crowding_penalty_trend,,,,,,,,,,
2023-11-13,0.19999999999999998,5.9999999999999995e-05,momentum_crowding_penalty_trend,,,,,,,,,,
2023-11-20,0.26666666666666666,8e-05,momentum_crowding_penalty_trend,,,,,,,,,,
2023-11-27,0.26666666666666666,8e-05,momentum_crowding_penalty_trend,,,,,,,,,,
2023-12-04,0.33333333333333337,0.0001,momentum_crowding_penalty_trend,,,,,,,,,,
2023-12-11,0.26666666666666666,8e-05,momentum_crowding_penalty_trend,,,,,,,,,,
2023-12-18,0.19999999999999998,5.9999999999999995e-05,momentum_crowding_penalty_trend,,,,,,,,,,
2023-12-25,0.33333333333333337,0.0001,momentum_crowding_penalty_trend,,,,,,,,,,
2024-01-02,0.33333333333333337,0.0001,momentum_crowding_penalty_trend,,,,,,,,,,
2024-01-08,0.4,0.00012000000000000002,momentum_crowding_penalty_trend,,,,,,,,,,
2024-01-15,0.4,0.00012000000000000002,momentum_crowding_penalty_trend,,,,,,,,,,
2024-01-22,0.13333333333333333,4e-05,momentum_crowding_penalty_trend,,,,,,,,,,
2024-01-29,0.3333333333333333,0.0001,momentum_crowding_penalty_trend,,,,,,,,,,
2024-02-05,0.3333333333333333,0.0001,momentum_crowding_penalty_trend,,,,,,,,,,
2024-02-19,0.39999999999999997,0.00011999999999999999,momentum_crowding_penalty_trend,,,,,,,,,,
2024-02-26,0.3333333333333333,0.0001,momentum_crowding_penalty_trend,,,,,,,,,,
2024-03-04,0.33333333333333337,0.0001,momentum_crowding_penalty_trend,,,,,,,,,,
2024-03-11,0.33333333333333337,0.0001,momentum_crowding_penalty_trend,,,,,,,,,,
2024-03-18,0.5333333333333333,0.00016,momentum_crowding_penalty_trend,,,,,,,,,,
2024-03-25,0.3333333333333333,0.0001,momentum_crowding_penalty_trend,,,,,,,,,,
2024-04-01,0.33333333333333337,0.0001,momentum_crowding_penalty_trend,,,,,,,,,,
2024-04-08,0.26666666666666666,8e-05,momentum_crowding_penalty_trend,,,,,,,,,,
2024-04-15,0.3333333333333333,0.0001,momentum_crowding_penalty_trend,,,,,,,,,,
2024-04-22,0.13333333333333333,4e-05,momentum_crowding_penalty_trend,,,,,,,,,,
2024-04-29,0.33333333333333337,0.0001,momentum_crowding_penalty_trend,,,,,,,,,,
2024-05-06,1.0,0.0003,momentum_crowding_penalty_trend,,,,,,,,,,
2024-05-13,0.8,0.00024000000000000003,momentum_crowding_penalty_trend,,,,,,,,,,
2024-05-20,1.4000000000000001,0.00042,momentum_crowding_penalty_trend,,,,,,,,,,
2024-05-27,1.2000000000000002,0.0003600000000000001,momentum_crowding_penalty_trend,,,,,,,,,,
2024-06-03,1.4000000000000001,0.00042,momentum_crowding_penalty_trend,,,,,,,,,,
2024-06-11,1.4000000000000004,0.0004200000000000001,momentum_crowding_penalty_trend,,,,,,,,,,
2024-06-17,0.7999999999999999,0.00023999999999999998,momentum_crowding_penalty_trend,,,,,,,,,,
2024-06-24,0.8,0.00024000000000000003,momentum_crowding_penalty_trend,,,,,,,,,,
2024-07-01,0.2666666666666667,8.000000000000002e-05,momentum_crowding_penalty_trend,,,,,,,,,,
2024-07-08,0.2,6.000000000000001e-05,momentum_crowding_penalty_trend,,,,,,,,,,
2024-07-15,0.8666666666666666,0.00026,momentum_crowding_penalty_trend,,,,,,,,,,
2024-07-22,1.4000000000000001,0.00042,momentum_crowding_penalty_trend,,,,,,,,,,
2024-07-29,1.0666666666666669,0.0003200000000000001,momentum_crowding_penalty_trend,,,,,,,,,,
2024-08-05,0.3333333333333333,0.0001,momentum_crowding_penalty_trend,,,,,,,,,,
2024-08-12,0.46666666666666673,0.00014000000000000001,momentum_crowding_penalty_trend,,,,,,,,,,
2024-08-19,0.33333333333333337,0.0001,momentum_crowding_penalty_trend,,,,,,,,,,
2024-08-26,0.20000000000000007,6.000000000000002e-05,momentum_crowding_penalty_trend,,,,,,,,,,
2024-09-02,0.26666666666666666,8e-05,momentum_crowding_penalty_trend,,,,,,,,,,
2024-09-09,0.3333333333333333,0.0001,momentum_crowding_penalty_trend,,,,,,,,,,
2024-09-18,0.33333333333333337,0.0001,momentum_crowding_penalty_trend,,,,,,,,,,
2024-09-23,0.06666666666666667,2e-05,momentum_crowding_penalty_trend,,,,,,,,,,
2024-09-30,1.1333333333333335,0.00034,momentum_crowding_penalty_trend,,,,,,,,,,
2024-10-08,0.2,6.000000000000001e-05,momentum_crowding_penalty_trend,,,,,,,,,,
2024-10-14,0.7999999999999999,0.00023999999999999998,momentum_crowding_penalty_trend,,,,,,,,,,
2024-10-21,1.6000000000000005,0.0004800000000000002,momentum_crowding_penalty_trend,,,,,,,,,,
2024-10-28,1.6000000000000005,0.0004800000000000002,momentum_crowding_penalty_trend,,,,,,,,,,
2024-11-04,0.4,0.00012000000000000002,momentum_crowding_penalty_trend,,,,,,,,,,
2024-11-11,0.6,0.00017999999999999998,momentum_crowding_penalty_trend,,,,,,,,,,
2024-11-18,1.4000000000000004,0.0004200000000000001,momentum_crowding_penalty_trend,,,,,,,,,,
2024-11-25,1.2000000000000002,0.0003600000000000001,momentum_crowding_penalty_trend,,,,,,,,,,
2024-12-02,1.0,0.0003,momentum_crowding_penalty_trend,,,,,,,,,,
2024-12-09,1.0,0.0003,momentum_crowding_penalty_trend,,,,,,,,,,
2024-12-16,1.0,0.0003,momentum_crowding_penalty_trend,,,,,,,,,,
2024-12-23,1.0,0.0003,momentum_crowding_penalty_trend,,,,,,,,,,
2024-12-30,0.7999999999999999,0.00023999999999999998,momentum_crowding_penalty_trend,,,,,,,,,,
2025-01-06,1.2000000000000002,0.0003600000000000001,momentum_crowding_penalty_trend,,,,,,,,,,
2025-01-13,1.0,0.0003,momentum_crowding_penalty_trend,,,,,,,,,,
2025-01-20,1.2000000000000002,0.0003600000000000001,momentum_crowding_penalty_trend,,,,,,,,,,
2025-01-27,1.0,0.0003,momentum_crowding_penalty_trend,,,,,,,,,,
2025-02-05,0.6000000000000001,0.00018000000000000004,momentum_crowding_penalty_trend,,,,,,,,,,
2025-02-10,1.0,0.0003,momentum_crowding_penalty_trend,,,,,,,,,,
2025-02-17,1.0,0.0003,momentum_crowding_penalty_trend,,,,,,,,,,
2025-02-24,1.0,0.0003,momentum_crowding_penalty_trend,,,,,,,,,,
2025-03-03,0.4,0.00012000000000000002,momentum_crowding_penalty_trend,,,,,,,,,,
2025-03-10,0.7999999999999999,0.00023999999999999998,momentum_crowding_penalty_trend,,,,,,,,,,
2025-03-17,0.6000000000000001,0.00018000000000000004,momentum_crowding_penalty_trend,,,,,,,,,,
2025-03-24,0.8,0.00024000000000000003,momentum_crowding_penalty_trend,,,,,,,,,,
2025-03-31,1.2000000000000002,0.0003600000000000001,momentum_crowding_penalty_trend,,,,,,,,,,
2025-04-07,0.4,0.00012000000000000002,momentum_crowding_penalty_trend,,,,,,,,,,
2025-04-14,0.4,0.00012000000000000002,momentum_crowding_penalty_trend,,,,,,,,,,
2025-04-21,1.0,0.0003,momentum_crowding_penalty_trend,,,,,,,,,,
2025-04-28,1.2000000000000004,0.00036000000000000013,momentum_crowding_penalty_trend,,,,,,,,,,
2025-05-06,0.8,0.00024000000000000003,momentum_crowding_penalty_trend,,,,,,,,,,
2025-05-12,1.4000000000000004,0.0004200000000000001,momentum_crowding_penalty_trend,,,,,,,,,,
2025-05-19,1.2000000000000002,0.0003600000000000001,momentum_crowding_penalty_trend,,,,,,,,,,
2025-05-26,1.2000000000000002,0.0003600000000000001,momentum_crowding_penalty_trend,,,,,,,,,,
2025-06-03,1.2000000000000002,0.0003600000000000001,momentum_crowding_penalty_trend,,,,,,,,,,
2025-06-09,1.0000000000000002,0.0003000000000000001,momentum_crowding_penalty_trend,,,,,,,,,,
2025-06-16,0.6,0.00017999999999999998,momentum_crowding_penalty_trend,,,,,,,,,,
2025-06-23,1.0000000000000002,0.0003000000000000001,momentum_crowding_penalty_trend,,,,,,,,,,
2025-06-30,1.6000000000000003,0.00048000000000000007,momentum_crowding_penalty_trend,,,,,,,,,,
2025-07-07,1.0,0.0003,momentum_crowding_penalty_trend,,,,,,,,,,
2025-07-14,1.0,0.0003,momentum_crowding_penalty_trend,,,,,,,,,,
2025-07-21,1.2000000000000004,0.00036000000000000013,momentum_crowding_penalty_trend,,,,,,,,,,
2025-07-28,0.7999999999999999,0.00023999999999999998,momentum_crowding_penalty_trend,,,,,,,,,,
2025-08-04,1.4000000000000006,0.0004200000000000002,momentum_crowding_penalty_trend,,,,,,,,,,
2025-08-11,0.7999999999999999,0.00023999999999999998,momentum_crowding_penalty_trend,,,,,,,,,,
2025-08-18,1.6000000000000005,0.0004800000000000002,momentum_crowding_penalty_trend,,,,,,,,,,
2025-08-25,0.8,0.00024000000000000003,momentum_crowding_penalty_trend,,,,,,,,,,
2025-09-01,0.6,0.00017999999999999998,momentum_crowding_penalty_trend,,,,,,,,,,
2025-09-08,1.6000000000000003,0.00048000000000000007,momentum_crowding_penalty_trend,,,,,,,,,,
2025-09-15,1.6000000000000005,0.0004800000000000002,momentum_crowding_penalty_trend,,,,,,,,,,
2025-09-22,0.6000000000000001,0.00018000000000000004,momentum_crowding_penalty_trend,,,,,,,,,,
2025-09-29,0.8,0.00024000000000000003,momentum_crowding_penalty_trend,,,,,,,,,,
2025-10-09,0.6000000000000001,0.00018000000000000004,momentum_crowding_penalty_trend,,,,,,,,,,
2025-10-13,1.0,0.0003,momentum_crowding_penalty_trend,,,,,,,,,,
2025-10-20,1.2000000000000002,0.0003600000000000001,momentum_crowding_penalty_trend,,,,,,,,,,
2025-10-27,1.0000000000000002,0.0003000000000000001,momentum_crowding_penalty_trend,,,,,,,,,,
2025-11-03,1.0,0.0003,momentum_crowding_penalty_trend,,,,,,,,,,
2025-11-10,1.6,0.00048000000000000007,momentum_crowding_penalty_trend,,,,,,,,,,
2025-11-17,1.0,0.0003,momentum_crowding_penalty_trend,,,,,,,,,,
2025-11-24,1.4000000000000001,0.00042,momentum_crowding_penalty_trend,,,,,,,,,,
2025-12-01,1.0000000000000002,0.0003000000000000001,momentum_crowding_penalty_trend,,,,,,,,,,
2025-12-08,0.7999999999999999,0.00023999999999999998,momentum_crowding_penalty_trend,,,,,,,,,,
2025-12-15,1.0,0.0003,momentum_crowding_penalty_trend,,,,,,,,,,
2025-12-22,1.0,0.0003,momentum_crowding_penalty_trend,,,,,,,,,,
2025-12-29,1.4000000000000004,0.0004200000000000001,momentum_crowding_penalty_trend,,,,,,,,,,
2026-01-05,0.6,0.00017999999999999998,momentum_crowding_penalty_trend,,,,,,,,,,
2026-01-12,0.6,0.00017999999999999998,momentum_crowding_penalty_trend,,,,,,,,,,
2026-01-19,0.7999999999999999,0.00023999999999999998,momentum_crowding_penalty_trend,,,,,,,,,,
2026-01-26,0.6,0.00017999999999999998,momentum_crowding_penalty_trend,,,,,,,,,,
2026-02-02,1.0,0.0003,momentum_crowding_penalty_trend,,,,,,,,,,
2026-02-09,1.6,0.00048000000000000007,momentum_crowding_penalty_trend,,,,,,,,,,
2026-02-24,1.4000000000000004,0.0004200000000000001,momentum_crowding_penalty_trend,,,,,,,,,,
2026-03-02,1.4000000000000004,0.0004200000000000001,momentum_crowding_penalty_trend,,,,,,,,,,
2026-03-09,1.2000000000000002,0.0003600000000000001,momentum_crowding_penalty_trend,,,,,,,,,,
2026-03-16,0.6000000000000001,0.00018000000000000004,momentum_crowding_penalty_trend,,,,,,,,,,
2026-03-23,1.0,0.0003,momentum_crowding_penalty_trend,,,,,,,,,,
2026-03-30,1.0,0.0003,momentum_crowding_penalty_trend,,,,,,,,,,
2026-04-07,0.6,0.00017999999999999998,momentum_crowding_penalty_trend,,,,,,,,,,
2026-04-13,1.4000000000000001,0.00042,momentum_crowding_penalty_trend,,,,,,,,,,
2026-04-20,0.7999999999999999,0.00023999999999999998,momentum_crowding_penalty_trend,,,,,,,,,,
2026-04-27,0.8,0.00024000000000000003,momentum_crowding_penalty_trend,,,,,,,,,,
2026-05-06,1.2000000000000002,0.0003600000000000001,momentum_crowding_penalty_trend,,,,,,,,,,
2026-05-11,0.6,0.00017999999999999998,momentum_crowding_penalty_trend,,,,,,,,,,
2026-05-18,0.4,0.00012000000000000002,momentum_crowding_penalty_trend,,,,,,,,,,
2026-05-25,1.0,0.0003,momentum_crowding_penalty_trend,,,,,,,,,,
2026-06-01,1.4000000000000004,0.0004200000000000001,momentum_crowding_penalty_trend,,,,,,,,,,
2026-06-08,1.4000000000000001,0.00042,momentum_crowding_penalty_trend,,,,,,,,,,
2026-06-15,1.2000000000000002,0.0003600000000000001,momentum_crowding_penalty_trend,,,,,,,,,,
2026-06-22,1.4000000000000001,0.00042,momentum_crowding_penalty_trend,,,,,,,,,,
2026-06-29,0.6,0.00017999999999999998,momentum_crowding_penalty_trend,,,,,,,,,,
2026-07-06,1.4000000000000004,0.0004200000000000001,momentum_crowding_penalty_trend,,,,,,,,,,
2026-07-13,1.6000000000000003,0.00048000000000000007,momentum_crowding_penalty_trend,,,,,,,,,,
2026-07-20,1.0,0.0003,momentum_crowding_penalty_trend,,,,,,,,,,
2026-07-27,0.26666666666666666,8e-05,momentum_crowding_penalty_trend,,,,,,,,,,
2026-08-03,0.26666666666666666,8e-05,momentum_crowding_penalty_trend,,,,,,,,,,
2026-08-10,0.9333333333333333,0.00028,momentum_crowding_penalty_trend,,,,,,,,,,
2026-08-17,1.2000000000000002,0.0003600000000000001,momentum_crowding_penalty_trend,,,,,,,,,,
2026-08-24,1.0,0.0003,momentum_crowding_penalty_trend,,,,,,,,,,
2026-08-31,0.2666666666666667,8.000000000000002e-05,momentum_crowding_penalty_trend,,,,,,,,,,
2026-09-07,0.5333333333333333,0.00016,momentum_crowding_penalty_trend,,,,,,,,,,
2026-09-14,0.3333333333333333,0.0001,momentum_crowding_penalty_trend,,,,,,,,,,
2018-01-08,0.0,0.0,momentum_crowding_convex,fallback_insufficient_history,0.0,,,,,,,,
2018-01-15,0.0,0.0,momentum_crowding_convex,fallback_insufficient_history,0.0,,,,,,,,
2018-01-22,0.0,0.0,momentum_crowding_convex,fallback_insufficient_history,0.0,,,,,,,,
2018-01-29,0.0,0.0,momentum_crowding_convex,fallback_insufficient_history,0.0,,,,,,,,
2018-02-05,0.0,0.0,momentum_crowding_convex,fallback_insufficient_history,0.0,,,,,,,,
2018-02-12,0.0,0.0,momentum_crowding_convex,fallback_insufficient_history,0.0,,,,,,,,
2018-02-22,0.9,0.00027,momentum_crowding_convex,fallback_insufficient_history,0.9,,,,,,,,
2018-02-26,0.6,0.00017999999999999998,momentum_crowding_convex,fallback_insufficient_history,0.9,,,,,,,,
2018-03-05,1.2,0.00035999999999999997,momentum_crowding_convex,fallback_insufficient_history,0.8999999999999999,,,,,,,,
2018-03-12,0.40000000000000047,0.00012000000000000015,momentum_crowding_convex,solved,1.0,1.0,-0.009475100928979373,-0.07864831744185702,0.039173216512877605,0.0,0.03000000000000004,0.13995216417204417,4.0
2018-03-19,0.2000000000000006,6.000000000000018e-05,momentum_crowding_convex,solved,1.0,1.0,0.03954032120993616,-0.01641554779035913,0.04095586900029525,0.0,0.015000000000000046,0.1431011338185258,10.0
2018-03-26,0.04374433160423857,1.3123299481271572e-05,momentum_crowding_convex,solved,1.0,1.0,-0.024206825089514706,-0.06824039701242204,0.040752747052589446,0.0,0.0032808248703178936,0.14274583540788405,7.0
2018-04-02,0.3930179155505862,0.00011790537466517585,momentum_crowding_convex,solved,1.0,1.0,-0.03069696346828453,-0.09383868519236573,0.03366537805778723,0.0,0.029476343666293967,0.129740853353497,8.0
2018-04-09,5.1391551458556716e-17,1.5417465437567013e-20,momentum_crowding_convex,solved,1.0,1.0,-0.06289881883342835,-0.0953082720217965,0.032409453188368145,0.0,3.854366359391754e-18,0.12729778707496872,1.0
2018-04-16,1.0367622471548226,0.0003110286741464468,momentum_crowding_convex,solved,1.0,1.0,0.004506655020819844,-0.08593951417319279,0.012689000657400936,0.0,0.0777571685366117,0.07965237177071671,8.0
2018-04-23,0.3000000000000006,9.000000000000018e-05,momentum_crowding_convex,solved,1.0,1.0,-0.06003140305032606,-0.0948247176406158,0.012293314590289707,0.0,0.022500000000000037,0.07840062050229483,5.0
2018-05-02,0.20000000000000165,6.0000000000000496e-05,momentum_crowding_convex,solved,1.0000000000000002,1.0,-0.054255888910638456,-0.08051186409324267,0.011255975182604086,0.0,0.015000000000000123,0.07501991463139666,3.0
2018-05-07,3.475174365680708e-18,1.0425523097042125e-21,momentum_crowding_convex,solved,1.0,1.0,-0.04358179370371199,-0.05461533837088613,0.011033544667174135,0.0,2.606380774260531e-19,0.07427497784306009,1.0
2018-05-14,0.5924342896889723,0.00017773028690669168,momentum_crowding_convex,solved,0.9999999999999999,1.0,0.009203147381552694,-0.06194169933765176,0.02671227499253153,0.0,0.04443257172667292,0.1155687565748882,8.0
2018-05-21,3.909744005966201e-16,1.1729232017898604e-19,momentum_crowding_convex,solved,1.0,1.0,-0.0392866851214245,-0.06487068153152445,0.025583996410099924,0.0,2.932308004474651e-17,0.11310171618967575,1.0
2018-05-28,0.5999999999999995,0.00017999999999999985,momentum_crowding_convex,solved,1.0,1.0,0.011628347090560813,-0.06155552461782508,0.028183871708385932,0.0,0.044999999999999964,0.11870945983447556,10.0
2018-06-04,0.4075657103110263,0.00012226971309330786,momentum_crowding_convex,solved,1.0,1.0,-0.01785176639622726,-0.06550778761077224,0.017088592941218003,0.0,0.03056742827332697,0.09243536374466756,9.0
2018-06-11,0.30000000000000016,9.000000000000005e-05,momentum_crowding_convex,solved,1.0,1.0,-0.040595297628627985,-0.08694794095159235,0.023852643322964356,0.0,0.02250000000000001,0.1092076996437622,4.0
2018-06-19,0.2999999999999996,8.999999999999988e-05,momentum_crowding_convex,solved,1.0,1.0,-0.051292744239364724,-0.09331850100380006,0.019525756764435364,0.0,0.022499999999999968,0.09880727899409882,7.0
2018-06-25,0.09999999999999845,2.9999999999999537e-05,momentum_crowding_convex,solved,1.0,1.0,-0.06886548282348698,-0.09508559381490699,0.018720110991420128,0.0,0.007499999999999883,0.09674737978731034,3.0
2018-07-02,0.12188929707338572,3.656678912201572e-05,momentum_crowding_convex,solved,1.0,1.0,-0.049847871873222524,-0.07447929001130646,0.015489720857580007,0.0,0.009141697280503928,0.08800488866415322,5.0
2018-07-09,2.220446049250325e-16,6.661338147750975e-20,momentum_crowding_convex,solved,1.0,1.0,-0.06509263234971409,-0.08065463901954961,0.01556200666983551,0.0,1.665334536937744e-17,0.08820999566329064,1.0
2018-07-16,1.665334536937726e-16,4.996003610813178e-20,momentum_crowding_convex,solved,1.0,1.0,-0.03867103792667639,-0.05432932432744427,0.01565828640076787,0.0,1.2490009027032944e-17,0.08848244571882004,1.0
2018-07-23,0.3000000000000009,9.000000000000026e-05,momentum_crowding_convex,solved,1.0,1.0,-0.06602420357913512,-0.10810617612751292,0.019581972548377728,0.0,0.022500000000000065,0.098949412702597,10.0
2018-07-30,0.6000000000000004,0.00018000000000000012,momentum_crowding_convex,solved,1.0,1.0,0.04459425639674217,-0.03964417371867388,0.03923843011541602,0.0,0.04500000000000003,0.14006860839498625,7.0
2018-08-06,0.3000000000000007,9.000000000000021e-05,momentum_crowding_convex,solved,0.9999999999999999,1.0,-0.031303675442623774,-0.07925673850703961,0.02545306306441579,0.0,0.02250000000000005,0.11281192991970262,7.0
2018-08-13,0.30000000000000027,9.000000000000007e-05,momentum_crowding_convex,solved,1.0,1.0,-0.04528150491897552,-0.08507181194309033,0.017290307024114788,0.0,0.02250000000000002,0.09297931765751669,3.0
2018-08-20,0.33752151769802935,0.00010125645530940881,momentum_crowding_convex,solved,1.0,1.0,-0.04798484985046103,-0.08486440492744932,0.01156544124963608,0.0,0.025314113827352196,0.07604420178302906,8.0
2018-08-27,0.045863529681668,1.37590589045004e-05,momentum_crowding_convex,solved,1.0,1.0,-0.034893170262126766,-0.049261509638988316,0.010928574650736444,0.0,0.0034397647261251,0.07392081794304106,6.0
2018-09-03,0.3000000000000012,9.000000000000037e-05,momentum_crowding_convex,solved,1.0,1.0,-0.04537087222221893,-0.08428113299100423,0.016410260768785215,0.0,0.02250000000000009,0.09058217476078065,7.0
2018-09-10,0.30000000000000066,9.00000000000002e-05,momentum_crowding_convex,solved,1.0,1.0,-0.045584663957621535,-0.07887543733647635,0.010790773378854772,0.0,0.022500000000000048,0.0734532959738866,7.0
2018-09-17,2.414290392796225e-16,7.242871178388675e-20,momentum_crowding_convex,solved,1.0,1.0,-0.06870872557979799,-0.07867062497415257,0.009961899394354577,0.0,1.8107177945971687e-17,0.0705758435810532,1.0
2018-09-25,0.3000000000000004,9.000000000000011e-05,momentum_crowding_convex,solved,1.0,1.0,-0.03886361996829661,-0.07184539142539097,0.010481771457094329,0.0,0.022500000000000027,0.07239396196194241,5.0
2018-10-08,0.5999999999999994,0.00017999999999999982,momentum_crowding_convex,solved,0.9999999999999999,1.0,-0.008942241420688446,-0.07746116076301224,0.02351891934232384,0.0,0.04499999999999996,0.10844104237401041,8.0
2018-10-15,0.6999999999999974,0.00020999999999999922,momentum_crowding_convex,solved,1.0,1.0,-0.019330145311313163,-0.08487673875549633,0.01304659344418335,0.0,0.05249999999999981,0.08076692839331996,12.0
2018-10-22,0.02856682497214135,8.570047491642405e-06,momentum_crowding_convex,solved,1.0,1.0,-0.06724370452496285,-0.08282472795446429,0.013438511556590833,0.0,0.002142511872910601,0.08197106671439268,3.0
2018-10-29,0.562478482301975,0.0001687435446905925,momentum_crowding_convex,solved,1.0,1.0,-0.0047676251056659805,-0.0604161670450727,0.013462655766758603,0.0,0.04218588617264812,0.08204467004857355,13.0
2018-11-05,0.30000000000000093,9.000000000000028e-05,momentum_crowding_convex,solved,1.0,1.0,-0.043094622390763164,-0.07732364288178854,0.011729020491025307,0.0,0.02250000000000007,0.07658009039895848,7.0
2018-11-12,0.400000000000002,0.0001200000000000006,momentum_crowding_convex,solved,0.9999999999999999,1.0,0.014908650079544812,-0.030548794822469093,0.015457444902013754,0.0,0.03000000000000015,0.08791315288969494,8.0
2018-11-19,0.30000000000000004,9.000000000000002e-05,momentum_crowding_convex,solved,0.9999999999999999,1.0,0.021738639279910144,-0.022258796936752444,0.021497436216662585,0.0,0.022500000000000003,0.10367602475177803,13.0
2018-11-26,0.30000000000000093,9.000000000000028e-05,momentum_crowding_convex,solved,1.0,1.0,-0.042480271018467256,-0.07957231801967625,0.014592047001208931,0.0,0.022500000000000065,0.08541676358071913,5.0
2018-12-03,0.28234870131260487,8.470461039378145e-05,momentum_crowding_convex,solved,1.0,1.0,-0.03027370334890202,-0.06007487357906862,0.008625017631721235,0.0,0.021176152598445363,0.06566969480559977,7.0
2018-12-10,0.5999999999999988,0.00017999999999999963,momentum_crowding_convex,solved,1.0,1.0,0.020973277746242167,-0.04756537717615136,0.023538654922393615,0.0,0.044999999999999915,0.10848653124326912,7.0
2018-12-17,0.3000000000000005,9.000000000000014e-05,momentum_crowding_convex,solved,1.0,1.0,-0.02360533408024711,-0.05964023074122195,0.013534896660974799,0.0,0.022500000000000037,0.08226450225028654,6.0
2018-12-24,0.1026792399240933,3.080377197722799e-05,momentum_crowding_convex,solved,1.0,1.0,-0.06777614418942812,-0.0892526084399259,0.013775521256190772,0.0,0.007700942994306997,0.08299253356836014,4.0
2019-01-02,3.7470027081098994e-16,1.1241008124329697e-19,momentum_crowding_convex,solved,1.0,1.0,-0.07674153552970646,-0.09027104324448491,0.013529507714778422,0.0,2.810252031082424e-17,0.0822481237317254,1.0
2019-01-07,1.5265566588595863e-16,4.5796699765787587e-20,momentum_crowding_convex,solved,1.0,1.0,-0.06541390906291995,-0.07865674546002226,0.013242836397102288,0.0,1.1449174941446897e-17,0.0813720971743456,1.0
2019-01-14,0.5726505894043066,0.00017179517682129196,momentum_crowding_convex,solved,1.0,1.0,0.008430258038235106,-0.04843263586452834,0.013914099697440448,0.0,0.04294879420532299,0.08340893146851976,8.0
2019-01-21,0.2000000000000019,6.0000000000000564e-05,momentum_crowding_convex,solved,1.0,1.0,-0.014804021245962983,-0.045098337922047045,0.015294316676083919,0.0,0.015000000000000142,0.08744803221366367,7.0
2019-01-28,0.6771306179691243,0.0002031391853907373,momentum_crowding_convex,solved,0.9999999999999999,1.0,0.044946057141701246,-0.04112055937441407,0.03528182016843101,0.0,0.050784796347684305,0.13281908780072052,13.0
2019-02-11,0.3975141592832005,0.00011925424778496015,momentum_crowding_convex,solved,1.0,1.0,-0.006960109421200129,-0.06753918474129544,0.030765513373855274,0.0,0.02981356194624004,0.12402724171297061,9.0
2019-02-18,0.30000000000000104,9.000000000000032e-05,momentum_crowding_convex,solved,0.9999999999999999,1.0,0.030196186604366477,-0.02499286298932621,0.03268904959369261,0.0,0.02250000000000008,0.1278457069941979,8.0
2019-02-25,0.39125140579711803,0.0001173754217391354,momentum_crowding_convex,solved,0.9999999999999999,1.0,0.061645002303073494,-0.0018424713414939174,0.03414361820978356,0.0,0.02934385543478385,0.13065913326243894,15.0
2019-03-04,0.16488853883028967,4.94665616490869e-05,momentum_crowding_convex,solved,1.0,1.0,0.036293264728816416,-0.01555624586890625,0.039482870185450936,0.0,0.012366640412271729,0.14050421734853893,10.0
2019-03-11,0.21194130161894642,6.358239048568392e-05,momentum_crowding_convex,solved,1.0,1.0,0.04797324456261236,-0.02392004968079925,0.055997696621990625,0.0,0.01589559762142098,0.16732856394230877,7.0
2019-03-18,0.5144692766944927,0.00015434078300834782,momentum_crowding_convex,solved,1.0,1.0,-0.014931223874672432,-0.08582393316574438,0.032307513538985005,0.0,0.038585195752086944,0.12709743022379524,12.0
2019-03-25,0.30000000000000027,9.000000000000007e-05,momentum_crowding_convex,solved,1.0,1.0,0.047135038006515945,-0.01738648400436375,0.04202152201087968,0.0,0.02250000000000002,0.1449508917028103,10.0
2019-04-01,0.480947495046995,0.00014428424851409852,momentum_crowding_convex,solved,0.9999999999999999,1.0,0.0025805594017655684,-0.05982222725582172,0.026331724529062663,0.0,0.03607106212852462,0.11474259132742005,10.0
2019-04-08,0.15241028685534347,4.572308605660304e-05,momentum_crowding_convex,solved,1.0,1.0,0.04214925335860838,-0.005791271093062217,0.03650975293751983,0.0,0.01143077151415076,0.13511060827618207,4.0
2019-04-15,0.5707074769236564,0.00017121224307709693,momentum_crowding_convex,solved,1.0,1.0,-0.0001103297035826914,-0.06614798457690302,0.023234594104046095,0.0,0.04280306076927423,0.10778356577893983,8.0
2019-04-22,0.19170308988553011,5.751092696565904e-05,momentum_crowding_convex,solved,1.0,1.0,0.02708935852737552,-0.018831887380910222,0.031543514166870984,0.0,0.014377731741414757,0.12558565636025276,8.0
2019-04-29,0.30000000000000054,9.000000000000017e-05,momentum_crowding_convex,solved,1.0,1.0,-0.03778063643144992,-0.08642846392326477,0.02614782749181481,0.0,0.02250000000000004,0.11434121630412808,4.0
2019-05-06,0.1914187290598154,5.742561871794463e-05,momentum_crowding_convex,solved,0.9999999999999999,1.0,-0.036732748830293746,-0.07644946673015078,0.02536031322037088,0.0,0.014356404679486153,0.11260620147303363,4.0
2019-05-13,0.3441133767408735,0.00010323401302226206,momentum_crowding_convex,solved,1.0,1.0,-0.05249322523324042,-0.09250705724709885,0.014205328758292916,0.0,0.025808503255565513,0.08427730643029865,7.0
2019-05-20,0.5999999999999996,0.0001799999999999999,momentum_crowding_convex,solved,1.0,1.0,0.0037779873923599328,-0.060084921326060754,0.018862908718420713,0.0,0.04499999999999997,0.09711567514675659,6.0
2019-05-27,0.5597635301144216,0.00016792905903432648,momentum_crowding_convex,solved,1.0,1.0,-0.05565152149970168,-0.10392748072212288,0.006293694463839575,0.0,0.04198226475858162,0.05609676667972752,8.0
2019-06-03,0.30000000000000027,9.000000000000007e-05,momentum_crowding_convex,solved,1.0,1.0,-0.019753180520679446,-0.05044070393010148,0.008187523409422014,0.0,0.02250000000000002,0.06398251092846394,7.0
2019-06-10,0.045939387517534805,1.3781816255260442e-05,momentum_crowding_convex,solved,1.0,1.0,-0.061849890067481754,-0.07237668680644709,0.0070813426751502205,0.0,0.0034454540638151105,0.059503540546551596,6.0
2019-06-17,0.3000000000000005,9.000000000000014e-05,momentum_crowding_convex,solved,1.0,1.0,-0.033704457086551495,-0.06844323166879415,0.012238774582242611,0.0,0.022500000000000044,0.07822651271225955,4.0
2019-06-24,0.3000000000000014,9.000000000000041e-05,momentum_crowding_convex,solved,1.0,1.0,-0.03897887904720588,-0.07926935540538402,0.017790476358178035,0.0,0.022500000000000103,0.09431457034355306,4.0
2019-07-01,2.2204460492503244e-16,6.661338147750972e-20,momentum_crowding_convex,solved,1.0,1.0,-0.030400580508144422,-0.04745961457964599,0.01705903407150155,0.0,1.6653345369377434e-17,0.09235538444373871,1.0
2019-07-08,0.30000000000000115,9.000000000000034e-05,momentum_crowding_convex,solved,1.0,1.0,-0.03976365772129266,-0.08335249866385595,0.021088840942563202,0.0,0.022500000000000086,0.10268602860799321,3.0
2019-07-15,0.30570291763195706,9.171087528958712e-05,momentum_crowding_convex,solved,1.0,1.0,-0.03672199419558294,-0.08754007056001488,0.027890357542035157,0.0,0.022927718822396782,0.11808970645664921,6.0
2019-07-22,0.5614062094933001,0.00016842186284799003,momentum_crowding_convex,solved,1.0,1.0,0.0024797228723585293,-0.06439563436567636,0.02476989152603737,0.0,0.04210546571199752,0.11128767120853363,14.0
2019-07-29,0.0570045254697511,1.710135764092533e-05,momentum_crowding_convex,solved,1.0,1.0,-0.06377646020742547,-0.09102914685897194,0.022977347241315123,0.0,0.004275339410231333,0.10718523042218812,3.0
2019-08-05,0.49429708236804526,0.0001482891247104136,momentum_crowding_convex,solved,0.9999999999999999,1.0,-0.01483846546897661,-0.06446236405887616,0.012551617412296153,0.0,0.037072281177603396,0.07922000193226504,12.0
2019-08-12,4.579432619165713e-16,1.3738297857497137e-19,momentum_crowding_convex,solved,0.9999999999999999,1.0,-0.07548925115760739,-0.08880117395106588,0.01331192279345845,0.0,3.4345744643742855e-17,0.08158407563200815,1.0
2019-08-19,0.3000000000000015,9.000000000000045e-05,momentum_crowding_convex,solved,1.0,1.0,-0.01713226737387026,-0.0514829400012868,0.011850672627416433,0.0,0.02250000000000011,0.0769762061529939,8.0
2019-08-26,0.2557032918613449,7.671098755840346e-05,momentum_crowding_convex,solved,0.9999999999999999,1.0,-0.01421536742918576,-0.054684945705478806,0.021291831386692186,0.0,0.019177746889600864,0.10317904677475022,10.0
2019-09-02,0.2999999999999988,8.999999999999965e-05,momentum_crowding_convex,solved,1.0,1.0,-0.05373154520850988,-0.09596751658625016,0.019735971377740375,0.0,0.022499999999999912,0.0993377354728312,5.0
2019-09-09,0.21212545430390828,6.363763629117249e-05,momentum_crowding_convex,solved,0.9999999999999999,1.0,-0.018601330979061182,-0.06458609843598279,0.030075358384128482,0.0,0.01590940907279312,0.12262821531794484,6.0
2019-09-16,0.782600396901646,0.00023478011907049375,momentum_crowding_convex,solved,1.0,1.0,0.02107310500415715,-0.07516747691615444,0.037545552152688136,0.0,0.058695029767623454,0.13701378060744135,14.0
2019-09-23,0.48587172159066283,0.00014576151647719885,momentum_crowding_convex,solved,1.0,1.0,-0.031519916805875195,-0.10126451220163367,0.03330421627645876,0.0,0.03644037911929972,0.12904304761679097,6.0
2019-09-30,0.7755569117039713,0.0002326670735111914,momentum_crowding_convex,solved,1.0,1.0,-0.021362832255482224,-0.09277746802756662,0.013247867394286551,0.0,0.05816676837779785,0.08138755247053,14.0
2019-10-08,0.1664169852134207,4.992509556402621e-05,momentum_crowding_convex,solved,1.0000000000000002,1.0,-0.08849692438538942,-0.11071412165677841,0.009735923380382438,0.0,0.012481273891006549,0.06977077963009456,4.0
2019-10-14,0.6000000000000003,0.0001800000000000001,momentum_crowding_convex,solved,0.9999999999999999,1.0,-0.029981352981181923,-0.08514374232049914,0.010162389339317197,0.0,0.04500000000000002,0.07128249904190087,9.0
2019-10-21,0.20000000000000023,6.0000000000000076e-05,momentum_crowding_convex,solved,1.0,1.0,-0.06756435799332867,-0.09345897314698717,0.01089461515365849,0.0,0.015000000000000019,0.07380587765773973,3.0
2019-10-28,0.3000000000000007,9.000000000000021e-05,momentum_crowding_convex,solved,1.0,1.0,-0.06662681176737292,-0.097848665196335,0.00872185342896203,0.0,0.02250000000000005,0.06603731304710252,6.0
2019-11-04,0.3000000000000007,9.000000000000021e-05,momentum_crowding_convex,solved,1.0,1.0,-0.03678747481673306,-0.06877665050326341,0.00948917568653029,0.0,0.022500000000000058,0.06888096865800557,6.0
2019-11-11,0.300000000000003,9.00000000000009e-05,momentum_crowding_convex,solved,1.0,1.0,-0.03452748837756224,-0.07077735319066808,0.013749864813105615,0.0,0.022500000000000225,0.08291521215406017,7.0
2019-11-18,0.2793291574943884,8.379874724831653e-05,momentum_crowding_convex,solved,0.9999999999999999,1.0,-0.05837854237886163,-0.08946889080239522,0.010140661611454448,0.0,0.02094968681207913,0.07120625538340873,10.0
2019-11-25,0.2999999999999998,8.999999999999995e-05,momentum_crowding_convex,solved,1.0,1.0,-0.04837154704156605,-0.08388236365420511,0.013010816612639076,0.0,0.022499999999999985,0.08065611140093192,5.0
2019-12-02,0.4761360793280599,0.00014284082379841797,momentum_crowding_convex,solved,1.0,1.0,-0.059413407735747846,-0.10477273030672053,0.009649116621368192,0.0,0.035710205949604494,0.06945904052521958,17.0
2019-12-09,0.5135106863868703,0.00015405320591606108,momentum_crowding_convex,solved,1.0,1.0,-0.024176656098460238,-0.07075098060851501,0.00806102303103951,0.0,0.038513301479015265,0.06348630967003638,11.0
2019-12-16,0.541932379335271,0.00016257971380058132,momentum_crowding_convex,solved,1.0,1.0,-0.010822330693346323,-0.06768037865892124,0.016213119515429582,0.0,0.04064492845014533,0.09003643572307153,8.0
2019-12-23,0.8939963295916428,0.0002681988988774928,momentum_crowding_convex,solved,1.0,1.0,0.012182860817376927,-0.07974846636260267,0.02488160246060641,0.0,0.06704972471937319,0.11153833973259242,15.0
2019-12-30,0.5337058083273029,0.00016011174249819086,momentum_crowding_convex,solved,1.0,1.0,-0.036408997242878396,-0.09693577597796935,0.020498843110543223,0.0,0.04002793562454772,0.10123942688138654,10.0
2020-01-06,0.5398281084241653,0.0001619484325272496,momentum_crowding_convex,solved,1.0,1.0,-0.0035145120402553173,-0.06799693900745368,0.02399531883538597,0.0,0.040487108131812395,0.1095338277323174,7.0
2020-01-13,0.5938776999031344,0.0001781633099709403,momentum_crowding_convex,solved,1.0,1.0,-0.003997777735206487,-0.07777595586080464,0.029237350632863077,0.0,0.04454082749273508,0.12090771404849046,10.0
2020-01-20,0.2596494674482497,7.78948402344749e-05,momentum_crowding_convex,solved,1.0,1.0,-0.039917767625586936,-0.09010774267892488,0.030716264994719217,0.0,0.019473710058618723,0.12392793267605011,11.0
2020-02-03,0.4175441798330572,0.00012526325394991716,momentum_crowding_convex,solved,1.0,1.0,-0.01247215264961845,-0.08163661867460084,0.0378486525375031,0.0,0.03131581348747929,0.13756571618230884,9.0
2020-02-10,0.8145932456077627,0.00024437797368232877,momentum_crowding_convex,solved,1.0,1.0,-0.012039480215789551,-0.08773434123060612,0.014600367594234373,0.0,0.0610944934205822,0.08544111303767751,10.0
2020-02-17,0.25961187422891774,7.788356226867532e-05,momentum_crowding_convex,solved,1.0,1.0,-0.02863917835032667,-0.06749159738858419,0.019381528471088694,0.0,0.01947089056716883,0.09844167936166238,8.0
2020-02-24,0.30000000000000093,9.000000000000028e-05,momentum_crowding_convex,solved,1.0,1.0,-0.015988593514040982,-0.05926132661013784,0.02077273309609679,0.0,0.022500000000000065,0.10191352485341872,8.0
2020-03-02,0.2767336002088905,8.302008006266715e-05,momentum_crowding_convex,solved,1.0,1.0,-0.03904327315783265,-0.08506613355169802,0.02526784037819858,0.0,0.020755020015666786,0.11240071258270247,6.0
2020-03-09,0.4029264187605598,0.00012087792562816792,momentum_crowding_convex,solved,0.9999999999999999,1.0,-0.001132075536627919,-0.05192391553664981,0.02057235859297991,0.0,0.030219481407041976,0.10142080307555228,8.0
2020-03-16,0.3416721091713274,0.0001025016327513982,momentum_crowding_convex,solved,0.9999999999999999,1.0,-0.05964674131033132,-0.09657808720098048,0.011305937702799598,0.0,0.025625408187849554,0.07518622780403203,6.0
2020-03-23,4.996003610813209e-16,1.4988010832439629e-19,momentum_crowding_convex,solved,1.0,1.0,-0.0932903814149807,-0.10618974287318397,0.012899361458203234,0.0,3.7470027081099067e-17,0.08030990430265508,1.0
2020-03-30,0.31982691626985316,9.594807488095595e-05,momentum_crowding_convex,solved,1.0,1.0,-0.03815998850744952,-0.07393833230029861,0.011791325072610114,0.0,0.02398701872023898,0.07678321780379523,17.0
2020-04-07,0.2956487220352597,8.869461661057792e-05,momentum_crowding_convex,solved,1.0,1.0,-0.05280489419557574,-0.08807218019172602,0.013093631843505801,0.0,0.022173654152644485,0.08091239658885961,8.0
2020-04-13,0.3746515515840616,0.00011239546547521848,momentum_crowding_convex,solved,1.0,1.0,0.02040212121120282,-0.025091315520813614,0.017394570363211816,0.0,0.02809886636880462,0.09325923644125501,11.0
2020-04-20,0.5000000000000013,0.0001500000000000004,momentum_crowding_convex,solved,1.0,1.0,0.03268493212799876,-0.03734494589211694,0.03252987802011559,0.0,0.03750000000000011,0.12753406999722777,6.0
2020-04-27,4.41128693551957e-17,1.3233860806558708e-20,momentum_crowding_convex,solved,1.0,1.0,-0.009062426487778528,-0.041630794305408926,0.032568367817630395,0.0,3.3084652016396774e-18,0.12760949772182006,1.0
2020-05-06,0.3000000000000008,9.000000000000025e-05,momentum_crowding_convex,solved,1.0,1.0,0.02440710633457244,-0.03374841826595023,0.035655524600522605,0.0,0.022500000000000065,0.13352064372321346,5.0
2020-05-11,0.2717986522977124,8.153959568931372e-05,momentum_crowding_convex,solved,1.0000000000000002,1.0,0.07210674799781379,-0.00073704078205158,0.05245888985753694,0.0,0.020384898922328427,0.16195507071026974,16.0
2020-05-18,0.5000000000000004,0.00015000000000000012,momentum_crowding_convex,solved,1.0,1.0,-0.0035382191763587423,-0.08694512367556911,0.04590690449921034,0.0,0.03750000000000003,0.1515039677685214,7.0
2020-05-25,0.42892468794951266,0.00012867740638485378,momentum_crowding_convex,solved,1.0,1.0,0.004849043013940103,-0.07426102794488379,0.04694071936261045,0.0,0.032169351596213445,0.15320039060428411,15.0
2020-06-01,0.35663444469976346,0.00010699033340992905,momentum_crowding_convex,solved,1.0,1.0,-0.006665667553909977,-0.07447286784022247,0.041059616933830236,0.0,0.02674758335248226,0.14328226850142733,9.0
2020-06-08,0.4295936624660267,0.00012887809873980802,momentum_crowding_convex,solved,1.0,1.0,0.03466131227401295,-0.05363933173656376,0.05608111932562472,0.0,0.03221952468495199,0.1674531566224189,14.0
2020-06-15,0.30000000000000193,9.000000000000057e-05,momentum_crowding_convex,solved,1.0,1.0,0.022774523495888335,-0.05393714808400393,0.05421167157989212,0.0,0.022500000000000145,0.16463850032706828,7.0
2020-06-22,0.6922348474036962,0.00020767045422110888,momentum_crowding_convex,solved,1.0,1.0,0.03260139862450645,-0.044665270366390834,0.025349055435620074,0.0,0.051917613555277214,0.11258120499359578,11.0
2020-06-29,0.5178999954234951,0.00015536999862704852,momentum_crowding_convex,solved,1.0,1.0,0.03212700310629513,-0.0652016840561721,0.058486187505705105,0.0,0.038842499656762126,0.17100612197477771,7.0
2020-07-06,0.2999999999999999,8.999999999999997e-05,momentum_crowding_convex,solved,1.0,1.0,-0.005479823825540738,-0.0770774903809807,0.04909766655543997,0.0,0.022499999999999996,0.15668067295528185,6.0
2020-07-13,3.8351125332515044e-16,1.1505337599754512e-19,momentum_crowding_convex,solved,1.0,1.0,0.012318730157425998,-0.042967071429565046,0.055285801586991014,0.0,2.8763343999386283e-17,0.1662615433390882,1.0
2020-07-20,0.850264986197326,0.0002550794958591978,momentum_crowding_convex,solved,1.0,1.0,0.014133428854403635,-0.09166706165021286,0.04203061653981706,0.0,0.06376987396479944,0.14496657638886465,13.0
2020-07-27,0.30000000000000043,9.000000000000013e-05,momentum_crowding_convex,solved,1.0,1.0,0.06291197661087727,-0.020745794068173035,0.06115777067905028,0.0,0.02250000000000003,0.17486819419072508,8.0
2020-08-03,0.21217975429578423,6.365392628873527e-05,momentum_crowding_convex,solved,1.0,1.0,-0.033010961858372975,-0.09677142613086177,0.04784698270030498,0.0,0.015913481572183818,0.15467220613333377,4.0
2020-08-10,0.43128119871323944,0.00012938435961397184,momentum_crowding_convex,solved,1.0,1.0,0.03381876484261725,-0.050771647627996803,0.05224432256712109,0.0,0.03234608990349296,0.1616235171117141,16.0
2020-08-17,0.6298912883347462,0.00018896738650042385,momentum_crowding_convex,solved,0.9999999999999999,1.0,0.052121000147889035,-0.04603216989489432,0.050911323417677394,0.0,0.047241846625105964,0.15954830525216712,17.0
2020-08-24,0.5266981345690539,0.00015800944037071618,momentum_crowding_convex,solved,1.0,1.0,0.01035670778495748,-0.06118358117417519,0.03203792886645362,0.0,0.03950236009267905,0.12656604771117255,13.0
2020-08-31,0.14655352805226646,4.396605841567994e-05,momentum_crowding_convex,solved,1.0,1.0,0.007621495265946798,-0.029695958501350827,0.02632593916337764,0.0,0.010991514603919984,0.11472998553860635,11.0
2020-09-07,5.613600192803868e-18,1.6840800578411603e-21,momentum_crowding_convex,solved,1.0,1.0,-0.010096965870113099,-0.03369014836663441,0.023593182496521314,0.0,4.2102001446029015e-19,0.10861211372706388,1.0
2020-09-14,0.6663141845410053,0.00019989425536230158,momentum_crowding_convex,solved,0.9999999999999999,1.0,-0.05421609027318315,-0.11338816081761884,0.00919850670386028,0.0,0.0499735638405754,0.0678177952452757,10.0
2020-09-21,0.33457691813976376,0.00010037307544192912,momentum_crowding_convex,solved,1.0,1.0,-0.05418110591952666,-0.0867081758059833,0.007433801025974367,0.0,0.025093268860482278,0.06096638838726781,7.0
2020-09-28,0.13817617815837657,4.1452853447512974e-05,momentum_crowding_convex,solved,1.0,1.0,-0.060841795939808485,-0.07913185807024953,0.007926848768562799,0.0,0.010363213361878242,0.06295573352984936,10.0
2020-10-09,0.1923500851421487,5.7705025542644616e-05,momentum_crowding_convex,solved,1.0,1.0,-0.07498887788698827,-0.09595167516496694,0.006536540892317522,0.0,0.01442625638566115,0.05716878909124069,4.0
2020-10-12,0.3000000000000006,9.000000000000018e-05,momentum_crowding_convex,solved,1.0,1.0,-0.08087979901643949,-0.1110241218334232,0.007644322816983659,0.0,0.022500000000000044,0.061823631472858576,6.0
2020-10-19,0.5312255113217479,0.00015936765339652438,momentum_crowding_convex,solved,1.0,1.0,0.026525070521379198,-0.03268286165094552,0.019366018823193627,0.0,0.03984191334913109,0.09840228356901487,14.0
2020-10-26,0.26768034701114324,8.030410410334297e-05,momentum_crowding_convex,solved,1.0,1.0,-0.05787591855783318,-0.0879332556406262,0.009981311056957274,0.0,0.020076026025835747,0.07064457182599833,9.0
2020-11-02,0.0332856912547511,9.98570737642533e-06,momentum_crowding_convex,solved,1.0,1.0,-0.07938405051518863,-0.09123913293064073,0.009358655571345771,0.0,0.0024964268441063325,0.06840561223812623,3.0
2020-11-09,0.4676803470111434,0.00014030410410334303,momentum_crowding_convex,solved,1.0,1.0,0.009774498793613213,-0.05299476160454748,0.027693234372324935,0.0,0.03507602602583576,0.11767164988289434,5.0
2020-11-16,0.3000000000000008,9.000000000000025e-05,momentum_crowding_convex,solved,1.0,1.0,-0.02298698008300104,-0.06800018070814066,0.02251320062513956,0.0,0.02250000000000006,0.10609712678753265,5.0
2020-11-23,0.428876659478523,0.0001286629978435569,momentum_crowding_convex,solved,1.0,1.0,-0.012257336085068175,-0.06648622055110989,0.022063135005152498,0.0,0.032165749460889216,0.10503126916578819,16.0
2020-11-30,0.17112334052147776,5.1337002156443325e-05,momentum_crowding_convex,solved,1.0,1.0,-0.05464489344480834,-0.08962575390296774,0.022146609919048568,0.0,0.012834250539110833,0.10522977221074026,3.0
2020-12-07,0.7240690531885092,0.00021722071595655276,momentum_crowding_convex,solved,1.0,1.0,0.014285927571674496,-0.07310118663700482,0.033081935219541135,0.0,0.054305178989138184,0.12861169313002052,11.0
2020-12-14,0.49516260910069154,0.00014854878273020747,momentum_crowding_convex,solved,1.0,1.0,-0.0499709334435054,-0.1109973775811788,0.023889248455121522,0.0,0.03713719568255187,0.1092914645686513,6.0
2020-12-21,0.04040943871157997,1.212283161347399e-05,momentum_crowding_convex,solved,1.0,1.0,-0.06568441490415199,-0.09326739426085588,0.0245522714533354,0.0,0.003030707903368498,0.1107977243749514,3.0
2020-12-28,0.3000000000000008,9.000000000000025e-05,momentum_crowding_convex,solved,0.9999999999999999,1.0,-0.01651309355913093,-0.05708283502310929,0.0180697414639783,0.0,0.02250000000000006,0.09505193702386686,7.0
2021-01-04,0.12074795558757805,3.622438667627341e-05,momentum_crowding_convex,solved,1.0,1.0,-0.021898703090808592,-0.05327143648156669,0.022316636721689743,0.0,0.009056096669068352,0.1056329416462728,9.0
2021-01-11,0.040409438711580335,1.21228316134741e-05,momentum_crowding_convex,solved,1.0,1.0,-0.02849606728210448,-0.051617906122499384,0.020091130937026382,0.0,0.003030707903368525,0.10022756840566965,8.0
2021-01-18,0.4966789023990703,0.0001490036707197211,momentum_crowding_convex,solved,1.0,1.0,-0.03060845814959979,-0.09170665767343461,0.023847281843904552,0.0,0.037250917679930266,0.1091954253709938,6.0
2021-01-25,0.6974693924146043,0.00020924081772438129,momentum_crowding_convex,solved,1.0,1.0,-0.02753356864618515,-0.10524895975606784,0.02540518667878737,0.0,0.05231020443109532,0.11270578219148157,10.0
2021-02-01,0.7634275684064495,0.00022902827052193487,momentum_crowding_convex,solved,1.0,1.0,-0.004105888070990507,-0.08229638035891447,0.020933424657440244,0.0,0.057257067630483716,0.1023069515170896,16.0
2021-02-08,0.19020244041005693,5.706073212301708e-05,momentum_crowding_convex,solved,0.9999999999999999,1.0,-0.020111861617627493,-0.05803950738426444,0.02366246273588268,0.0,0.014265183030754268,0.10877146394133592,5.0
2021-02-18,0.3000000000000009,9.000000000000026e-05,momentum_crowding_convex,solved,0.9999999999999999,1.0,-0.042003202896809096,-0.09202677141482479,0.027523568518015636,0.0,0.02250000000000007,0.11731063148328807,4.0
2021-02-22,0.4634275684064495,0.00013902827052193485,momentum_crowding_convex,solved,1.0,1.0,-0.04024921033321293,-0.1147614406563456,0.03975516269264895,0.0,0.034757067630483716,0.14098787659343082,6.0
2021-03-01,0.3779437084853173,0.0001133831125455952,momentum_crowding_convex,solved,1.0,1.0,-0.013610908792626737,-0.07944536444781412,0.03748867751878859,0.0,0.028345778136398794,0.13690996588778442,16.0
2021-03-08,0.5820049916290824,0.0001746014974887247,momentum_crowding_convex,solved,1.0,1.0,-0.019890983743426217,-0.09082417324384516,0.027282815128237773,0.0,0.043650374372181173,0.11679643643587284,11.0
2021-03-15,8.215716334832076e-17,2.4647149004496227e-20,momentum_crowding_convex,solved,1.0,1.0,-0.07669194558278994,-0.10444446169895612,0.027752516116166175,0.0,6.161787251124057e-18,0.11779752993201126,1.0
2021-03-22,0.7052837305205337,0.00021158511915616015,momentum_crowding_convex,solved,1.0,1.0,-0.024591425963037046,-0.09442500659093646,0.016937300838859366,0.0,0.05289627978904004,0.09202527054798418,14.0
2021-03-29,0.8134794466537825,0.00024404383399613473,momentum_crowding_convex,solved,1.0,1.0,-0.030382761811289995,-0.09973236836077708,0.008338648050453383,0.0,0.0610109584990337,0.0645703029668182,8.0
2021-04-06,0.7009732649318505,0.00021029197947955514,momentum_crowding_convex,solved,1.0,1.0,-0.009807613378634499,-0.07828365000204539,0.0159030417535221,0.0,0.05257299486988879,0.08917130074615402,16.0
2021-04-12,0.9138486223496328,0.00027415458670488984,momentum_crowding_convex,solved,1.0,1.0,-0.01500630026630656,-0.10754209630665952,0.0239971493641305,0.0,0.06853864667622246,0.10953800565130466,7.0
2021-04-19,0.2999999999999996,8.999999999999988e-05,momentum_crowding_convex,solved,1.0,1.0,-0.06998830387622476,-0.11037363796030672,0.017885334084081994,0.0,0.022499999999999968,0.09456567581337849,7.0
2021-04-26,0.4218498218368581,0.00012655494655105745,momentum_crowding_convex,solved,1.0,1.0,0.003326894043884459,-0.05400243096968307,0.02569058837580317,0.0,0.031638736637764356,0.11333708213952566,22.0
2021-05-06,0.5466456943551987,0.00016399370830655962,momentum_crowding_convex,solved,1.0,1.0,-0.013738135275816188,-0.09099083431659818,0.0362542719641421,0.0,0.0409984270766399,0.13463705278292099,13.0
2021-05-10,0.491683218916053,0.0001475049656748159,momentum_crowding_convex,solved,1.0,1.0,-0.03966997041387282,-0.11480419676435277,0.03825798493177598,0.0,0.03687624141870397,0.13830760089701502,11.0
2021-05-17,0.7679908475085937,0.0002303972542525781,momentum_crowding_convex,solved,1.0,1.0,-0.012458334202616432,-0.09735538875054887,0.027297740984787912,0.0,0.05759931356314452,0.11682838050916376,9.0
2021-05-24,0.4395789776229266,0.00013187369328687798,momentum_crowding_convex,solved,1.0,1.0,0.0015357129100693825,-0.06683047786972711,0.035397767458077,0.0,0.032968423321719495,0.13303715168718286,21.0
2021-05-31,0.5006262968943261,0.00015018788906829785,momentum_crowding_convex,solved,1.0,1.0,0.016511278861406305,-0.06925061731370735,0.048214923908039206,0.0,0.03754697226707445,0.15526577843819803,8.0
2021-06-07,0.5116166767538546,0.00015348500302615636,momentum_crowding_convex,solved,1.0,1.0,-0.014151273949132119,-0.09246116301477462,0.039938638309103415,0.0,0.03837125075653909,0.14131284143541842,13.0
2021-06-15,0.2260088083109309,6.780264249327928e-05,momentum_crowding_convex,solved,1.0,1.0,-0.011429863141718611,-0.07747048215742125,0.049089958392382824,0.0,0.016950660623319815,0.1566683733118826,7.0
2021-06-21,0.5835589379228008,0.00017506768137684023,momentum_crowding_convex,solved,1.0,1.0,-0.0224089199545875,-0.101417730200718,0.03524188990192044,0.0,0.04376692034421006,0.13274390739676237,13.0
2021-06-28,0.09615280319007732,2.8845840957023195e-05,momentum_crowding_convex,solved,1.0,1.0,-0.03795891122760709,-0.08377065377021439,0.0386002823033515,0.0,0.007211460239255799,0.13892494790956644,5.0
2021-07-05,0.2568483683337577,7.70545105001273e-05,momentum_crowding_convex,solved,1.0,1.0,-0.061860315033619176,-0.1194385609997171,0.0383146183410661,0.0,0.019263627625031827,0.13840993161812143,4.0
2021-07-12,0.22894477500556074,6.868343250166822e-05,momentum_crowding_convex,solved,1.0,1.0,-0.03594562422475191,-0.08554017556929952,0.03242369321913056,0.0,0.017170858125417056,0.12732574998626664,7.0
2021-07-19,0.560739335499725,0.0001682218006499175,momentum_crowding_convex,solved,1.0,1.0,-0.03085073477860615,-0.11235966922054433,0.03945348427945879,0.0,0.04205545016247938,0.1404519210966137,10.0
2021-07-26,0.0039209192553704185,1.1762757766111257e-06,momentum_crowding_convex,solved,1.0,1.0,-0.027099025732026567,-0.06706760680182156,0.03967451212564221,0.0,0.0002940689441527814,0.14084479423401172,2.0
2021-08-02,0.7245107910610452,0.00021735323731831356,momentum_crowding_convex,solved,0.9999999999999999,1.0,-0.033330200902331054,-0.10772278886293678,0.020054278631027333,0.0,0.05433830932957839,0.10013560463448387,10.0
2021-08-09,0.6239777118366476,0.0001871933135509943,momentum_crowding_convex,solved,1.0000000000000002,1.0,0.020414846200443988,-0.057693610807642216,0.031310128620337635,0.0,0.04679832838774857,0.12512019944904507,14.0
2021-08-16,0.17278865388531628,5.183659616559489e-05,momentum_crowding_convex,solved,1.0,1.0,-0.04378334216828629,-0.08392403999152001,0.027181548781835,0.0,0.012959149041398721,0.11657947671403188,3.0
2021-08-23,0.8206809712237367,0.000246204291367121,momentum_crowding_convex,solved,1.0,1.0,-0.008375988236249979,-0.08124687637206748,0.011319815294037243,0.0,0.061551072841780255,0.07523235771274632,14.0
2021-08-30,0.30000000000000276,9.000000000000083e-05,momentum_crowding_convex,solved,1.0,1.0,-0.037974854162850694,-0.07443444291622449,0.013959588753373586,0.0,0.022500000000000207,0.08354516369417678,5.0
2021-09-06,0.3000000000000031,9.000000000000093e-05,momentum_crowding_convex,solved,1.0,1.0,-0.04127618814307346,-0.07791506711932829,0.014138878976254593,0.0,0.02250000000000023,0.0840799588970362,10.0
2021-09-13,0.30000000000000093,9.000000000000028e-05,momentum_crowding_convex,solved,1.0,1.0,-0.07714594939542048,-0.11528620584392667,0.01564025644850613,0.0,0.02250000000000006,0.08843148887275994,5.0
2021-09-22,0.5276536030754745,0.00015829608092264236,momentum_crowding_convex,solved,1.0,1.0,-0.03595333233973368,-0.08481751014364823,0.009290157573253946,0.0,0.039574020230660596,0.06815481484551897,12.0
2021-09-27,0.2213592699629265,6.640778098887796e-05,momentum_crowding_convex,solved,1.0,1.0,-0.06062940190453424,-0.08978660041108337,0.012555253259329642,0.0,0.016601945247219488,0.0792314749936212,8.0
2021-10-08,0.4988237751484341,0.00014964713254453024,momentum_crowding_convex,solved,1.0,1.0,-0.039899315389647895,-0.09147236261801824,0.014161264092237785,0.0,0.03741178313613256,0.08414649158532335,22.0
2021-10-11,0.2907558390786445,8.722675172359335e-05,momentum_crowding_convex,solved,1.0,1.0,-0.061050699110114445,-0.10088693585743683,0.01802954881642405,0.0,0.021806687930898336,0.09494616584260801,8.0
2021-10-18,0.4614075127345257,0.00013842225382035771,momentum_crowding_convex,solved,1.0,1.0,-0.048593789032849576,-0.09804416220357864,0.01484480971563965,0.0,0.03460556345508942,0.08615337983979401,10.0
2021-10-25,0.5274533812229147,0.0001582360143668744,momentum_crowding_convex,solved,1.0,1.0,-0.017748922667073737,-0.07811250570968664,0.0208045794508943,0.0,0.03955900359171861,0.101991615956642,16.0
2021-11-01,0.3403273271225729,0.00010209819813677188,momentum_crowding_convex,solved,1.0,1.0,-0.052232530922498556,-0.09354948314203923,0.015792402685347713,0.0,0.025524549534192968,0.0888605724867551,6.0
2021-11-08,0.7554059527327704,0.00022662178581983112,momentum_crowding_convex,solved,1.0,1.0,-0.0038140203970272735,-0.07872380722830435,0.0182543403763193,0.0,0.05665544645495778,0.0955362244813958,11.0
2021-11-15,0.044038541938395084,1.3211562581518527e-05,momentum_crowding_convex,solved,1.0,1.0,-0.04535869105744105,-0.0670824217973799,0.01842084009455922,0.0,0.0033028906453796314,0.0959709333458814,3.0
2021-11-22,0.30000000000000127,9.000000000000039e-05,momentum_crowding_convex,solved,0.9999999999999999,1.0,-0.05706893226916965,-0.09044529846267944,0.010876366193509701,0.0,0.02250000000000009,0.07374403770309063,7.0
2021-11-29,0.6922613392910222,0.00020767840178730664,momentum_crowding_convex,solved,1.0,1.0,0.015746082749753247,-0.06075107605637007,0.02457755835929665,0.0,0.05191960044682666,0.1108547661566625,11.0
2021-12-06,0.6000000000000002,0.00018000000000000007,momentum_crowding_convex,solved,1.0,1.0,0.0009305697372617716,-0.06245632576591343,0.01838689550317519,0.0,0.04500000000000001,0.09588246842665031,8.0
2021-12-13,0.5145708301482477,0.0001543712490444743,momentum_crowding_convex,solved,1.0,1.0,-0.021182547599795903,-0.07867078617158949,0.018895426310675003,0.0,0.038592812261118575,0.09719934750469007,8.0
2021-12-20,0.5368894592921325,0.00016106683778763974,momentum_crowding_convex,solved,1.0,1.0,-0.03821541455231067,-0.09935279487810837,0.02087067087888777,0.0,0.04026670944690994,0.1021534896097235,11.0
2021-12-27,0.3305941127738569,9.917823383215707e-05,momentum_crowding_convex,solved,0.9999999999999999,1.0,-0.05595092695955564,-0.09333118063113631,0.012585695213541396,0.0,0.024794558458039268,0.07932747069439879,12.0
2022-01-04,0.7503977879020717,0.0002251193363706215,momentum_crowding_convex,solved,0.9999999999999999,1.0,-0.019802717034353656,-0.08778248129523454,0.01169993016822552,0.0,0.05627983409265537,0.07648506445125584,16.0
2022-01-10,0.49869778151153477,0.00014960933445346043,momentum_crowding_convex,solved,0.9999999999999999,1.0,-0.059147352770073366,-0.10576761893547415,0.009217932552035677,0.0,0.037402333613365105,0.0678893679158809,8.0
2022-01-17,0.2301779636131478,6.905338908394433e-05,momentum_crowding_convex,solved,1.0,1.0,-0.07925417868399351,-0.10602108621615573,0.009503560261176129,0.0,0.01726334727098609,0.0689331569753487,5.0
2022-01-24,0.2416775256270752,7.250325768812256e-05,momentum_crowding_convex,solved,1.0,1.0,-0.07742049660751733,-0.10660376310371876,0.011057452074170792,0.0,0.01812581442203064,0.07435540355001374,7.0
2022-02-07,0.05832247437292891,1.7496742311878673e-05,momentum_crowding_convex,solved,1.0,1.0,-0.08823483584656178,-0.10323252742879803,0.010623506004266576,0.0,0.004374185577969668,0.07288177414232785,4.0
2022-02-14,1.89511506527704e-31,5.685345195831121e-35,momentum_crowding_convex,solved,1.0,1.0,-0.060428785767980046,-0.07374674758137766,0.01331796181339761,0.0,1.42133629895778e-32,0.0816025790444077,1.0
2022-02-21,0.521707980873906,0.0001565123942621718,momentum_crowding_convex,solved,1.0,1.0,-0.051727998773276364,-0.09999478891415532,0.00913869157533601,0.0,0.03912809856554295,0.06759693622989141,19.0
2022-02-28,0.3141879979807908,9.425639939423723e-05,momentum_crowding_convex,solved,1.0,1.0,-0.03845626785645624,-0.07204049635158337,0.01002012864656782,0.0,0.023564099848559308,0.07078180785543635,15.0
2022-03-07,0.6136913115159748,0.00018410739345479243,momentum_crowding_convex,solved,0.9999999999999999,1.0,-0.010621425200156513,-0.07044951685336731,0.013801243289512691,0.0,0.04602684836369811,0.0830699804066207,10.0
2022-03-14,0.6141643338172451,0.00018424930014517354,momentum_crowding_convex,solved,0.9999999999999999,1.0,-0.05563959107296559,-0.11145100474559445,0.009749088636335472,0.0,0.04606232503629339,0.06981793693720645,12.0
2022-03-21,0.3578800430569643,0.00010736401291708928,momentum_crowding_convex,solved,1.0,1.0,-0.056219696383990755,-0.09399916129608073,0.010938461682817648,0.0,0.026841003229272322,0.07395424829858542,10.0
2022-03-28,0.22440166451299473,6.732049935389843e-05,momentum_crowding_convex,solved,1.0,1.0,-0.045906213937216694,-0.07526552297703873,0.012529184201347436,0.0,0.0168301248384746,0.07914917624760044,6.0
2022-04-06,0.3452293483397642,0.00010356880450192926,momentum_crowding_convex,solved,0.9999999999999999,1.0,-0.03830272182795301,-0.07894888516082069,0.014753962207385353,0.0,0.02589220112548232,0.08588935384372545,8.0
2022-04-11,0.47209259327471614,0.00014162777798241484,momentum_crowding_convex,solved,1.0,1.0,-0.03512938252867204,-0.08016409324455684,0.009627766220281093,0.0,0.03540694449560371,0.06938215267733155,12.0
2022-04-18,0.23278910199682665,6.983673059904799e-05,momentum_crowding_convex,solved,0.9999999999999999,1.0,-0.02294777956678975,-0.051466956963998306,0.01105999474744656,0.0,0.017459182649761998,0.07436395211205009,14.0
2022-04-25,0.21941323811136393,6.582397143340917e-05,momentum_crowding_convex,solved,1.0,1.0,-0.08379166784296115,-0.11150637380072104,0.0112587130994076,0.0,0.016455992858352295,0.0750290380433056,11.0
2022-05-05,0.14750448315827236,4.4251344947481705e-05,momentum_crowding_convex,solved,1.0,1.0,-0.07492211901081224,-0.09673286324761148,0.010747907999928806,0.0,0.011062836236870427,0.07330725748494758,9.0
2022-05-09,0.589955576260465,0.0001769866728781395,momentum_crowding_convex,solved,1.0,1.0,-0.020010513440682533,-0.0873900279250936,0.023132846264876196,0.0,0.04424666821953487,0.10754730648620679,11.0
2022-05-16,0.4894265033626682,0.00014682795100880047,momentum_crowding_convex,solved,0.9999999999999999,1.0,-0.03891390953045095,-0.09098715662697696,0.015366259344325901,0.0,0.03670698775220011,0.08765346354915447,12.0
2022-05-23,0.1270678688234422,3.812036064703266e-05,momentum_crowding_convex,solved,1.0,1.0,-0.011959152572008113,-0.03686550233245199,0.015376259598685717,0.0,0.009530090161758162,0.08768198104139105,7.0
2022-05-30,0.44811475518731786,0.00013443442655619535,momentum_crowding_convex,solved,1.0000000000000002,1.0,-0.012960940490941118,-0.07013384471433644,0.02356429758434647,0.0,0.03360860663904885,0.10854560696856061,10.0
2022-06-06,0.2999999999999997,8.999999999999991e-05,momentum_crowding_convex,solved,1.0,1.0,0.023154119083852318,-0.03804433333245554,0.03869845241630789,0.0,0.022499999999999968,0.13910149606727437,10.0
2022-06-13,0.5318315282256253,0.00015954945846768757,momentum_crowding_convex,solved,1.0,1.0,0.0350673924325372,-0.05211329300714536,0.047293320822760665,0.0,0.0398873646169219,0.15377470666979123,13.0
2022-06-20,0.4158980686274014,0.00012476942058822042,momentum_crowding_convex,solved,1.0,1.0,8.327111546996627e-05,-0.06909174099405169,0.03798265696246654,0.0,0.031192355147055113,0.13780902902652375,10.0
2022-06-27,0.3419122425539643,0.0001025736727661893,momentum_crowding_convex,solved,1.0,1.0,-0.0031681447793595885,-0.08132630665349026,0.052514743682583354,0.0,0.02564341819154732,0.16204126585932263,17.0
2022-07-04,0.26562798740679183,7.968839622203755e-05,momentum_crowding_convex,solved,1.0,1.0,0.010226259273613786,-0.05222382173677063,0.042527981954875026,0.0,0.019922099055509387,0.1458217781315175,4.0
2022-07-11,0.3000000000000017,9.000000000000051e-05,momentum_crowding_convex,solved,0.9999999999999999,1.0,0.006474342657639496,-0.050274684905590415,0.034249027563229784,0.0,0.022500000000000128,0.13086066552488143,7.0
2022-07-18,0.4175107312562252,0.00012525321937686756,momentum_crowding_convex,solved,1.0,1.0,-0.04108710796048371,-0.09298606158266566,0.020585648777965065,0.0,0.031313304844216884,0.10145355779361576,14.0
2022-07-25,1.0351279698494797,0.0003105383909548439,momentum_crowding_convex,solved,0.9999999999999999,1.0,0.011658166643385079,-0.09672513419880426,0.030748703103478353,0.0,0.07763459773871098,0.1239933528530428,12.0
2022-08-01,0.13265670397190685,3.9797011191572055e-05,momentum_crowding_convex,solved,0.9999999999999999,1.0,-0.016378672906519662,-0.05628039860327323,0.02995247289886056,0.0,0.009949252797893013,0.1223774343963391,10.0
2022-08-08,0.2317775987783802,6.953327963351406e-05,momentum_crowding_convex,solved,0.9999999999999999,1.0,-0.062247171635670846,-0.10432961606065268,0.02469912451660332,0.0,0.017383319908378513,0.11112858434400062,5.0
2022-08-15,0.6248512186142666,0.00018745536558427997,momentum_crowding_convex,solved,1.0,1.0,0.021349070261336846,-0.06597099887445547,0.04045622773972232,0.0,0.04686384139606999,0.14222557389534823,10.0
2022-08-22,0.7935036516035455,0.00023805109548106365,momentum_crowding_convex,solved,1.0,1.0,-0.007050224037646859,-0.11196045196668959,0.04539745405877682,0.0,0.05951277387026591,0.15066096717261712,9.0
2022-08-29,0.2589446122062198,7.768338366186593e-05,momentum_crowding_convex,solved,0.9999999999999999,1.0,-0.03386515841804079,-0.09889152300466088,0.0456055186711536,0.0,0.019420845915466483,0.15100582550212027,9.0
2022-09-05,1.0193332310172214,0.0003057999693051664,momentum_crowding_convex,solved,1.0,1.0,0.0015095517558605664,-0.08707354227262987,0.012133101702198848,0.0,0.07644999232629159,0.07788806616612987,14.0
2022-09-13,0.5000000000000009,0.00015000000000000026,momentum_crowding_convex,solved,1.0,1.0,-0.031085012022188205,-0.08000395856250955,0.011418946540321297,0.0,0.03750000000000005,0.07556105657123019,9.0
2022-09-19,0.13324384113206697,3.997315233962009e-05,momentum_crowding_convex,solved,1.0,1.0,-0.048502488869048004,-0.0671800084272804,0.008684231473327374,0.0,0.009993288084905025,0.06589473223759003,3.0
2022-09-26,3.8857805861880573e-16,1.1657341758564172e-19,momentum_crowding_convex,solved,1.0,1.0,-0.09360672389018197,-0.10225680373169903,0.008650079841517028,0.0,2.914335439641042e-17,0.0657650357010358,1.0
2022-10-10,3.8857805861880484e-16,1.1657341758564145e-19,momentum_crowding_convex,solved,1.0,1.0,-0.08389648515636045,-0.09255515994226972,0.008658674785909242,0.0,2.914335439641036e-17,0.06579770051418682,1.0
2022-10-17,0.21106249141871117,6.331874742561335e-05,momentum_crowding_convex,solved,1.0000000000000002,1.0,-0.05717901843204523,-0.08380750890606817,0.010798803617619607,0.0,0.015829686856403336,0.0734806219952567,8.0
2022-10-24,0.30081212055083956,9.024363616525186e-05,momentum_crowding_convex,solved,1.0,1.0,-0.029184772674271237,-0.06502449367147094,0.013278811955886736,0.0,0.022560909041312967,0.0814825501438398,12.0
2022-10-31,0.13778913250776914,4.133673975233074e-05,momentum_crowding_convex,solved,1.0,1.0,-0.023487520678307054,-0.046685846916248074,0.012864141299858332,0.0,0.010334184938082686,0.08020019108411879,7.0
2022-11-07,0.5689757169331852,0.00017069271507995555,momentum_crowding_convex,solved,1.0000000000000002,1.0,0.017650656528081184,-0.044781680927107145,0.019759158685199445,0.0,0.042673178769988884,0.09939607307434094,17.0
2022-11-14,0.7406260531598893,0.0002221878159479668,momentum_crowding_convex,solved,1.0,1.0,-0.018550595371090967,-0.10476075958950815,0.03066321023142549,0.0,0.05554695398699169,0.1238208589685629,10.0
2022-11-21,0.09616327872859069,2.8848983618577205e-05,momentum_crowding_convex,solved,1.0,1.0,-0.0198204283016915,-0.060538990398584985,0.03350631619224918,0.0,0.007212245904644301,0.12943399127016283,5.0
2022-11-28,0.5732767712081882,0.00017198303136245645,momentum_crowding_convex,solved,1.0,1.0,-0.038310610221032285,-0.11277183463307898,0.03146546657143257,0.0,0.042995757840614116,0.12543019287921184,9.0
2022-12-05,0.6000000000000004,0.00018000000000000012,momentum_crowding_convex,solved,1.0,1.0,0.005576493560312527,-0.07171904342698347,0.03229553698729597,0.0,0.04500000000000003,0.12707387022377176,6.0
2022-12-12,0.403836721271412,0.00012115101638142361,momentum_crowding_convex,solved,1.0,1.0,-0.028025871378757953,-0.09571676293943124,0.037403137465317385,0.0,0.0302877540953559,0.1367536790461547,12.0
2022-12-19,0.6040643884371348,0.00018121931653114045,momentum_crowding_convex,solved,1.0,1.0,-0.026716752606448436,-0.10252123627728311,0.03049965453804956,0.0,0.045304829132785114,0.1234901909830282,9.0
2022-12-26,0.1349872083933458,4.049616251800374e-05,momentum_crowding_convex,solved,1.0,1.0,-0.08902081975471611,-0.12374490689982656,0.024600046515609507,0.0,0.010124040629500937,0.11090546991832619,7.0
2023-01-03,0.37091322751614225,0.00011127396825484268,momentum_crowding_convex,solved,1.0,1.0,-0.025750512871183934,-0.06812685602900043,0.014557851094105822,0.0,0.02781849206371067,0.08531661940708217,13.0
2023-01-09,0.5162999131226351,0.00015488997393679052,momentum_crowding_convex,solved,1.0,1.0,-0.011287076169543615,-0.0696099844509073,0.019600414797166055,0.0,0.03872249348419763,0.09899599688160642,12.0
2023-01-16,0.7219642269727446,0.00021658926809182342,momentum_crowding_convex,solved,1.0,1.0,-0.022123229763171916,-0.10383173595670434,0.027561189170576567,0.0,0.05414731702295585,0.11739077725821685,16.0
2023-01-30,0.1743472038532511,5.230416115597532e-05,momentum_crowding_convex,solved,1.0000000000000002,1.0,-0.017614732753359008,-0.06337452612427585,0.03268375308192301,0.0,0.013076040288993831,0.12783534934031943,11.0
2023-02-06,0.830014050281935,0.0002490042150845805,momentum_crowding_convex,solved,1.0,1.0,0.001873682951179019,-0.106380355491589,0.0460029846716229,0.0,0.06225105377114512,0.1516624288866938,14.0
2023-02-13,0.7353115451478209,0.0002205934635443463,momentum_crowding_convex,solved,1.0,1.0,0.005008057142976814,-0.09751131842743656,0.0473710096843268,0.0,0.05514836588608657,0.15390095789878439,15.0
2023-02-20,0.6714188296384985,0.00020142564889154957,momentum_crowding_convex,solved,1.0,1.0,-0.04632101550344404,-0.12103924522235951,0.024361817496028088,0.0,0.050356412222887385,0.1103671542987951,11.0
2023-02-27,0.562598976818219,0.0001687796930454657,momentum_crowding_convex,solved,1.0,1.0,-0.02424346301872539,-0.08183309207047505,0.01539470579038324,0.0,0.042194923261366424,0.08773455929787087,8.0
2023-03-06,0.30000000000000115,9.000000000000034e-05,momentum_crowding_convex,solved,1.0,1.0,-0.032137173720524825,-0.0637349514342161,0.009097777713691189,0.0,0.022500000000000086,0.06744545097221602,10.0
2023-03-13,0.38672300614521,0.00011601690184356299,momentum_crowding_convex,solved,0.9999999999999999,1.0,-0.06958477630797785,-0.1070024005621567,0.008413398793288094,0.0,0.029004225460890747,0.06485907335634736,12.0
2023-03-20,0.4754371533716932,0.00014263114601150795,momentum_crowding_convex,solved,1.0,1.0,-0.07341534911829922,-0.11566228069242508,0.006589145071248871,0.0,0.03565778650287699,0.0573983670118274,10.0
2023-03-27,0.5313146556199861,0.00015939439668599583,momentum_crowding_convex,solved,1.0,1.0,-0.01778052769440458,-0.07062094942725675,0.012991822561353207,0.0,0.03984859917149896,0.08059721633329903,10.0
2023-04-03,0.7144304832738246,0.00021432914498214738,momentum_crowding_convex,solved,1.0,1.0,-0.04553789324065896,-0.11547853367207155,0.01635835418587573,0.0,0.05358228624553685,0.09043880302689696,12.0
2023-04-10,0.6616306044568123,0.0001984891813370437,momentum_crowding_convex,solved,1.0,1.0,-0.00044468845284981184,-0.0710229661182802,0.02095598233116946,0.0,0.04962229533426092,0.10236205920938056,24.0
2023-04-17,0.30825267125817835,9.24758013774535e-05,momentum_crowding_convex,solved,1.0,1.0,-0.04871536986059592,-0.08849916550043727,0.01666484529547797,0.0,0.023118950344363374,0.09128210475081622,7.0
2023-04-24,0.30127282327658256,9.038184698297476e-05,momentum_crowding_convex,solved,1.0,1.0,-0.025402841287705865,-0.06941395268939501,0.02141564965594546,0.0,0.02259546174574369,0.10347862014915318,11.0
2023-05-04,0.8695773152020173,0.00026087319456060516,momentum_crowding_convex,solved,1.0,1.0,-0.04909499628971009,-0.1277292347989748,0.013415939869113403,0.0,0.0652182986401513,0.08190219737318835,12.0
2023-05-08,0.3000000000000008,9.000000000000025e-05,momentum_crowding_convex,solved,1.0,1.0,-0.055335979086752,-0.08843252747243927,0.010596548385687196,0.0,0.02250000000000006,0.07278924503553803,7.0
2023-05-15,0.3000000000000014,9.000000000000041e-05,momentum_crowding_convex,solved,1.0,1.0,-0.06640128640600489,-0.09757953573591577,0.008678249329910775,0.0,0.022500000000000103,0.06587203249449183,4.0
2023-05-22,0.37442361445813305,0.00011232708433743992,momentum_crowding_convex,solved,1.0,1.0,-0.07125751733265352,-0.10995861226524492,0.010619323848231409,0.0,0.02808177108435998,0.07286742704470706,6.0
2023-05-29,0.6000000000000005,0.00018000000000000015,momentum_crowding_convex,solved,1.0,1.0,-0.05888610899907984,-0.11459915345290843,0.01071304445382855,0.0,0.04500000000000004,0.07318826563674176,5.0
2023-06-05,0.2721413611858492,8.164240835575476e-05,momentum_crowding_convex,solved,1.0,1.0,-0.06040408947625457,-0.0901109222768632,0.009296230711669936,0.0,0.02041060208893869,0.06817708820296572,10.0
2023-06-12,0.42743698410801617,0.00012823109523240486,momentum_crowding_convex,solved,1.0,1.0,-0.02135927631190268,-0.0639033834812517,0.01048633336124781,0.0,0.03205777380810121,0.07240971399352372,8.0
2023-06-19,0.4552956229221683,0.0001365886868766505,momentum_crowding_convex,solved,1.0,1.0,-0.020233360268978463,-0.07187192712749417,0.017491395139353084,0.0,0.03414717171916262,0.0935184343842247,13.0
2023-06-26,0.9376569909741888,0.0002812970972922566,momentum_crowding_convex,solved,0.9999999999999999,1.0,-0.003722153484233409,-0.09493806813132083,0.020891640324023276,0.0,0.07032427432306415,0.10220479520067362,12.0
2023-07-03,0.846242122208157,0.0002538726366624471,momentum_crowding_convex,solved,1.0,1.0,-0.04040472924707127,-0.1217278835298236,0.01785499511714056,0.0,0.06346815916561177,0.0944854356955096,14.0
2023-07-10,0.3000000000000005,9.000000000000014e-05,momentum_crowding_convex,solved,1.0,1.0,-0.06739514206755863,-0.11364591595233971,0.023750773884781036,0.0,0.022500000000000037,0.108974248987504,5.0
2023-07-17,0.38239592899480734,0.0001147187786984422,momentum_crowding_convex,solved,1.0,1.0,-0.04076521631577815,-0.09438410130621629,0.024939190315827586,0.0,0.02867969467461055,0.11166734150105748,9.0
2023-07-24,0.2117956110417426,6.353868331252278e-05,momentum_crowding_convex,solved,1.0,1.0,-0.060976863657473845,-0.09834151721900848,0.021479982733403943,0.0,0.015884670828130696,0.10363392961140658,9.0
2023-07-31,0.37693370779639995,0.00011308011233892,momentum_crowding_convex,solved,1.0,1.0,-0.04697910256308833,-0.10726555092576603,0.03201642027794771,0.0,0.028270028084729996,0.1265235556683966,11.0
2023-08-07,0.7610629621983913,0.00022831888865951742,momentum_crowding_convex,solved,1.0,1.0,-0.02055940504348007,-0.1100891451975643,0.032450017989204875,0.0,0.057079722164879346,0.12737742733546803,7.0
2023-08-14,0.23799666999479047,7.139900099843714e-05,momentum_crowding_convex,solved,1.0000000000000002,1.0,-0.04549897865344703,-0.09449467207611828,0.03114594317306196,0.0,0.017849750249609286,0.12479171281191304,8.0
2023-08-21,0.8999999999999994,0.0002699999999999998,momentum_crowding_convex,solved,1.0,1.0,-0.0348465434909173,-0.11113155659332646,0.008785013102409209,0.0,0.06749999999999995,0.06627598774220271,7.0
2023-08-28,0.2620033300052119,7.860099900156357e-05,momentum_crowding_convex,solved,1.0,1.0,-0.0747596579440353,-0.1006066461194037,0.006196738424977503,0.0,0.019650249750390893,0.05566299679759213,4.0
2023-09-04,0.8999999999999996,0.0002699999999999999,momentum_crowding_convex,solved,1.0,1.0,-0.016691421488483488,-0.09746163784300793,0.013270216354524486,0.0,0.06749999999999996,0.08145617335268238,9.0
2023-09-11,3.95516952522713e-16,1.186550857568139e-19,momentum_crowding_convex,solved,0.9999999999999999,1.0,-0.1036921337322622,-0.11559422301864024,0.011902089286378014,0.0,2.966377143920347e-17,0.07714301422156777,1.0
2023-09-18,0.3000000000000012,9.000000000000037e-05,momentum_crowding_convex,solved,1.0,1.0,-0.07948349315248548,-0.11321093727519359,0.011227444122708015,0.0,0.02250000000000009,0.07492477601804365,8.0
2023-09-25,0.6139925783298765,0.00018419777349896294,momentum_crowding_convex,solved,1.0,1.0,-0.06560935839041782,-0.1184951413104719,0.006836339545313341,0.0,0.04604944337474074,0.058465115861141254,12.0
2023-10-09,0.7530860801251004,0.0002259258240375301,momentum_crowding_convex,solved,0.9999999999999999,1.0,-0.0352894196087786,-0.09610793574170053,0.004337060123539406,0.0,0.05648145600938252,0.04656747858505658,12.0
2023-10-16,0.221475514523889,6.64426543571667e-05,momentum_crowding_convex,solved,1.0,1.0,-0.06711144866993249,-0.08853631934318332,0.004814207083959149,0.0,0.016610663589291676,0.049062241509938924,8.0
2023-10-23,0.7640458710122565,0.00022921376130367698,momentum_crowding_convex,solved,1.0,1.0,-0.0429446884440773,-0.1045615522505146,0.004313423480518064,0.0,0.05730344032591923,0.046440410638354954,15.0
2023-10-30,0.057429643511633245,1.7228893053489973e-05,momentum_crowding_convex,solved,1.0,1.0,-0.07695704890121974,-0.08583486007990095,0.004570587915308718,0.0,0.004307223263372493,0.04780474827519081,7.0
2023-11-06,0.5999999999999998,0.00017999999999999993,momentum_crowding_convex,solved,0.9999999999999999,1.0,-0.04926425032888273,-0.10408299815894392,0.009818747830061215,0.0,0.04499999999999998,0.07006692454382886,7.0
2023-11-13,0.6000000000000009,0.00018000000000000026,momentum_crowding_convex,solved,1.0,1.0,-0.03743107675959619,-0.10294780991241136,0.020516733152815103,0.0,0.04500000000000006,0.10128359480393433,8.0
2023-11-20,0.49999999999999944,0.00014999999999999982,momentum_crowding_convex,solved,1.0,1.0,-0.04721658390765881,-0.10474024792463585,0.020023664016977086,0.0,0.03749999999999996,0.1000591425532347,8.0
2023-11-27,0.6754237603416599,0.00020262712810249797,momentum_crowding_convex,solved,1.0,1.0,-0.04657987264065218,-0.11903836615627925,0.021801711490002585,0.0,0.050656782025624486,0.1044071632839495,11.0
2023-12-04,0.37542376034165953,0.00011262712810249787,momentum_crowding_convex,solved,1.0,1.0,-0.05368100391173017,-0.10052890177772562,0.018691115840370993,0.0,0.028156782025624463,0.09667242585238821,7.0
2023-12-11,0.5160288205409854,0.00015480864616229564,momentum_crowding_convex,solved,1.0,1.0,-0.06208041021093777,-0.11499950631392428,0.014216934562412605,0.0,0.038702161540573904,0.08431172683088814,9.0
2023-12-18,0.056495017926523165,1.694850537795695e-05,momentum_crowding_convex,solved,1.0,1.0,-0.07571167627077632,-0.095637080179552,0.015688277564286437,0.0,0.004237126344489237,0.08856714279089746,5.0
2023-12-25,0.3474749037297529,0.00010424247111892589,momentum_crowding_convex,solved,1.0000000000000002,1.0,-0.05936096342740295,-0.09637306054590623,0.01095147933877182,0.0,0.026060617779731468,0.07399824098845803,11.0
2024-01-02,0.4228986640714112,0.00012686959922142337,momentum_crowding_convex,solved,1.0,1.0,-0.038534110389671146,-0.08332687803918835,0.013075367844161367,0.0,0.03171739980535584,0.08085594549617661,8.0
2024-01-08,0.8090201141967683,0.0002427060342590305,momentum_crowding_convex,solved,0.9999999999999999,1.0,-0.040047476476069974,-0.10390037711348502,0.0031763920726574275,0.0,0.06067650856475762,0.03985217730976206,9.0
2024-01-15,5.065392549852285e-16,1.5196177649556854e-19,momentum_crowding_convex,solved,0.9999999999999999,1.0,-0.0783668570951582,-0.08149503371721027,0.0031281766220520287,0.0,3.7990444123892135e-17,0.03954855637094753,1.0
2024-01-22,4.66076239440547e-16,1.398228718321641e-19,momentum_crowding_convex,solved,0.9999999999999999,1.0,-0.11152324773485532,-0.11464746128938447,0.003124213554529097,0.0,3.495571795804102e-17,0.039523496521240986,1.0
2024-01-29,0.038927484612399796,1.167824538371994e-05,momentum_crowding_convex,solved,1.0,1.0,-0.08102317233196783,-0.0874789852685133,0.0035362515906154925,0.0,0.0029195613459299845,0.0420490879248022,6.0
2024-02-05,3.3306690738754657e-16,9.992007221626397e-20,momentum_crowding_convex,solved,1.0,1.0,-0.09389038310229655,-0.09742683233202204,0.0035364492297254514,0.0,2.4980018054065992e-17,0.04205026295830652,1.0
2024-02-19,0.5520524011908352,0.00016561572035725055,momentum_crowding_convex,solved,1.0,1.0,-0.04905694140232159,-0.0978713969345768,0.007410525442942575,0.0,0.04140393008931264,0.06087086923538457,9.0
2024-02-26,0.8999999999999988,0.0002699999999999997,momentum_crowding_convex,solved,1.0,1.0,-0.005169134371238157,-0.09332122135548214,0.02065208698424407,0.0,0.06749999999999991,0.10161714172383533,11.0
2024-03-04,0.5647605986639344,0.0001694281795991803,momentum_crowding_convex,solved,1.0,1.0,-7.99316754766799e-06,-0.07408747267048965,0.03172243460314691,0.0,0.042357044899795075,0.12594132483650256,5.0
2024-03-11,0.09371267008043435,2.8113801024130303e-05,momentum_crowding_convex,solved,1.0,1.0,-0.04758059708183977,-0.08754260091961563,0.03293355358174328,0.0,0.0070284502560325765,0.1283229394569484,4.0
2024-03-18,0.5480661626691201,0.00016441984880073604,momentum_crowding_convex,solved,1.0,1.0,0.012250627302477717,-0.06918848521110439,0.0403341503133981,0.0,0.04110496220018401,0.1420108276037396,12.0
2024-03-25,0.3661760822382939,0.00010985282467148818,momentum_crowding_convex,solved,0.9999999999999999,1.0,-0.02214102293828434,-0.08180804456992667,0.03220381546377029,0.0,0.027463206167872043,0.12689329269857075,13.0
2024-04-01,1.010168908941673,0.0003030506726825019,momentum_crowding_convex,solved,1.0,1.0,-0.031382393234694925,-0.11788875706764643,0.010743695662326023,0.0,0.07576266817062548,0.07329289072729368,12.0
2024-04-08,0.3906327034741345,0.00011718981104224033,momentum_crowding_convex,solved,1.0,1.0,-0.052373826220692116,-0.09646474426287294,0.014793465281620725,0.0,0.029297452760560085,0.08600425943411386,10.0
2024-04-15,0.7742179272080416,0.0002322653781624125,momentum_crowding_convex,solved,1.0,1.0,-0.043065265571051094,-0.11219261485476748,0.011061004743113266,0.0,0.05806634454060312,0.0743673474823234,12.0
2024-04-22,0.5862531147748242,0.00017587593443244728,momentum_crowding_convex,solved,1.0,1.0,-0.09302037433258946,-0.14797181731309855,0.010982459372397287,0.0,0.043968983608111814,0.07410283183656778,8.0
2024-04-29,0.5603653326530333,0.00016810959979591001,momentum_crowding_convex,solved,0.9999999999999999,1.0,-0.03040623226110896,-0.08441514595307194,0.011981513742985476,0.0,0.0420273999489775,0.07739997979000213,10.0
2024-05-06,0.3000000000000023,9.00000000000007e-05,momentum_crowding_convex,solved,1.0,1.0,-0.01955544437264381,-0.06029578415463811,0.018240339781994134,0.0,0.022500000000000173,0.09549958058021546,5.0
2024-05-13,0.34312508266611574,0.00010293752479983471,momentum_crowding_convex,solved,1.0,1.0,-0.03706136468595381,-0.08623178948548364,0.023436043599571164,0.0,0.02573438119995868,0.10824981200808426,9.0
2024-05-20,0.7431250826661133,0.00022293752479983403,momentum_crowding_convex,solved,1.0,1.0,-0.06438171076142807,-0.13290593178206572,0.012789839820679163,0.0,0.0557343811999585,0.07996824313650751,6.0
2024-05-27,0.30000000000000077,9.000000000000024e-05,momentum_crowding_convex,solved,1.0,1.0,-0.038787470578881406,-0.07121848934479803,0.009931018765916566,0.0,0.022500000000000058,0.07046637058170573,10.0
2024-06-03,0.9316793100938353,0.0002795037930281506,momentum_crowding_convex,solved,1.0,1.0,-0.05526355248933164,-0.13877707950600882,0.013637578759639522,0.0,0.06987594825703765,0.08257596127093987,11.0
2024-06-11,0.8544463920857595,0.0002563339176257278,momentum_crowding_convex,solved,1.0,1.0,-0.03563995399372859,-0.1141225616035956,0.01439912820343505,0.0,0.06408347940643196,0.08485024514824648,12.0
2024-06-17,0.22551027625012904,6.765308287503871e-05,momentum_crowding_convex,solved,1.0,1.0,-0.08570208278521546,-0.1204107951952689,0.017795441691293754,0.0,0.016913270718759678,0.09432773105321084,12.0
2024-06-24,0.30000000000000077,9.000000000000024e-05,momentum_crowding_convex,solved,1.0,1.0,-0.06251214739523113,-0.09830592647230926,0.01329377907707807,0.0,0.022500000000000058,0.08152845845800738,14.0
2024-07-01,0.19178597328037728,5.753579198411318e-05,momentum_crowding_convex,solved,1.0000000000000002,1.0,-0.09885439464640164,-0.122608630061644,0.00937028741921407,0.0,0.014383947996028296,0.0684481096131006,7.0
2024-07-08,0.032658002082990384,9.797400624897116e-06,momentum_crowding_convex,solved,0.9999999999999999,1.0,-0.08049739127995048,-0.09210080495995776,0.009154063523783,0.0,0.0024493501562242786,0.06765376384127864,3.0
2024-07-15,0.45151890649697285,0.00013545567194909184,momentum_crowding_convex,solved,1.0,1.0,-0.042061468291785475,-0.092965145688051,0.017039759408992564,0.0,0.033863917987272965,0.09230319444361762,11.0
2024-07-22,0.8669436022153452,0.00026008308066460356,momentum_crowding_convex,solved,1.0,1.0,-0.030145652490434355,-0.10347785655021058,0.008311433893625332,0.0,0.06502077016615089,0.06446485047537663,15.0
2024-07-29,0.6376208733465091,0.00019128626200395272,momentum_crowding_convex,solved,1.0,1.0,-0.02877586967060268,-0.08493881240867009,0.008341377237079228,0.0,0.04782156550098818,0.06458086882769241,19.0
2024-08-05,0.575492151069085,0.00017264764532072552,momentum_crowding_convex,solved,1.0,1.0,-0.015150172984197165,-0.0833801631847981,0.025068078870419563,0.0,0.04316191133018137,0.11195552436217598,11.0
2024-08-12,0.45166269372844314,0.00013549880811853293,momentum_crowding_convex,solved,1.0,1.0,-0.05563697453700668,-0.10391712499787154,0.014405448431231614,0.0,0.03387470202963323,0.08486886481870608,11.0
2024-08-19,0.1953848776512807,5.861546329538421e-05,momentum_crowding_convex,solved,1.0000000000000002,1.0,-0.07345931850128776,-0.0988470698711761,0.010733885546042292,0.0,0.014653865823846052,0.07325942105300277,7.0
2024-08-26,0.5882782499010555,0.00017648347497031664,momentum_crowding_convex,solved,1.0,1.0,-0.05651303630764799,-0.11154079998207635,0.010906894931849195,0.0,0.04412086874257916,0.07384746079537602,13.0
2024-09-02,0.31172175009894687,9.351652502968407e-05,momentum_crowding_convex,solved,1.0,1.0,-0.06442681727375053,-0.1010626594607892,0.013256710929617657,0.0,0.023379131257421016,0.08141471282765068,5.0
2024-09-09,0.4836631275523345,0.00014509893826570035,momentum_crowding_convex,solved,1.0,1.0,-0.044394064431980206,-0.09172704427109109,0.011058245272685804,0.0,0.03627473456642508,0.07435807041836752,8.0
2024-09-18,2.844789572646923e-16,8.534368717940768e-20,momentum_crowding_convex,solved,1.0,1.0,-0.08074143761853214,-0.0913570769443746,0.010615639325842427,0.0,2.133592179485192e-17,0.07285478476339913,1.0
2024-09-23,3.3306690738754607e-16,9.992007221626381e-20,momentum_crowding_convex,solved,1.0,1.0,-0.06990819262959953,-0.08011482753225874,0.010206634902659174,0.0,2.4980018054065955e-17,0.0714375073146424,1.0
2024-09-30,0.6000000000000002,0.00018000000000000007,momentum_crowding_convex,solved,1.0,1.0,0.014006634678527703,-0.0598522790725215,0.028858913751049188,0.0,0.04500000000000001,0.1201226742772762,9.0
2024-10-08,2.545637539725417e-16,7.636912619176251e-20,momentum_crowding_convex,solved,1.0,1.0,0.00038201100770811174,-0.03717375514352642,0.037555766151234515,0.0,1.9092281547940627e-17,0.1370324161489436,1.0
2024-10-14,0.21506115224883532,6.45183456746506e-05,momentum_crowding_convex,solved,1.0,1.0,0.07010877757384748,-0.003633917026818999,0.057613108182003825,0.0,0.016129586418662648,0.16972493656207951,11.0
2024-10-21,1.2544677664411845,0.0003763403299323554,momentum_crowding_convex,solved,1.0,1.0,0.003087286987164803,-0.1184069975748449,0.02740920207892086,0.0,0.09408508248308883,0.1170666521237386,13.0
2024-10-28,0.21083345515446658,6.325003654633998e-05,momentum_crowding_convex,solved,1.0,1.0,0.06464668994701642,0.01486104980380122,0.03397313100663021,0.0,0.015812509136584992,0.1303325189786306,11.0
2024-11-04,0.4010100943836937,0.00012030302831510813,momentum_crowding_convex,solved,1.0,1.0,0.007688114065665448,-0.06664770777640512,0.04426006476329354,0.0,0.030075757078777028,0.14876166301049062,11.0
2024-11-11,0.04723933925175017,1.417180177552505e-05,momentum_crowding_convex,solved,1.0,1.0,0.03821115202088505,-0.014665657374298263,0.04933385895130205,0.0,0.0035429504438812625,0.1570570898611426,3.0
2024-11-18,0.9968832896515164,0.00029906498689545493,momentum_crowding_convex,solved,1.0,1.0,-0.021000023981684754,-0.12053662809618347,0.024770357390634986,0.0,0.07476624672386373,0.11128871773597489,8.0
2024-11-25,0.5841766320060695,0.00017525298960182085,momentum_crowding_convex,solved,1.0,1.0,-0.023035612653523344,-0.08516226460263196,0.0183134045486534,0.0,0.04381324740045521,0.09569065928462767,12.0
2024-12-02,0.28643691470265875,8.593107441079762e-05,momentum_crowding_convex,solved,0.9999999999999999,1.0,-0.0985925073200585,-0.137048921817682,0.016973645894924082,0.0,0.021482768602699407,0.09212395425437425,3.0
2024-12-09,0.8135630852973434,0.000244068925589203,momentum_crowding_convex,solved,1.0000000000000002,1.0,-0.018024161557799484,-0.11075623667107969,0.031714843715979456,0.0,0.06101723139730075,0.12592625563396112,12.0
2024-12-16,0.864118686531912,0.0002592356059595736,momentum_crowding_convex,solved,1.0,1.0,-0.004599805337981849,-0.1071201172211301,0.03771141039325485,0.0,0.0648089014898934,0.13731607770624468,14.0
2024-12-23,0.32282171657001557,9.684651497100467e-05,momentum_crowding_convex,solved,1.0,1.0,-0.031449859784404635,-0.07769703218326293,0.022035543656107135,0.0,0.02421162874275117,0.1049655744901802,11.0
2024-12-30,0.22747043010837054,6.824112903251116e-05,momentum_crowding_convex,solved,1.0,1.0,-0.03512306213209923,-0.07693116670201067,0.02474782231178365,0.0,0.01706028225812779,0.111238083208458,13.0
2025-01-06,0.27060464937965345,8.118139481389603e-05,momentum_crowding_convex,solved,1.0,1.0,-0.06938553348414685,-0.10647655678082099,0.01679567459320014,0.0,0.02029534870347401,0.09163971462526534,8.0
2025-01-13,0.2999999999999994,8.999999999999982e-05,momentum_crowding_convex,solved,1.0,1.0,-0.05969048737457264,-0.10108118421372124,0.01889069683914865,0.0,0.022499999999999954,0.09718718238314313,7.0
2025-01-20,0.7856764236534435,0.00023570292709603304,momentum_crowding_convex,solved,0.9999999999999999,1.0,-0.036728077750910956,-0.11044844952035991,0.0147946399954407,0.0,0.058925731774008255,0.08600767406295994,10.0
2025-01-27,0.1761376919469655,5.2841307584089645e-05,momentum_crowding_convex,solved,1.0,1.0,-0.06679615239356,-0.0981881254981147,0.018181646208532284,0.0,0.013210326896022412,0.09534580800573322,7.0
2025-02-05,0.21382653985353195,6.414796195605959e-05,momentum_crowding_convex,solved,1.0,1.0,-0.05412281135890755,-0.09381272079362979,0.023652918945707334,0.0,0.016036990489014896,0.10874952631093925,7.0
2025-02-10,0.5420686609442443,0.0001626205982832733,momentum_crowding_convex,solved,1.0,1.0,-0.03437911851853606,-0.09362802325858655,0.018593755169232163,0.0,0.040655149570818325,0.09642031728124567,12.0
2025-02-17,0.4025703223704328,0.00012077109671112983,momentum_crowding_convex,solved,0.9999999999999999,1.0,0.005492560550924272,-0.05412610156217872,0.029425887935320538,0.0,0.030192774177782458,0.1212969248071041,10.0
2025-02-24,0.13614419099593297,4.0843257298779886e-05,momentum_crowding_convex,solved,1.0,1.0,-0.02219291770432468,-0.060310346607419914,0.02790661457840026,0.0,0.010210814324694973,0.1181241181520528,8.0
2025-03-03,0.09182382479977681,2.7547147439933044e-05,momentum_crowding_convex,solved,1.0,1.0,0.012116245826139137,-0.030649056600971607,0.035878515567127484,0.0,0.006886786859983261,0.1339375144743389,7.0
2025-03-10,0.4583789040850533,0.00013751367122551597,momentum_crowding_convex,solved,1.0,1.0,-0.03600104195984671,-0.11100366740601526,0.040624207639789564,0.0,0.03437841780637899,0.1425205382388615,8.0
2025-03-17,0.3658265046494616,0.00010974795139483849,momentum_crowding_convex,solved,0.9999999999999999,1.0,-0.02336789578218148,-0.08010933206988748,0.029304448438996378,0.0,0.02743698784870962,0.12104637218644014,10.0
2025-03-24,0.3249283182271696,9.747849546815089e-05,momentum_crowding_convex,solved,1.0,1.0,-0.052453157709131705,-0.11326193285389684,0.036439151277727407,0.0,0.02436962386703772,0.13497990827846826,8.0
2025-03-31,0.9000000000000004,0.0002700000000000001,momentum_crowding_convex,solved,1.0,1.0,-0.042276023526853265,-0.12073038641920826,0.010954362892354972,0.0,0.06750000000000002,0.07400798231391993,7.0
2025-04-07,0.028661230056988906,8.598369017096671e-06,momentum_crowding_convex,solved,1.0,1.0,-0.1103620081006578,-0.12164771671792156,0.009136116362989598,0.0,0.0021495922542741678,0.06758741141288664,2.0
2025-04-14,0.2713387699430139,8.140163098290418e-05,momentum_crowding_convex,solved,1.0,1.0,-0.0947632181548764,-0.1209900603880847,0.005876434487482253,0.0,0.020350407745726044,0.054205324865193145,5.0
2025-04-21,0.10705887941717739,3.211766382515322e-05,momentum_crowding_convex,solved,1.0,1.0,-0.051917085794914934,-0.06657997364090007,0.006633471889696834,0.0,0.008029415956288304,0.05759110994631391,9.0
2025-04-28,0.5211932663368192,0.00015635797990104576,momentum_crowding_convex,solved,1.0,1.0,-0.04685695944508609,-0.09969477514910906,0.013748320728761535,0.0,0.039089494975261437,0.0829105564109949,9.0
2025-05-06,0.8672534751073249,0.0002601760425321975,momentum_crowding_convex,solved,1.0,1.0,-0.015306683280143507,-0.1114141205297223,0.031063426616529426,0.0,0.06504401063304936,0.12462629461018535,20.0
2025-05-12,0.5051543353599279,0.00015154630060797839,momentum_crowding_convex,solved,1.0,1.0,0.05485455137252173,-0.03742294441530063,0.05439092063582776,0.0,0.037886575151994596,0.16491046151749705,20.0
2025-05-19,0.36367322056590345,0.00010910196616977103,momentum_crowding_convex,solved,0.9999999999999999,1.0,0.013548696014069873,-0.0630991402660224,0.04937234473764951,0.0,0.02727549154244276,0.15711833874129638,10.0
2025-05-26,0.39676672937613383,0.00011903001881284014,momentum_crowding_convex,solved,1.0,1.0,-0.03700358707480397,-0.11780661770896608,0.05104552593095207,0.0,0.029757504703210036,0.15975845193752986,13.0
2025-06-03,0.49969524321891184,0.00014990857296567355,momentum_crowding_convex,solved,1.0,1.0,-0.0028302007233490106,-0.09685780376543736,0.05655045980066996,0.0,0.03747714324141839,0.1681524008164468,8.0
2025-06-09,0.7481967209453815,0.00022445901628361442,momentum_crowding_convex,solved,1.0,1.0,0.001924446256787081,-0.10513296517937482,0.050942657365258284,0.0,0.05611475407090361,0.15959739560102207,12.0
2025-06-16,0.49969524321891234,0.00014990857296567371,momentum_crowding_convex,solved,1.0,1.0,-0.05956483892623748,-0.12885717605986957,0.03181519389221367,0.0,0.037477143241418424,0.1261253223825685,6.0
2025-06-23,0.30000000000000204,9.000000000000062e-05,momentum_crowding_convex,solved,1.0,1.0,-0.05925517259039329,-0.10164210438465474,0.01988693179426129,0.0,0.022500000000000152,0.09971692883924296,3.0
2025-06-30,0.745659709398848,0.0002236979128196544,momentum_crowding_convex,solved,1.0,1.0,0.04988013770787324,-0.05459140589461568,0.04854706539757533,0.0,0.05592447820491359,0.15579965564399578,9.0
2025-07-07,0.7456597093988487,0.0002236979128196546,momentum_crowding_convex,solved,1.0,1.0,0.016165581203862467,-0.08198553442143132,0.04222663742038013,0.0,0.055924478204913655,0.14530422812220595,10.0
2025-07-14,0.5600836420076781,0.00016802509260230343,momentum_crowding_convex,solved,1.0,1.0,0.0021245996524677305,-0.08063124689791278,0.040749573399804645,0.0,0.04200627315057586,0.14274027707659223,14.0
2025-07-21,0.7057433514065266,0.00021172300542195797,momentum_crowding_convex,solved,1.0,1.0,0.034680907349318627,-0.07431319777599,0.05606335376981914,0.0,0.05293075135548949,0.16742663134910638,11.0
2025-07-28,0.1381408155590373,4.144224466771119e-05,momentum_crowding_convex,solved,1.0,1.0,-0.015337722830341237,-0.07855686026431785,0.05285857626704882,0.0,0.010360561166927797,0.1625708711101851,10.0
2025-08-04,0.6792381202589197,0.0002037714360776759,momentum_crowding_convex,solved,1.0,1.0,0.019409131524010893,-0.0733651341137367,0.04183140661832861,0.0,0.05094285901941898,0.14462262378052856,14.0
2025-08-11,0.7335784108600714,0.0002200735232580214,momentum_crowding_convex,solved,1.0,1.0,-0.0038182475841904706,-0.09394089391476082,0.035104265516065,0.0,0.05501838081450535,0.1324844623268423,11.0
2025-08-18,0.5743720457834322,0.00017231161373502965,momentum_crowding_convex,solved,1.0,1.0,0.011604088123071829,-0.07331403707039374,0.04184022175970816,0.0,0.04307790343375741,0.14463786115624802,9.0
2025-08-25,0.30000000000000004,9.000000000000002e-05,momentum_crowding_convex,solved,1.0,1.0,-0.0028159256284280253,-0.07461550439839494,0.04929957876996691,0.0,0.022500000000000003,0.15700251394478834,6.0
2025-09-01,0.1439855549051504,4.3195666471545116e-05,momentum_crowding_convex,solved,1.0,1.0,-0.016230626792729397,-0.08177649025021928,0.05474694683960361,0.0,0.010798916617886279,0.16544930770420832,7.0
2025-09-08,1.1999999999999973,0.00035999999999999916,momentum_crowding_convex,solved,1.0,1.0,-0.007333781753562654,-0.11782813213906303,0.020494350385500584,0.0,0.08999999999999979,0.10122833196664999,12.0
2025-09-15,0.3000000000000018,9.000000000000055e-05,momentum_crowding_convex,solved,1.0,1.0,0.01568214054267528,-0.04263068423712911,0.035812824779804256,0.0,0.022500000000000134,0.13381484368298657,4.0
2025-09-22,0.300000000000001,9.00000000000003e-05,momentum_crowding_convex,solved,1.0000000000000002,1.0,0.016999689872053043,-0.04681478003154584,0.04131446990359881,0.0,0.022500000000000072,0.1437262500443096,4.0
2025-09-29,0.3000000000000007,9.000000000000021e-05,momentum_crowding_convex,solved,0.9999999999999999,1.0,-0.03884682957823864,-0.09068530064493834,0.029338471066699654,0.0,0.02250000000000005,0.12111661955879477,11.0
2025-10-09,0.20000000000000265,6.0000000000000794e-05,momentum_crowding_convex,solved,0.9999999999999999,1.0,-0.047126326036921254,-0.09128385139961738,0.029157525362695936,0.0,0.015000000000000197,0.12074254710477152,4.0
2025-10-13,1.2982149984529346e-16,3.894644995358804e-20,momentum_crowding_convex,solved,0.9999999999999999,1.0,-0.07493386160261016,-0.1090785434870011,0.03414468188439093,0.0,9.736612488397009e-18,0.13066116845564893,1.0
2025-10-20,0.7780334323050232,0.00023341002969150696,momentum_crowding_convex,solved,0.9999999999999999,1.0,-0.06371995437541128,-0.13809177717653714,0.01601931537824912,0.0,0.05835250742287674,0.08949669093952334,7.0
2025-10-27,0.624919246045577,0.0001874757738136731,momentum_crowding_convex,solved,1.0,1.0,-0.05418593704078369,-0.11208313384573458,0.011028253351532616,0.0,0.04686894345341828,0.07425716582099204,15.0
2025-11-03,0.4933527322198126,0.00014800581966594378,momentum_crowding_convex,solved,1.0,1.0,-0.014101248996486702,-0.07959145499603497,0.028488751083062328,0.0,0.03700145491648594,0.1193498032739525,15.0
2025-11-10,0.9446284449967599,0.00028338853349902797,momentum_crowding_convex,solved,1.0,1.0,-0.022119893458471304,-0.10564541170414023,0.012678384870911923,0.0,0.070847133374757,0.07961904568290154,9.0
2025-11-17,0.45196545080749834,0.0001355896352422495,momentum_crowding_convex,solved,1.0,1.0,-0.04224593988513052,-0.0881488875503137,0.012005538854620815,0.0,0.03389740881056237,0.07747754143821554,11.0
2025-11-24,0.46312391935141684,0.00013893717580542507,momentum_crowding_convex,solved,0.9999999999999999,1.0,-0.06619047165715558,-0.10633049726902713,0.005405731660515279,0.0,0.034734293951356264,0.05198909337791571,15.0
2025-12-01,0.3861783242000569,0.00011585349726001706,momentum_crowding_convex,solved,1.0,1.0,-0.07248261386054344,-0.1076654712558278,0.00621948308028009,0.0,0.028963374315004266,0.05576505662276373,8.0
2025-12-08,0.4749076672641807,0.00014247230017925422,momentum_crowding_convex,solved,1.0,1.0,-0.03136679280242942,-0.07622724927805634,0.009242381430813358,0.0,0.035618075044813555,0.06797934035724883,12.0
2025-12-15,0.7268272746985293,0.00021804818240955877,momentum_crowding_convex,solved,1.0,1.0,-0.01668289761898855,-0.08278198266822576,0.011587039446847506,0.0,0.054512045602389696,0.07611517406814329,15.0
2025-12-22,0.017228367172391446,5.168510151717434e-06,momentum_crowding_convex,solved,1.0,1.0,-0.08934415867172925,-0.10209660365865927,0.011460317449000673,0.0,0.0012921275379293585,0.07569781188713672,4.0
2025-12-29,0.30000000000000054,9.000000000000017e-05,momentum_crowding_convex,solved,1.0,1.0,0.0024772159987049396,-0.043984743128352655,0.023961959127057553,0.0,0.02250000000000004,0.10945766105453184,9.0
2026-01-05,0.44658891861680655,0.00013397667558504196,momentum_crowding_convex,solved,1.0,1.0,-0.007752884700414998,-0.07316304116775967,0.03191598757108418,0.0,0.03349416889626049,0.12632495313888736,17.0
2026-01-12,0.4170215507858905,0.00012510646523576714,momentum_crowding_convex,solved,1.0,1.0,-0.005587040702255873,-0.07548344992654714,0.038619792915349484,0.0,0.03127661630894178,0.13896005346024715,25.0
2026-01-19,0.4985244607015079,0.00014955733821045238,momentum_crowding_convex,solved,1.0,1.0,-0.006659074623592651,-0.08707969983426368,0.04303129065805794,0.0,0.03738933455261309,0.1466821234132809,13.0
2026-01-26,0.3000000000000009,9.000000000000026e-05,momentum_crowding_convex,solved,1.0,1.0,0.002466226305337719,-0.06105135550481434,0.04101758181015199,0.0,0.022500000000000065,0.1432089065144902,4.0
2026-02-02,0.4841191056444038,0.00014523573169332113,momentum_crowding_convex,solved,1.0,1.0,-0.016732915756714366,-0.09525094855188049,0.04220909987183584,0.0,0.03630893292333028,0.1452740511444419,8.0
2026-02-09,1.104749511160775,0.0003314248533482325,momentum_crowding_convex,solved,1.0,1.0,-0.03137969216825448,-0.12722519638296836,0.012989290877655752,0.0,0.08285621333705813,0.08058936306255235,10.0
2026-02-24,0.3000000000000001,9.000000000000003e-05,momentum_crowding_convex,solved,1.0,1.0,-0.024571996719668157,-0.06956827927678305,0.02249628255711489,0.0,0.022500000000000006,0.10605725471912539,11.0
2026-03-02,0.3824545233308478,0.00011473635699925433,momentum_crowding_convex,solved,1.0,1.0,-0.013211834205603845,-0.06363478144872792,0.021738857993310486,0.0,0.028684089249813582,0.10425655373479042,12.0
2026-03-09,0.6695153369801383,0.00020085460109404147,momentum_crowding_convex,solved,1.0,1.0,-0.051536863129511355,-0.11538195785101268,0.013631444447990953,0.0,0.05021365027351037,0.08255738745863678,15.0
2026-03-16,0.24084652361652717,7.225395708495815e-05,momentum_crowding_convex,solved,1.0,1.0,-0.06285020832734929,-0.09932677643120733,0.018413078832618505,0.0,0.018063489271239536,0.0959507134747275,5.0
2026-03-23,0.4079461990884735,0.00012238385972654204,momentum_crowding_convex,solved,0.9999999999999999,1.0,-0.0808445920804438,-0.11901415191650172,0.007573594904422411,0.0,0.03059596493163551,0.06153696005012927,10.0
2026-03-30,0.3509353313422057,0.00010528059940266172,momentum_crowding_convex,solved,0.9999999999999999,1.0,-0.06184404860248299,-0.09662395651588085,0.008459758062732432,0.0,0.026320149850665428,0.06503752018155533,12.0
2026-04-07,0.5550159884700939,0.0001665047965410282,momentum_crowding_convex,solved,1.0,1.0,-0.08667965937754264,-0.13919300847616317,0.010887149963363483,0.0,0.041626199135257044,0.07378058675343901,6.0
2026-04-13,0.31725333245288706,9.517599973586612e-05,momentum_crowding_convex,solved,1.0,1.0,-0.0316538317876858,-0.06952292449290538,0.014075092771253052,0.0,0.02379399993396653,0.0838900851449474,12.0
2026-04-20,0.6039853347337336,0.00018119560042012008,momentum_crowding_convex,solved,1.0,1.0,0.026787524357822758,-0.06070866756409045,0.042197291816883184,0.0,0.04529890010503002,0.14525372941319473,14.0
2026-04-27,0.318064093487481,9.54192280462443e-05,momentum_crowding_convex,solved,1.0,1.0,-0.009128877912214114,-0.07311178106606124,0.04012809614228605,0.0,0.023854807011561074,0.14164761936278006,11.0
2026-05-06,0.5116177355315046,0.00015348532065945138,momentum_crowding_convex,solved,1.0,1.0,0.012422982031809256,-0.05649343516269456,0.030545087029640976,0.0,0.03837133016486284,0.1235821326681996,17.0
2026-05-11,0.310320932709192,9.309627981275759e-05,momentum_crowding_convex,solved,1.0,1.0,0.03752692686414012,-0.03015245050900185,0.04440530741995258,0.0,0.023274069953189397,0.14900554925900006,5.0
2026-05-18,0.14007739608456846,4.202321882537054e-05,momentum_crowding_convex,solved,1.0,1.0,-0.013673106248208316,-0.06845178258835075,0.044272871633799796,0.0,0.010505804706342634,0.1487831839184116,4.0
2026-05-25,0.7581616203404863,0.00022744848610214586,momentum_crowding_convex,solved,1.0,1.0,-0.03000279464806526,-0.10085729211148392,0.013992375937882183,0.0,0.05686212152553647,0.0836432183081276,20.0
2026-06-01,0.16170031987691527,4.8510095963074585e-05,momentum_crowding_convex,solved,1.0,1.0,0.000638487362003181,-0.025303171747097855,0.01381413511833239,0.0,0.012127523990768645,0.08310876944803235,5.0
2026-06-08,0.4941426851686084,0.00014824280555058252,momentum_crowding_convex,solved,0.9999999999999999,1.0,-0.03860529935094896,-0.09264347985431547,0.016977479115720884,0.0,0.037060701387645625,0.09213435601262128,15.0
2026-06-15,0.5998171960337004,0.00017994515881011012,momentum_crowding_convex,solved,1.0,1.0,-0.05812311840590426,-0.11294149448878085,0.009832086380349062,0.0,0.04498628970252753,0.07011450056995722,16.0
2026-06-22,0.5453287339702384,0.00016359862019107153,momentum_crowding_convex,solved,1.0,1.0,0.04213117721878416,-0.015702447297895897,0.01693396946891218,0.0,0.04089965504776788,0.09201621995309354,11.0
2026-06-29,2.561182873726477e-16,7.68354862117943e-20,momentum_crowding_convex,solved,1.0,1.0,-0.026598485553182196,-0.04645716918278686,0.019858683629604645,0.0,1.9208871552948575e-17,0.09964608278704348,1.0
2026-07-06,0.4789287831195565,0.00014367863493586693,momentum_crowding_convex,solved,1.0,1.0,-0.08205624511425119,-0.12775773372791857,0.00978182987970064,0.0,0.035919658733966735,0.06993507660573713,7.0
2026-07-13,0.24698109868446255,7.409432960533878e-05,momentum_crowding_convex,solved,1.0,1.0,0.005683670938732243,-0.023506197695333898,0.01066628623273145,0.0,0.01852358240133469,0.07302837199586011,23.0
2026-07-20,0.17496532293434366,5.24895968803031e-05,momentum_crowding_convex,solved,1.0,1.0,-0.06179091635849957,-0.08323449675440606,0.008321181175830703,0.0,0.013122399220075775,0.06450264016236353,8.0
2026-07-27,0.031259329176374626,9.377798752912387e-06,momentum_crowding_convex,solved,1.0,1.0,-0.04075590422100986,-0.0527752788722131,0.009674924962975144,0.0,0.0023444496882280967,0.06955186900067871,7.0
2026-08-03,0.11128712182303498,3.338613654691049e-05,momentum_crowding_convex,solved,1.0,1.0,-0.053339696629471106,-0.0711795137361591,0.009493282969960376,0.0,0.008346534136727623,0.06889587422320867,4.0
2026-08-10,0.6389628214285031,0.00019168884642855092,momentum_crowding_convex,solved,0.9999999999999999,1.0,-0.00551192816738702,-0.07463676973901671,0.021202629964491963,0.0,0.047922211607137735,0.10296268733014878,22.0
2026-08-17,0.594256485138628,0.0001782769455415884,momentum_crowding_convex,solved,1.0,1.0,-0.015378324852951916,-0.08602543774112022,0.026077876502771203,0.0,0.0445692363853971,0.1141881703653474,9.0
2026-08-24,0.3000000000000011,9.000000000000033e-05,momentum_crowding_convex,solved,1.0,1.0,-0.05071599773773255,-0.09409125754855553,0.020875259810822902,0.0,0.022500000000000082,0.10216471947502939,7.0
2026-08-31,0.699894209851571,0.00020996826295547127,momentum_crowding_convex,solved,0.9999999999999999,1.0,-0.009051447907642604,-0.0934102674410148,0.03186675379450437,0.0,0.052492065738867826,0.12622748075301268,19.0
2026-09-07,0.7037642375423716,0.0002111292712627115,momentum_crowding_convex,solved,1.0,1.0,-0.03402728107935746,-0.10371598594788135,0.016906387052846025,0.0,0.05278231781567787,0.09194125040711058,15.0
2026-09-14,0.49150709856528485,0.00014745212956958546,momentum_crowding_convex,solved,1.0,1.0,-0.06093171861839502,-0.11098836496702658,0.013193613956235188,0.0,0.03686303239239636,0.08122072997774395,10.0
2018-01-08,0.0,0.0,momentum_crowding_convex_trend,fallback_insufficient_history,0.0,,,,,,,,
2018-01-15,0.0,0.0,momentum_crowding_convex_trend,fallback_insufficient_history,0.0,,,,,,,,
2018-01-22,0.0,0.0,momentum_crowding_convex_trend,fallback_insufficient_history,0.0,,,,,,,,
2018-01-29,0.0,0.0,momentum_crowding_convex_trend,fallback_insufficient_history,0.0,,,,,,,,
2018-02-05,0.0,0.0,momentum_crowding_convex_trend,fallback_insufficient_history,0.0,,,,,,,,
2018-02-12,0.0,0.0,momentum_crowding_convex_trend,fallback_insufficient_history,0.0,,,,,,,,
2018-02-22,0.3,8.999999999999999e-05,momentum_crowding_convex_trend,fallback_insufficient_history,0.3,,,,,,,,
2018-02-26,0.19999999999999998,5.9999999999999995e-05,momentum_crowding_convex_trend,fallback_insufficient_history,0.3,,,,,,,,
2018-03-05,0.39999999999999997,0.00011999999999999999,momentum_crowding_convex_trend,fallback_insufficient_history,0.30000000000000004,,,,,,,,
2018-03-12,0.20000000000000034,6.0000000000000096e-05,momentum_crowding_convex_trend,solved,0.3,0.3,-0.012141599670544326,-0.030952539286864554,0.0038109396163202016,0.0,0.015000000000000025,0.04365168734608206,5.0
2018-03-19,0.20000000000000112,6.000000000000034e-05,momentum_crowding_convex_trend,solved,0.3,0.3,-0.0023044693786563354,-0.025939772926316957,0.008635303547660539,0.0,0.015000000000000083,0.06570884091071968,10.0
2018-03-26,0.255940165534675,7.678204966040251e-05,momentum_crowding_convex_trend,solved,0.29999999999999993,0.3,-0.011117756388663646,-0.033082287322488926,0.002769018518724654,0.0,0.019195512415100625,0.037208994334197304,6.0
2018-04-02,0.14405983446532522,4.321795033959757e-05,momentum_crowding_convex_trend,solved,0.3,0.3,-0.023842780541868922,-0.0386568365137843,0.004009568387015984,0.0,0.01080448758489939,0.0447748165100427,7.0
2018-04-09,5.551115123125878e-17,1.6653345369377636e-20,momentum_crowding_convex_trend,solved,0.29999999999999993,0.3,-0.033959913935851925,-0.0378495458396801,0.003889631903828173,0.0,4.163336342344408e-18,0.04410006748196749,1.0
2018-04-16,0.33612527626117644,0.00010083758287835293,momentum_crowding_convex_trend,solved,0.3,0.3,-0.010233542244250451,-0.03917986485299543,0.0037369268891567467,0.0,0.025209395719588232,0.04322572665182592,6.0
2018-04-23,0.03612527626117616,1.0837582878352848e-05,momentum_crowding_convex_trend,solved,0.29999999999999993,0.3,-0.02608388867089243,-0.03218294265524271,0.0033896582647620706,0.0,0.0027093957195882127,0.04116830252003397,4.0
2018-05-02,0.25594016553467575,7.678204966040271e-05,momentum_crowding_convex_trend,solved,0.29999999999999993,0.3,-0.029982671380100436,-0.05217118447105113,0.002993000675850016,0.0,0.019195512415100677,0.038684626635460864,5.0
2018-05-07,1.1102230246251632e-16,3.330669073875489e-20,momentum_crowding_convex_trend,solved,0.29999999999999993,0.3,-0.02743952883823685,-0.030389920954889127,0.0029503921166522695,0.0,8.326672684688726e-18,0.03840828111652661,1.0
2018-05-14,0.3000000000000001,9.000000000000003e-05,momentum_crowding_convex_trend,solved,0.3,0.3,-0.012032673230530647,-0.042814612275327533,0.008281939044796887,0.0,0.022500000000000003,0.06435036536336405,6.0
2018-05-21,5.551115123126113e-17,1.665334536937834e-20,momentum_crowding_convex_trend,solved,0.29999999999999993,0.3,-0.03261363083545326,-0.040598237056753785,0.007984606221300516,0.0,4.163336342344585e-18,0.06318467465018918,1.0
2018-05-28,0.3000000000000002,9.000000000000006e-05,momentum_crowding_convex_trend,solved,0.3,0.3,-0.01439468580924539,-0.04361249278523169,0.006717806975986278,0.0,0.02250000000000002,0.0579560478983267,7.0
2018-06-04,0.3038553532370525,9.115660597111574e-05,momentum_crowding_convex_trend,solved,0.29999999999999993,0.3,-0.01075223593530373,-0.035903653577476755,0.0023622661493940887,0.0,0.022789151492778936,0.034367616657211546,8.0
2018-06-11,0.23165051750704962,6.949515525211489e-05,momentum_crowding_convex_trend,solved,0.3,0.3,-0.021860916543258342,-0.044752746915081666,0.0055180415587946004,0.0,0.017373788813028722,0.05252638174667374,6.0
2018-06-19,6.938893903907288e-17,2.0816681711721863e-20,momentum_crowding_convex_trend,solved,0.29999999999999993,0.3,-0.03231992862123404,-0.03770953884700806,0.005389610225774017,0.0,5.204170427930465e-18,0.05191151233480882,1.0
2018-06-25,6.765421556309646e-17,2.0296264668928938e-20,momentum_crowding_convex_trend,solved,0.3,0.3,-0.03327205416057436,-0.038826145783410586,0.005554091622836218,0.0,5.0740661672322344e-18,0.05269768316935868,1.0
2018-07-02,0.30000000000000093,9.000000000000028e-05,momentum_crowding_convex_trend,solved,0.29999999999999993,0.3,-0.005695308226595645,-0.030712724991994643,0.0025174167653989245,0.0,0.022500000000000072,0.0354782804360564,7.0
2018-07-09,5.551115123125871e-17,1.6653345369377614e-20,momentum_crowding_convex_trend,solved,0.3,0.3,-0.023175622342844253,-0.02569562764497128,0.002520005302127024,0.0,4.163336342344403e-18,0.03549651604120483,1.0
2018-07-16,0.22163598651075164,6.649079595322548e-05,momentum_crowding_convex_trend,solved,0.29999999999999993,0.3,-0.024723572038349417,-0.04645242060436118,0.005106149577705385,0.0,0.016622698988306376,0.05052796046599044,5.0
2018-07-23,0.07836401348924954,2.3509204046774863e-05,momentum_crowding_convex_trend,solved,0.3,0.3,-0.019412569514456524,-0.03108075067683804,0.0057908801506878,0.0,0.005877301011693715,0.05380929357781888,3.0
2018-07-30,0.2913912073627491,8.741736220882472e-05,momentum_crowding_convex_trend,solved,0.3,0.3,0.00044393425767234526,-0.02934905878611258,0.007938652491578742,0.0,0.02185434055220618,0.06300258919909063,7.0
2018-08-06,0.2913912073627503,8.74173622088251e-05,momentum_crowding_convex_trend,solved,0.3,0.3,0.0007633613023859398,-0.023139032749659724,0.0020480534998393914,0.0,0.021854340552206274,0.032000417964765646,7.0
2018-08-13,0.10571421788261745,3.1714265364785235e-05,momentum_crowding_convex_trend,solved,0.3,0.3,-0.021947686639568104,-0.03137418058564669,0.001497927604882279,0.0,0.007928566341196309,0.027367203043810295,3.0
2018-08-20,0.105714217882617,3.17142653647851e-05,momentum_crowding_convex_trend,solved,0.29999999999999993,0.3,-0.04338184794965169,-0.05215973054524378,0.0008493162543958105,0.0,0.007928566341196276,0.020607234826582273,5.0
2018-08-27,0.29999999999999927,8.999999999999978e-05,momentum_crowding_convex_trend,solved,0.3,0.3,-0.0074030454575018355,-0.0312754558473505,0.0013724103898487233,0.0,0.022499999999999944,0.02619551860384447,5.0
2018-09-03,0.3,8.999999999999999e-05,momentum_crowding_convex_trend,solved,0.3,0.3,-0.012805571646244358,-0.039104737810112665,0.003799166163868305,0.0,0.0225,0.04358420679482595,7.0
2018-09-10,0.29999999999999993,8.999999999999998e-05,momentum_crowding_convex_trend,solved,0.3,0.3,-0.0028679675958093835,-0.026735733099389515,0.0013677655035801324,0.0,0.0225,0.026151152016499507,6.0
2018-09-17,5.635961704302257e-17,1.6907885112906772e-20,momentum_crowding_convex_trend,solved,0.3,0.3,-0.010463522384058763,-0.011667459596934998,0.0012039372128762307,0.0,4.2269712782266924e-18,0.024535048531399227,1.0
2018-09-25,0.30000000000000016,9.000000000000005e-05,momentum_crowding_convex_trend,solved,0.3,0.3,0.001066231089665682,-0.022554001352383987,0.0011202324420496582,0.0,0.02250000000000001,0.023666774622344067,6.0
2018-10-08,0.30000000000000027,9.000000000000007e-05,momentum_crowding_convex_trend,solved,0.3,0.3,-0.019974028814812427,-0.04649275249361698,0.004018723678804534,0.0,0.022500000000000017,0.04482590589605822,5.0
2018-10-15,0.42290602513308223,0.00012687180753992466,momentum_crowding_convex_trend,solved,0.3,0.3,-0.004784141355573687,-0.037890821479447764,0.0013887282388929114,0.0,0.031717951884981166,0.026350789730982555,8.0
2018-10-22,0.17709397486691839,5.3128192460075516e-05,momentum_crowding_convex_trend,solved,0.3,0.3,-0.028716723149974754,-0.042905152268503124,0.0009063810035094883,0.0,0.01328204811501888,0.0212882714600022,4.0
2018-10-29,5.551115123125985e-17,1.6653345369377955e-20,momentum_crowding_convex_trend,solved,0.29999999999999993,0.3,-0.027266139615667106,-0.028168556864326823,0.0009024172486597118,0.0,4.163336342344489e-18,0.021241671881701212,1.0
2018-11-05,0.30000000000000004,9.000000000000002e-05,momentum_crowding_convex_trend,solved,0.29999999999999993,0.3,-0.006106937213005086,-0.03020983966007173,0.0016029024470666392,0.0,0.022500000000000003,0.028309913873647154,4.0
2018-11-12,0.29999999999999993,8.999999999999998e-05,momentum_crowding_convex_trend,solved,0.29999999999999993,0.3,-0.033077053677905796,-0.06187220504663752,0.0062951513687317315,0.0,0.022499999999999996,0.05610325912427785,4.0
2018-11-19,0.30000000000000004,9.000000000000002e-05,momentum_crowding_convex_trend,solved,0.3,0.3,-0.005101388608067144,-0.03233680082247126,0.0047354122144041095,0.0,0.022500000000000003,0.04865908041878776,12.0
2018-11-26,0.3000000000000002,9.000000000000006e-05,momentum_crowding_convex_trend,solved,0.29999999999999993,0.3,-0.009025662002902193,-0.03158963426315839,6.39722602561803e-05,0.0,0.022500000000000017,0.005655628181563048,3.0
2018-12-03,0.2999999999999998,8.999999999999995e-05,momentum_crowding_convex_trend,solved,0.3,0.3,-0.028557737803714553,-0.05289770364680662,0.0018399658430920795,0.0,0.022499999999999985,0.030331220244923213,4.0
2018-12-10,0.30000000000000077,9.000000000000024e-05,momentum_crowding_convex_trend,solved,0.29999999999999993,0.3,0.00222422879121658,-0.024329810611246665,0.004054039402463184,0.0,0.02250000000000006,0.0450224355319833,6.0
2018-12-17,0.577626578635535,0.0001732879735906605,momentum_crowding_convex_trend,solved,0.29999999999999993,0.3,0.005290478681938236,-0.03994220872486111,0.0019106940091342178,0.0,0.043321993397665126,0.030908688172860216,9.0
2018-12-24,0.2776265786355363,8.32879735906609e-05,momentum_crowding_convex_trend,solved,0.29999999999999993,0.3,-0.024266717051228338,-0.04549361210504935,0.00040490165615577977,0.0,0.020821993397665228,0.01422852164063048,6.0
2019-01-02,1.2490009027033124e-16,3.747002708109937e-20,momentum_crowding_convex_trend,solved,0.3,0.3,-0.0376977269390107,-0.03816782902717257,0.0004701020881618627,0.0,9.367506770274844e-18,0.015331374500707083,1.0
2019-01-07,0.02237342136446495,6.712026409339485e-06,momentum_crowding_convex_trend,solved,0.3,0.3,-0.03805970247980334,-0.040189275633571456,0.0004515665514332433,0.0,0.0016780066023348711,0.015026086507025761,2.0
2019-01-14,0.32237342136446273,9.671202640933882e-05,momentum_crowding_convex_trend,solved,0.3,0.3,-0.011612577483083388,-0.041244065951496996,0.005453481866078916,0.0,0.024178006602334694,0.052218204996336844,5.0
2019-01-21,9.162853339164338e-17,2.748856001749301e-20,momentum_crowding_convex_trend,solved,0.29999999999999993,0.3,-0.0314450662902705,-0.03687201441300121,0.0054269481227307015,0.0,6.872140004373253e-18,0.05209101708898906,1.0
2019-01-28,0.36650040251734217,0.00010995012075520265,momentum_crowding_convex_trend,solved,0.29999999999999993,0.3,0.008777443221449688,-0.02784682237387621,0.009136735406525237,0.0,0.027487530188800662,0.06758970116269651,15.0
2019-02-11,0.2111261761181957,6.333785283545871e-05,momentum_crowding_convex_trend,solved,0.29999999999999993,0.3,-0.0061714274729207964,-0.028106309192976846,0.006100418511191378,0.0,0.015834463208864672,0.055228699564589506,8.0
2019-02-18,0.21112617611819548,6.333785283545865e-05,momentum_crowding_convex_trend,solved,0.3,0.3,-0.008244618948307435,-0.03187402291320616,0.007794940756034062,0.0,0.01583446320886466,0.06242972351386022,5.0
2019-02-25,0.7,0.00020999999999999995,momentum_crowding_convex_trend,solved,0.9999999999999999,1.0,0.04139012726153016,-0.05264063290388632,0.04153076016541648,0.0,0.0525,0.14410197806660477,11.0
2019-03-04,2.636779683484744e-16,7.910339050454231e-20,momentum_crowding_convex_trend,solved,1.0,1.0,0.03690867784995301,-0.009482000291837255,0.046390678141790244,0.0,1.9775847626135574e-17,0.1523001610993735,1.0
2019-03-11,0.30000000000000054,9.000000000000017e-05,momentum_crowding_convex_trend,solved,1.0,1.0,0.05036765374725019,-0.022715118183687155,0.05058277193093731,0.0,0.022500000000000037,0.1590326569150772,4.0
2019-03-18,0.7524760757952905,0.00022574282273858713,momentum_crowding_convex_trend,solved,1.0,1.0,0.0030068362390778605,-0.08428000266880951,0.030851133223240595,0.0,0.05643570568464678,0.12419970455528587,9.0
2019-03-25,0.3000000000000017,9.000000000000051e-05,momentum_crowding_convex_trend,solved,1.0,1.0,0.050420629915108525,-0.012491511152464784,0.04041214106757318,0.0,0.022500000000000128,0.14214805849460832,10.0
2019-04-01,0.5550360714803616,0.00016651082144410848,momentum_crowding_convex_trend,solved,1.0,1.0,0.0033915670345533652,-0.06263333686797165,0.0243971985414979,0.0,0.04162770536102712,0.11044726918647174,14.0
2019-04-08,0.1958494181041932,5.875482543125796e-05,momentum_crowding_convex_trend,solved,0.9999999999999999,1.0,0.045629415573345655,-0.006212692162980707,0.03715340137851187,0.0,0.01468870635781449,0.13629637078534387,7.0
2019-04-15,0.5590618589508615,0.00016771855768525846,momentum_crowding_convex_trend,solved,0.9999999999999999,1.0,-0.001137434308152968,-0.06788242350820724,0.02481534977873965,0.0,0.04192963942131462,0.11138974319644437,9.0
2019-04-22,0.19358460578551576,5.807538173565473e-05,momentum_crowding_convex_trend,solved,1.0,1.0,0.029152231540555837,-0.018396301605774875,0.03302968771241703,0.0,0.014518845433913682,0.12851009242938283,7.0
2019-04-29,0.30000000000000027,9.000000000000007e-05,momentum_crowding_convex_trend,solved,1.0,1.0,-0.04047667614799008,-0.09071345528535826,0.02773677913736817,0.0,0.022500000000000017,0.11776412683276721,4.0
2019-05-06,0.10260228725907863,3.0780686177723596e-05,momentum_crowding_convex_trend,solved,1.0,1.0,-0.03984818741464921,-0.07472294030281194,0.027179581343731836,0.0,0.007695171544430899,0.11657525754578421,3.0
2019-05-13,0.4010298934265786,0.00012030896802797358,momentum_crowding_convex_trend,solved,1.0,1.0,-0.04822448648181257,-0.09250705724709887,0.014205328758292904,0.0,0.030077242006993393,0.08427730643029861,8.0
2019-05-20,0.5999999999999994,0.00017999999999999982,momentum_crowding_convex_trend,solved,1.0,1.0,0.0037779873923599397,-0.060084921326060685,0.01886290871842069,0.0,0.044999999999999936,0.09711567514675654,6.0
2019-05-27,0.5597635301144215,0.00016792905903432646,momentum_crowding_convex_trend,solved,1.0,1.0,-0.055651521499701685,-0.10392748072212285,0.0062936944638395656,0.0,0.0419822647585816,0.056096766679727475,8.0
2019-06-03,0.3000000000000008,9.000000000000025e-05,momentum_crowding_convex_trend,solved,1.0,1.0,-0.019753180520679398,-0.05044070393010146,0.008187523409421998,0.0,0.02250000000000006,0.06398251092846388,7.0
2019-06-10,0.045939387517534264,1.378181625526028e-05,momentum_crowding_convex_trend,solved,1.0,1.0,-0.06184989006748174,-0.07237668680644704,0.007081342675150225,0.0,0.00344545406381507,0.05950354054655162,6.0
2019-06-17,0.30000000000000104,9.000000000000032e-05,momentum_crowding_convex_trend,solved,1.0,1.0,-0.033704457086551315,-0.068443231668794,0.0122387745822426,0.0,0.02250000000000008,0.07822651271225951,4.0
2019-06-24,0.30000000000000215,9.000000000000064e-05,momentum_crowding_convex_trend,solved,1.0,1.0,-0.03897887904720577,-0.07926935540538398,0.017790476358178046,0.0,0.022500000000000166,0.09431457034355309,4.0
2019-07-01,1.1413573174249265e-18,3.4240719522747796e-22,momentum_crowding_convex_trend,solved,1.0,1.0,-0.03040058050814444,-0.047459614579645995,0.017059034071501555,0.0,8.560179880686949e-20,0.09235538444373873,1.0
2019-07-08,0.2999999999999993,8.999999999999979e-05,momentum_crowding_convex_trend,solved,1.0,1.0,-0.039763657721292756,-0.08335249866385588,0.021088840942563174,0.0,0.022499999999999947,0.10268602860799315,3.0
2019-07-15,0.305702917631958,9.17108752895874e-05,momentum_crowding_convex_trend,solved,1.0,1.0,-0.036721994195583016,-0.08754007056001499,0.027890357542035123,0.0,0.022927718822396848,0.11808970645664914,6.0
2019-07-22,0.5614062094933021,0.00016842186284799063,momentum_crowding_convex_trend,solved,1.0,1.0,0.00247972287235855,-0.06439563436567645,0.024769891526037355,0.0,0.04210546571199765,0.1112876712085336,14.0
2019-07-29,0.05700452546975052,1.7101357640925156e-05,momentum_crowding_convex_trend,solved,1.0,1.0,-0.06377646020742561,-0.09102914685897198,0.022977347241315085,0.0,0.004275339410231289,0.10718523042218803,3.0
2019-08-05,0.4942970823680414,0.00014828912471041242,momentum_crowding_convex_trend,solved,1.0,1.0,-0.014838465468976623,-0.064462364058876,0.012551617412296264,0.0,0.037072281177603104,0.07922000193226539,12.0
2019-08-12,7.777974547183265e-17,2.3333923641549795e-20,momentum_crowding_convex_trend,solved,1.0,1.0,-0.07548925115760712,-0.08880117395106568,0.013311922793458563,0.0,5.833480910387449e-18,0.0815840756320085,1.0
2019-08-19,0.30000000000000104,9.000000000000032e-05,momentum_crowding_convex_trend,solved,1.0,1.0,-0.01713226737386998,-0.05148294000128657,0.011850672627416516,0.0,0.02250000000000008,0.07697620615299418,8.0
2019-08-26,0.25570329186134405,7.671098755840322e-05,momentum_crowding_convex_trend,solved,1.0,1.0,-0.014215367429185978,-0.054684945705479014,0.021291831386692238,0.0,0.019177746889600798,0.10317904677475034,10.0
2019-09-02,0.3000000000000017,9.000000000000051e-05,momentum_crowding_convex_trend,solved,1.0,1.0,-0.053731545208509895,-0.09596751658625044,0.019735971377740413,0.0,0.022500000000000128,0.0993377354728313,5.0
2019-09-09,0.21212545430390414,6.363763629117124e-05,momentum_crowding_convex_trend,solved,1.0,1.0,-0.018601330979061432,-0.06458609843598255,0.03007535838412831,0.0,0.01590940907279281,0.12262821531794449,6.0
2019-09-16,0.7826003969016438,0.00023478011907049316,momentum_crowding_convex_trend,solved,1.0,1.0,0.021073105004157038,-0.07516747691615432,0.03754555215268807,0.0,0.05869502976762328,0.1370137806074412,14.0
2019-09-23,0.4858717215906648,0.00014576151647719944,momentum_crowding_convex_trend,solved,1.0,1.0,-0.03151991680587526,-0.10126451220163392,0.0333042162764588,0.0,0.036440379119299864,0.12904304761679103,6.0
2019-09-30,0.7755569117039715,0.00023266707351119145,momentum_crowding_convex_trend,solved,1.0,1.0,-0.02136283225548212,-0.09277746802756652,0.01324786739428655,0.0,0.058166768377797856,0.08138755247053,14.0
2019-10-08,0.16641698521342085,4.992509556402626e-05,momentum_crowding_convex_trend,solved,1.0,1.0,-0.08849692438538942,-0.11071412165677842,0.009735923380382436,0.0,0.012481273891006563,0.06977077963009456,4.0
2019-10-14,0.6000000000000002,0.00018000000000000007,momentum_crowding_convex_trend,solved,1.0,1.0,-0.02998135298118191,-0.0851437423204991,0.010162389339317174,0.0,0.045000000000000005,0.07128249904190079,9.0
2019-10-21,0.20000000000000076,6.000000000000023e-05,momentum_crowding_convex_trend,solved,1.0,1.0,-0.06756435799332873,-0.09345897314698723,0.010894615153658449,0.0,0.015000000000000057,0.07380587765773959,3.0
2019-10-28,0.30000000000000077,9.000000000000024e-05,momentum_crowding_convex_trend,solved,1.0,1.0,-0.06662681176737296,-0.09784866519633505,0.008721853428962024,0.0,0.02250000000000006,0.06603731304710249,6.0
2019-11-04,0.29999999999999866,8.999999999999959e-05,momentum_crowding_convex_trend,solved,1.0,1.0,-0.036787474816733126,-0.0687766505032633,0.00948917568653028,0.0,0.0224999999999999,0.06888096865800553,6.0
2019-11-11,0.3000000000000026,9.000000000000078e-05,momentum_crowding_convex_trend,solved,1.0,1.0,-0.03452748837756223,-0.07077735319066804,0.013749864813105622,0.0,0.02250000000000019,0.0829152121540602,7.0
2019-11-18,0.27932915749438825,8.379874724831647e-05,momentum_crowding_convex_trend,solved,1.0,1.0,-0.05837854237886164,-0.08946889080239522,0.01014066161145445,0.0,0.020949686812079118,0.07120625538340873,10.0
2019-11-25,0.30000000000000027,9.000000000000007e-05,momentum_crowding_convex_trend,solved,1.0,1.0,-0.04837154704156603,-0.08388236365420512,0.013010816612639076,0.0,0.022500000000000023,0.08065611140093192,5.0
2019-12-02,0.4761360793280608,0.00014284082379841822,momentum_crowding_convex_trend,solved,1.0,1.0,-0.0594134077357479,-0.10477273030672064,0.009649116621368175,0.0,0.03571020594960456,0.06945904052521952,17.0
2019-12-09,0.5135106863868701,0.00015405320591606105,momentum_crowding_convex_trend,solved,1.0,1.0,-0.024176656098460342,-0.0707509806085151,0.0080610230310395,0.0,0.03851330147901526,0.06348630967003634,11.0
2019-12-16,0.5419323793352734,0.000162579713800582,momentum_crowding_convex_trend,solved,1.0,1.0,-0.010822330693346295,-0.06768037865892143,0.016213119515429635,0.0,0.0406449284501455,0.09003643572307167,8.0
2019-12-23,0.8939963295916428,0.0002681988988774928,momentum_crowding_convex_trend,solved,1.0,1.0,0.012182860817376899,-0.07974846636260279,0.024881602460606465,0.0,0.06704972471937322,0.11153833973259254,15.0
2019-12-30,0.5337058083273044,0.00016011174249819132,momentum_crowding_convex_trend,solved,1.0,1.0,-0.03640899724287834,-0.09693577597796942,0.02049884311054325,0.0,0.04002793562454783,0.10123942688138661,10.0
2020-01-06,0.5398281084241635,0.00016194843252724907,momentum_crowding_convex_trend,solved,1.0,1.0,-0.0035145120402553937,-0.06799693900745361,0.02399531883538596,0.0,0.04048710813181226,0.10953382773231737,7.0
2020-01-13,0.5938776999031392,0.00017816330997094177,momentum_crowding_convex_trend,solved,1.0,1.0,-0.003997777735206466,-0.07777595586080503,0.029237350632863115,0.0,0.04454082749273545,0.12090771404849054,10.0
2020-01-20,0.2596494674482465,7.789484023447395e-05,momentum_crowding_convex_trend,solved,1.0,1.0,-0.03991776762558719,-0.09010774267892492,0.030716264994719245,0.0,0.019473710058618483,0.12392793267605016,11.0
2020-02-03,0.4175441798330573,0.0001252632539499172,momentum_crowding_convex_trend,solved,1.0,1.0,-0.012472152649618512,-0.08163661867460097,0.03784865253750316,0.0,0.0313158134874793,0.13756571618230895,9.0
2020-02-10,0.814593245607767,0.0002443779736823301,momentum_crowding_convex_trend,solved,1.0,1.0,-0.012039480215789503,-0.08773434123060629,0.014600367594234281,0.0,0.06109449342058251,0.08544111303767725,10.0
2020-02-17,0.2596118742289184,7.788356226867552e-05,momentum_crowding_convex_trend,solved,1.0,1.0,-0.02863917835032665,-0.06749159738858419,0.019381528471088667,0.0,0.01947089056716888,0.09844167936166232,8.0
2020-02-24,0.3000000000000007,9.000000000000021e-05,momentum_crowding_convex_trend,solved,1.0,1.0,-0.015988593514040864,-0.05926132661013776,0.020772733096096847,0.0,0.02250000000000005,0.10191352485341885,8.0
2020-03-02,0.27673360020888826,8.302008006266649e-05,momentum_crowding_convex_trend,solved,1.0,1.0,-0.03904327315783254,-0.08506613355169772,0.025267840378198556,0.0,0.02075502001566662,0.11240071258270241,6.0
2020-03-09,0.4029264187605648,0.00012087792562816944,momentum_crowding_convex_trend,solved,1.0,1.0,-0.001132075536627683,-0.0519239155366499,0.02057235859297985,0.0,0.030219481407042365,0.10142080307555214,8.0
2020-03-16,0.3416721091713262,0.00010250163275139785,momentum_crowding_convex_trend,solved,1.0,1.0,-0.05964674131033142,-0.09657808720098048,0.011305937702799602,0.0,0.025625408187849454,0.07518622780403204,6.0
2020-03-23,0.6999999999999998,0.00020999999999999995,momentum_crowding_convex_trend,solved,0.3,0.3,0.006268973414140747,-0.046937955875055684,0.000706929289196449,0.0,0.052499999999999984,0.018800655430016914,1.0
2020-03-30,0.25480335288404665,7.644100586521399e-05,momentum_crowding_convex_trend,solved,0.29999999999999993,0.3,-0.028807739480767695,-0.04988641049528491,0.0019684195482137243,0.0,0.01911025146630349,0.0313721177816682,5.0
2020-04-07,0.29999999999999916,8.999999999999975e-05,momentum_crowding_convex_trend,solved,0.3,0.3,-0.012476457255673014,-0.037289167680585135,0.0023127104249121835,0.0,0.022499999999999937,0.034005223311369265,6.0
2020-04-13,0.1480093532928066,4.440280598784198e-05,momentum_crowding_convex_trend,solved,0.3,0.3,-0.013762586817446087,-0.029616614728640245,0.004753326414233664,0.0,0.011100701496960495,0.04875103288256396,7.0
2020-04-20,0.07632236420663976,2.289670926199193e-05,momentum_crowding_convex_trend,solved,0.29999999999999993,0.3,-0.012700257876674018,-0.023616404888664334,0.005191969696492333,0.0,0.005724177315497982,0.05095080812162028,5.0
2020-04-27,5.551115123125879e-17,1.6653345369377636e-20,momentum_crowding_convex_trend,solved,0.3,0.3,-0.02116153704223937,-0.026331875295663065,0.005170338253423692,0.0,4.163336342344409e-18,0.05084455847690927,1.0
2020-05-06,0.7000000000000003,0.0002100000000000001,momentum_crowding_convex_trend,solved,1.0,1.0,0.035619776348400446,-0.08106792910917919,0.06418770545757962,0.0,0.05250000000000001,0.17914757248924645,13.0
2020-05-11,0.33495302266421756,0.00010048590679926526,momentum_crowding_convex_trend,solved,1.0,1.0,0.07622920760868053,-0.019683536108517065,0.07079126701738127,0.0,0.025121476699816323,0.18813727304468575,9.0
2020-05-18,0.5817072725012188,0.00017451218175036564,momentum_crowding_convex_trend,solved,1.0,1.0,0.010270162075019927,-0.08475504024059799,0.05139715687802651,0.0,0.043628045437591405,0.16030776163059995,4.0
2020-05-25,0.7000000000000001,0.00021,momentum_crowding_convex_trend,solved,0.29999999999999993,0.3,0.024209578111435523,-0.03467030670272621,0.006379884814161728,0.0,0.052500000000000005,0.05647957513190821,1.0
2020-06-01,0.15221459179661445,4.566437753898434e-05,momentum_crowding_convex_trend,solved,0.3,0.3,-0.016724306498909266,-0.03534091513098016,0.007200514247324809,0.0,0.011416094384746084,0.060002142658928476,8.0
2020-06-08,0.7000000000000005,0.00021000000000000014,momentum_crowding_convex_trend,solved,1.0,1.0,0.03871193239491973,-0.07182532156655172,0.05803725396147141,0.0,0.05250000000000004,0.1703485455785746,13.0
2020-06-15,0.6421462088778341,0.00019264386266335025,momentum_crowding_convex_trend,solved,1.0,1.0,0.03732248600107495,-0.05643420754829313,0.045595727883530515,0.0,0.048160965665837566,0.1509896153441198,8.0
2020-06-22,0.5836685100146103,0.00017510055300438306,momentum_crowding_convex_trend,solved,1.0,1.0,0.01801029475478664,-0.05496097533011217,0.02919613183380304,0.0,0.04377513825109577,0.12082245617806948,10.0
2020-06-29,0.46714042739186223,0.00014014212821755867,momentum_crowding_convex_trend,solved,1.0,1.0,0.0259302320993397,-0.06973540871313591,0.06063010875808595,0.0,0.03503553205438966,0.17411218905936188,6.0
2020-07-06,0.3000000000000002,9.000000000000006e-05,momentum_crowding_convex_trend,solved,1.0,1.0,-0.00787168021035414,-0.07906842149734469,0.04869674128699054,0.0,0.022500000000000017,0.15603964446093585,5.0
2020-07-13,4.706472051755272e-16,1.4119416155265818e-19,momentum_crowding_convex_trend,solved,1.0,1.0,0.012816498225018999,-0.041767041302534315,0.05458353952755328,0.0,3.529854038816454e-17,0.16520220871337235,1.0
2020-07-20,0.8349408982693818,0.0002504822694808145,momentum_crowding_convex_trend,solved,1.0,1.0,0.01261989500039215,-0.09142971565086473,0.04142904328105325,0.0,0.06262056737020363,0.14392540304104284,15.0
2020-07-27,0.3,8.999999999999999e-05,momentum_crowding_convex_trend,solved,1.0,1.0,0.06323148960830859,-0.019652265838902658,0.060383755447211244,0.0,0.0225,0.1737581011740334,9.0
2020-08-03,0.1856611029201558,5.569833087604674e-05,momentum_crowding_convex_trend,solved,1.0,1.0,-0.0339063405347895,-0.09577375395196794,0.04794283069816675,0.0,0.013924582719011685,0.15482704979777717,3.0
2020-08-10,0.434126779597048,0.00013023803387911438,momentum_crowding_convex_trend,solved,1.0,1.0,0.034270542867849654,-0.05022849804312068,0.05193953244119173,0.0,0.0325595084697786,0.1611513767257229,15.0
2020-08-17,0.6269777572939957,0.00018809332718819872,momentum_crowding_convex_trend,solved,1.0,1.0,0.05186823524817632,-0.04600050434559924,0.05084540779672588,0.0,0.04702333179704968,0.15944498705937085,15.0
2020-08-24,0.5252241908019796,0.00015756725724059385,momentum_crowding_convex_trend,solved,1.0,1.0,0.0104534412415275,-0.06093793353695813,0.03199956046833717,0.0,0.03939181431014846,0.12649023770302822,14.0
2020-08-31,0.14318445074124148,4.295533522237244e-05,momentum_crowding_convex_trend,solved,1.0,1.0,0.007472147264737479,-0.02957646486144197,0.026309778320586338,0.0,0.010738833805593111,0.11469476518260617,11.0
2020-09-07,2.22044604925033e-16,6.661338147750989e-20,momentum_crowding_convex_trend,solved,0.9999999999999999,1.0,-0.010079352598736983,-0.033654899239543734,0.023575546640806733,0.0,1.665334536937747e-17,0.10857151247175001,1.0
2020-09-14,0.6650485931411977,0.0001995145779423593,momentum_crowding_convex_trend,solved,1.0,1.0,-0.054389512288436574,-0.11344903515092365,0.009180878376897256,0.0,0.049878644485589825,0.0677527799315174,10.0
2020-09-21,0.3348155101705764,0.00010044465305117294,momentum_crowding_convex_trend,solved,1.0,1.0,-0.054210114699413385,-0.08674311187456386,0.007421833912357252,0.0,0.02511116326279323,0.060917296034694667,7.0
2020-09-28,0.13839488940754385,4.1518466822263155e-05,momentum_crowding_convex_trend,solved,1.0,1.0,-0.060921053421952163,-0.07922035578656436,0.007919685659046409,0.0,0.01037961670556579,0.06292728207640311,10.0
2020-10-09,0.19238692827558032,5.7716078482674096e-05,momentum_crowding_convex_trend,solved,1.0,1.0,-0.07507546372330173,-0.09603725451526424,0.006532771171293973,0.0,0.014429019620668525,0.057152301665348404,4.0
2020-10-12,0.3000000000000005,9.000000000000014e-05,momentum_crowding_convex_trend,solved,1.0,1.0,-0.08094960001347588,-0.11107433803851459,0.007624738025038667,0.0,0.022500000000000037,0.06174438446141749,6.0
2020-10-19,0.5320241273611058,0.00015960723820833173,momentum_crowding_convex_trend,solved,1.0,1.0,0.026569025307779718,-0.03269594379866847,0.01936315955436525,0.0,0.03990180955208294,0.09839501906693562,14.0
2020-10-26,0.2676242741360357,8.028728224081069e-05,momentum_crowding_convex_trend,solved,1.0,1.0,-0.05781706239999608,-0.08786803439771354,0.009979151437514792,0.0,0.02007182056020267,0.07063692885989166,9.0
2020-11-02,0.03317421812783418,9.952265438350254e-06,momentum_crowding_convex_trend,solved,1.0,1.0,-0.07933541273553514,-0.09118387743849043,0.009360398343367729,0.0,0.0024880663595875634,0.06841198119981518,3.0
2020-11-09,0.4676242741360363,0.0001402872822408109,momentum_crowding_convex_trend,solved,1.0,1.0,0.009770293327980292,-0.05299476160454733,0.0276932343723249,0.0,0.03507182056020272,0.11767164988289426,5.0
2020-11-16,0.30000000000000115,9.000000000000034e-05,momentum_crowding_convex_trend,solved,1.0,1.0,-0.022986980083001107,-0.06800018070814076,0.022513200625139566,0.0,0.022500000000000093,0.10609712678753268,5.0
2020-11-23,0.42887665947852277,0.00012866299784355684,momentum_crowding_convex_trend,solved,1.0,1.0,-0.012257336085068127,-0.0664862205511098,0.022063135005152463,0.0,0.03216574946088921,0.1050312691657881,16.0
2020-11-30,0.1711233405214778,5.133700215644333e-05,momentum_crowding_convex_trend,solved,1.0,1.0,-0.05464489344480833,-0.08962575390296763,0.02214660991904847,0.0,0.012834250539110834,0.10522977221074004,3.0
2020-12-07,0.7240690531885088,0.00021722071595655263,momentum_crowding_convex_trend,solved,1.0,1.0,0.014285927571674364,-0.07310118663700493,0.03308193521954114,0.0,0.054305178989138156,0.12861169313002052,11.0
2020-12-14,0.49516260910069126,0.00014854878273020737,momentum_crowding_convex_trend,solved,1.0,1.0,-0.04997093344350536,-0.11099737758117875,0.02388924845512156,0.0,0.03713719568255184,0.10929146456865138,6.0
2020-12-21,0.04040943871158095,1.2122831613474286e-05,momentum_crowding_convex_trend,solved,1.0,1.0,-0.06568441490415204,-0.0932673942608561,0.02455227145333549,0.0,0.0030307079033685715,0.11079772437495161,3.0
2020-12-28,0.3000000000000008,9.000000000000025e-05,momentum_crowding_convex_trend,solved,1.0,1.0,-0.01651309355913091,-0.05708283502310936,0.01806974146397839,0.0,0.022500000000000058,0.09505193702386709,7.0
2021-01-04,0.12074795558757481,3.622438667627245e-05,momentum_crowding_convex_trend,solved,1.0,1.0,-0.021898703090808623,-0.05327143648156646,0.022316636721689723,0.0,0.009056096669068111,0.10563294164627274,9.0
2021-01-11,0.0404094387115816,1.212283161347448e-05,momentum_crowding_convex_trend,solved,1.0,1.0,-0.028496067282104288,-0.05161790612249922,0.020091130937026306,0.0,0.0030307079033686196,0.10022756840566947,8.0
2021-01-18,0.496678902399067,0.0001490036707197201,momentum_crowding_convex_trend,solved,1.0,1.0,-0.030608458149599768,-0.09170665767343429,0.023847281843904503,0.0,0.03725091767993002,0.10919542537099369,6.0
2021-01-25,0.6974693924146099,0.00020924081772438297,momentum_crowding_convex_trend,solved,1.0,1.0,-0.027533568646184843,-0.10524895975606796,0.025405186678787366,0.0,0.05231020443109575,0.11270578219148157,10.0
2021-02-01,0.7634275684064498,0.0002290282705219349,momentum_crowding_convex_trend,solved,1.0,1.0,-0.004105888070990521,-0.08229638035891448,0.020933424657440237,0.0,0.05725706763048373,0.10230695151708959,16.0
2021-02-08,0.19020244041004966,5.70607321230149e-05,momentum_crowding_convex_trend,solved,0.9999999999999999,1.0,-0.020111861617627704,-0.058039507384263986,0.02366246273588256,0.0,0.014265183030753723,0.10877146394133563,5.0
2021-02-18,0.30000000000000004,9.000000000000002e-05,momentum_crowding_convex_trend,solved,0.9999999999999999,1.0,-0.04200320289680905,-0.09202677141482453,0.02752356851801548,0.0,0.022500000000000003,0.11731063148328774,4.0
2021-02-22,0.46342756840645105,0.0001390282705219353,momentum_crowding_convex_trend,solved,1.0,1.0,-0.040249210333213,-0.1147614406563456,0.03975516269264876,0.0,0.03475706763048383,0.14098787659343048,6.0
2021-03-01,0.3779437084853161,0.00011338311254559483,momentum_crowding_convex_trend,solved,1.0,1.0,-0.013610908792626896,-0.07944536444781422,0.03748867751878862,0.0,0.028345778136398703,0.13690996588778448,16.0
2021-03-08,0.5820049916290828,0.00017460149748872483,momentum_crowding_convex_trend,solved,1.0,1.0,-0.01989098374342633,-0.09082417324384534,0.027282815128237794,0.0,0.043650374372181215,0.1167964364358729,11.0
2021-03-15,2.2204460492503486e-16,6.661338147751046e-20,momentum_crowding_convex_trend,solved,1.0,1.0,-0.07669194558279009,-0.1044444616989563,0.027752516116166186,0.0,1.6653345369377612e-17,0.11779752993201127,1.0
2021-03-22,0.7052837305205326,0.0002115851191561598,momentum_crowding_convex_trend,solved,1.0,1.0,-0.024591425963036977,-0.09442500659093625,0.016937300838859325,0.0,0.05289627978903994,0.09202527054798405,14.0
2021-03-29,0.8134794466537827,0.00024404383399613484,momentum_crowding_convex_trend,solved,1.0,1.0,-0.030382761811290196,-0.09973236836077728,0.00833864805045339,0.0,0.06101095849903369,0.06457030296681823,8.0
2021-04-06,0.7009732649318521,0.00021029197947955566,momentum_crowding_convex_trend,solved,1.0,1.0,-0.009807613378634492,-0.07828365000204553,0.015903041753522112,0.0,0.05257299486988892,0.08917130074615406,16.0
2021-04-12,0.9138486223496318,0.0002741545867048895,momentum_crowding_convex_trend,solved,1.0,1.0,-0.015006300266306685,-0.10754209630665955,0.023997149364130485,0.0,0.06853864667622238,0.10953800565130462,7.0
2021-04-19,0.30000000000000066,9.00000000000002e-05,momentum_crowding_convex_trend,solved,1.0,1.0,-0.06998830387622466,-0.1103736379603067,0.01788533408408199,0.0,0.022500000000000048,0.09456567581337848,7.0
2021-04-26,0.42184982183685954,0.00012655494655105785,momentum_crowding_convex_trend,solved,1.0,1.0,0.003326894043884556,-0.05400243096968305,0.025690588375803142,0.0,0.03163873663776447,0.11333708213952559,22.0
2021-05-06,0.5466456943551989,0.00016399370830655967,momentum_crowding_convex_trend,solved,1.0,1.0,-0.013738135275816084,-0.09099083431659809,0.03625427196414208,0.0,0.04099842707663992,0.13463705278292096,13.0
2021-05-10,0.4916832189160524,0.0001475049656748157,momentum_crowding_convex_trend,solved,1.0,1.0,-0.039669970413872886,-0.11480419676435273,0.038257984931775915,0.0,0.03687624141870393,0.1383076008970149,11.0
2021-05-17,0.767990847508592,0.00023039725425257762,momentum_crowding_convex_trend,solved,1.0,1.0,-0.012458334202616349,-0.09735538875054857,0.027297740984787825,0.0,0.0575993135631444,0.11682838050916358,9.0
2021-05-24,0.43957897762292725,0.00013187369328687817,momentum_crowding_convex_trend,solved,1.0,1.0,0.0015357129100693687,-0.06683047786972715,0.035397767458076976,0.0,0.032968423321719544,0.1330371516871828,21.0
2021-05-31,0.5006262968943235,0.00015018788906829704,momentum_crowding_convex_trend,solved,1.0,1.0,0.016511278861406235,-0.06925061731370707,0.04821492390803904,0.0,0.03754697226707427,0.15526577843819778,8.0
2021-06-07,0.5116166767538552,0.00015348500302615658,momentum_crowding_convex_trend,solved,1.0,1.0,-0.014151273949132168,-0.09246116301477471,0.0399386383091034,0.0,0.03837125075653914,0.1413128414354184,13.0
2021-06-15,0.22600880831092687,6.780264249327806e-05,momentum_crowding_convex_trend,solved,1.0,1.0,-0.011429863141718774,-0.07747048215742094,0.04908995839238266,0.0,0.016950660623319513,0.15666837331188235,7.0
2021-06-21,0.5835589379228007,0.0001750676813768402,momentum_crowding_convex_trend,solved,1.0,1.0,-0.022408919954587367,-0.10141773020071779,0.03524188990192037,0.0,0.04376692034421005,0.13274390739676223,13.0
2021-06-28,0.09615280319007682,2.884584095702305e-05,momentum_crowding_convex_trend,solved,1.0,1.0,-0.037958911227607126,-0.0837706537702143,0.038600282303351406,0.0,0.007211460239255764,0.13892494790956628,5.0
2021-07-05,0.25684836833375835,7.70545105001275e-05,momentum_crowding_convex_trend,solved,1.0,1.0,-0.06186031503361912,-0.11943856099971699,0.03831461834106599,0.0,0.019263627625031882,0.13840993161812123,4.0
2021-07-12,0.22894477500556176,6.868343250166853e-05,momentum_crowding_convex_trend,solved,1.0,1.0,-0.035945624224751935,-0.08554017556929946,0.0324236932191304,0.0,0.017170858125417132,0.12732574998626633,7.0
2021-07-19,0.560739335499727,0.00016822180064991808,momentum_crowding_convex_trend,solved,1.0,1.0,-0.030850734778606108,-0.1123596692205443,0.03945348427945867,0.0,0.04205545016247953,0.14045192109661347,10.0
2021-07-26,0.003920919255367215,1.1762757766101647e-06,momentum_crowding_convex_trend,solved,1.0,1.0,-0.027099025732026737,-0.06706760680182132,0.03967451212564204,0.0,0.0002940689441525411,0.14084479423401144,2.0
2021-08-02,0.6999999999999998,0.00020999999999999995,momentum_crowding_convex_trend,solved,0.3,0.3,0.012311946211173527,-0.044026067391867214,0.0038380136030407423,0.0,0.0525,0.04380646985914719,1.0
2021-08-09,0.28295160078688664,8.488548023606599e-05,momentum_crowding_convex_trend,solved,0.29999999999999993,0.3,-0.003742087402282067,-0.029403802322171314,0.0044403448608727495,0.0,0.021221370059016496,0.04711870573812883,18.0
2021-08-16,0.2593255885236591,7.779767655709773e-05,momentum_crowding_convex_trend,solved,0.3,0.3,-0.017512119097822448,-0.0405863258406143,0.0036247876035174226,0.0,0.01944941913927443,0.04257221866145469,7.0
2021-08-23,0.579560009595599,0.0001738680028786797,momentum_crowding_convex_trend,solved,0.30000000000000004,0.3,-0.003977142821663886,-0.04877075239311646,0.0013266088517826517,0.0,0.04346700071966992,0.025754697161708695,8.0
2021-08-30,0.27956000959559957,8.386800287867987e-05,momentum_crowding_convex_trend,solved,0.30000000000000004,0.3,-0.007116255985487149,-0.0308744863911331,0.002791229685975988,0.0,0.020967000719669966,0.03735792878343223,5.0
2021-09-06,0.020439990404401923,6.131997121320577e-06,momentum_crowding_convex_trend,solved,0.3,0.3,-0.03874269060522133,-0.04314744336104521,0.002871753475493743,0.0,0.0015329992803301442,0.03789296422486464,6.0
2021-09-13,5.551115123126096e-17,1.665334536937829e-20,momentum_crowding_convex_trend,solved,0.29999999999999993,0.3,-0.04414582220207607,-0.047264675142261854,0.0031188529401857765,0.0,4.163336342344572e-18,0.03948957419487944,1.0
2021-09-22,0.2850863516711787,8.55259055013536e-05,momentum_crowding_convex_trend,solved,0.29999999999999993,0.3,-0.00726312336010208,-0.030676328226877995,0.002031728491437515,0.0,0.0213814763753384,0.03187262533458387,9.0
2021-09-27,0.020439990404402215,6.131997121320665e-06,momentum_crowding_convex_trend,solved,0.3,0.3,-0.02855883254864801,-0.03219074507704202,0.002098913248063842,0.0,0.0015329992803301661,0.03239531793379903,2.0
2021-10-08,0.2795600095955985,8.386800287867954e-05,momentum_crowding_convex_trend,solved,0.3,0.3,-0.010370836421145783,-0.032476470281649926,0.0011386331408342536,0.0,0.02096700071966989,0.02386035562218482,8.0
2021-10-11,0.2401968339353222,7.205905018059667e-05,momentum_crowding_convex_trend,solved,0.29999999999999993,0.3,-0.026768190771081446,-0.046905396513887705,0.002122443197657095,0.0,0.018014762545149166,0.03257639634503098,11.0
2021-10-18,0.014913648328822564,4.474094498646769e-06,momentum_crowding_convex_trend,solved,0.3,0.3,-0.03009723884048336,-0.033348076884850635,0.0021323144197055812,0.0,0.0011185236246616923,0.032652062872853695,4.0
2021-10-25,0.39090541856517064,0.0001172716255695512,momentum_crowding_convex_trend,solved,0.3,0.3,-0.016884952149615353,-0.05125665309836592,0.005053794556362767,0.0,0.029317906392387797,0.05026825318410601,9.0
2021-11-01,0.12417889574039388,3.7253668722118164e-05,momentum_crowding_convex_trend,solved,0.3,0.3,-0.017506947894284176,-0.030894506760735164,0.004074141685921448,0.0,0.00931341718052954,0.04513392120080776,5.0
2021-11-08,0.405819066893991,0.00012174572006819731,momentum_crowding_convex_trend,solved,0.29999999999999993,0.3,-0.014734629744646493,-0.05062602523883253,0.005454965477136711,0.0,0.030436430017049324,0.05222530745307638,6.0
2021-11-15,5.551115123125869e-17,1.6653345369377608e-20,momentum_crowding_convex_trend,solved,0.3,0.3,-0.030749238115641685,-0.036045119514188526,0.005295881398546837,0.0,4.1633363423444016e-18,0.051458145120801026,1.0
2021-11-22,0.070002037365616,2.10006112096848e-05,momentum_crowding_convex_trend,solved,0.3,0.3,-0.03202705468134775,-0.042351567649228976,0.005074360165460025,0.0,0.0052501528024212,0.05037042865342733,5.0
2021-11-29,0.19780952252237005,5.9342856756711016e-05,momentum_crowding_convex_trend,solved,0.3,0.3,-0.0031557984195644227,-0.021059871569570093,0.0030683589608279187,0.0,0.014835714189177753,0.039168603248187946,4.0
2021-12-06,0.34724209616590096,0.00010417262884977028,momentum_crowding_convex_trend,solved,0.29999999999999993,0.3,0.001631605804054078,-0.029887621368856462,0.005476069960467971,0.0,0.02604315721244257,0.052326236060259344,13.0
2021-12-13,0.8650546389093363,0.0002595163916728009,momentum_crowding_convex_trend,solved,1.0,1.0,-0.003735182441807011,-0.10071389484352933,0.032099614483522096,0.0,0.06487909791820022,0.12668783383482823,19.0
2021-12-20,0.7000000000000005,0.00021000000000000014,momentum_crowding_convex_trend,solved,0.29999999999999993,0.3,0.027679597136840046,-0.030883143659684562,0.006062740796524567,0.0,0.05250000000000004,0.05505788225369991,5.0
2021-12-27,0.2998215807464195,8.994647422392586e-05,momentum_crowding_convex_trend,solved,0.3,0.3,-0.021247088291593653,-0.0461195948126697,0.0023858879650945817,0.0,0.022486618555981466,0.03453902115792066,10.0
2022-01-04,0.4290572490373541,0.00012871717471120623,momentum_crowding_convex_trend,solved,0.3,0.3,0.0003886761071676889,-0.03437962610016865,0.002589008529534784,0.0,0.032179293677801556,0.03597921990215174,11.0
2022-01-10,0.30000000000000004,9.000000000000002e-05,momentum_crowding_convex_trend,solved,0.3,0.3,-0.01779315844285451,-0.04249306163946155,0.0021999031966070393,0.0,0.022500000000000003,0.03316551821249775,9.0
2022-01-17,1.1333526709715154e-16,3.400058012914546e-20,momentum_crowding_convex_trend,solved,0.3,0.3,-0.030060484989252456,-0.032237185835739555,0.0021767008464870907,0.0,8.500145032286366e-18,0.03299015645982215,1.0
2022-01-24,0.09201745583122978,2.7605236749368933e-05,momentum_crowding_convex_trend,solved,0.29999999999999993,0.3,-0.03242253100657912,-0.04138385964260711,0.0020600194486857597,0.0,0.006901309187342233,0.03209376457106396,6.0
2022-02-07,2.1568395217978456e-16,6.470518565393537e-20,momentum_crowding_convex_trend,solved,0.30000000000000004,0.3,-0.03329181639329707,-0.03540098409434783,0.0021091677010507447,0.0,1.6176296413483842e-17,0.03247435681465258,1.0
2022-02-14,0.26296020679387566,7.88880620381627e-05,momentum_crowding_convex_trend,solved,0.29999999999999993,0.3,-0.013993590413785364,-0.03820370877471082,0.004488102851384779,0.0,0.019722015509540673,0.047371419924806875,4.0
2022-02-21,0.2999999999999996,8.999999999999988e-05,momentum_crowding_convex_trend,solved,0.3,0.3,-0.01233745586974076,-0.03903075498844847,0.004193299118707745,0.0,0.022499999999999968,0.045789186052537255,15.0
2022-02-28,0.3217418060277296,9.652254180831888e-05,momentum_crowding_convex_trend,solved,0.3,0.3,0.002394513580741175,-0.02518403389045789,0.0034479120191193424,0.0,0.024130635452079722,0.04152054924443644,14.0
2022-03-07,0.19991641291546866,5.9974923874640594e-05,momentum_crowding_convex_trend,solved,0.3,0.3,-0.012692330278909193,-0.03155661514392577,0.003870553896356424,0.0,0.014993730968660152,0.04399178273471322,10.0
2022-03-14,0.3357009260452242,0.00010071027781356728,momentum_crowding_convex_trend,solved,0.3,0.3,-0.008579508187724776,-0.0363389092674235,0.00258183162630691,0.0,0.025177569453391817,0.03592931690351843,15.0
2022-03-21,0.1267893825000191,3.803681475000573e-05,momentum_crowding_convex_trend,solved,0.3,0.3,-0.008460688381301252,-0.019812880790966478,0.0018429887221637952,0.0,0.009509203687501432,0.030356125594052638,5.0
2022-03-28,8.42055111034475e-17,2.526165333103425e-20,momentum_crowding_convex_trend,solved,0.3,0.3,-0.020726353673190537,-0.02260637002777313,0.0018800163545825872,0.0,6.315413332758561e-18,0.03065955279013857,1.0
2022-04-06,0.21975555608723307,6.592666682616992e-05,momentum_crowding_convex_trend,solved,0.29999999999999993,0.3,-0.019963388962086246,-0.03871268186656403,0.0022676261979353014,0.0,0.01648166670654248,0.03367214128872191,6.0
2022-04-11,0.21975555608723463,6.592666682617039e-05,momentum_crowding_convex_trend,solved,0.29999999999999993,0.3,-0.014414687283713853,-0.031790092159573555,0.000893738169317104,0.0,0.016481666706542598,0.021139278243557703,4.0
2022-04-18,0.08188146151502403,2.456443845450721e-05,momentum_crowding_convex_trend,solved,0.3,0.3,-0.009220006032873342,-0.017770537341110185,0.002409421694610042,0.0,0.006141109613626802,0.03470894477371821,8.0
2022-04-25,5.782411586589123e-17,1.734723475976737e-20,momentum_crowding_convex_trend,solved,0.3,0.3,-0.030126518202546734,-0.03261161742376868,0.0024850992212219446,0.0,4.336808689941842e-18,0.03524981717131271,1.0
2022-05-05,0.15549982323355807,4.6649946970067425e-05,momentum_crowding_convex_trend,solved,0.3,0.3,-0.028946368870969914,-0.041022142605438294,0.0004132869919515281,0.0,0.011662486742516855,0.014375099859679726,3.0
2022-05-09,0.2957054002560006,8.871162007680018e-05,momentum_crowding_convex_trend,solved,0.29999999999999993,0.3,-0.01654275961570052,-0.04687588325819496,0.008155218623294396,0.0,0.022177905019200046,0.06385616110953742,6.0
2022-05-16,0.2954943865196454,8.864831595589362e-05,momentum_crowding_convex_trend,solved,0.3,0.3,-0.008284935421565151,-0.03283703909348536,0.0023900246829468043,0.0,0.0221620789889734,0.034568950540527,9.0
2022-05-23,0.2997889862636442,8.993669587909325e-05,momentum_crowding_convex_trend,solved,0.3,0.3,-0.007810566780064188,-0.03533651938715346,0.005041778637315958,0.0,0.022484173969773313,0.05020845863654828,5.0
2022-05-30,0.1563754549606389,4.6912636488191675e-05,momentum_crowding_convex_trend,solved,0.3,0.3,-0.00908429090394631,-0.02695806404487901,0.006145614018884783,0.0,0.011728159122047917,0.055432905475379796,8.0
2022-06-06,0.12094707414295996,3.628412224288799e-05,momentum_crowding_convex_trend,solved,0.3,0.3,-0.008049425086283875,-0.023141545841814208,0.006021090194808336,0.0,0.009071030560721997,0.05486843443551281,11.0
2022-06-13,0.12776779030115243,3.833033709034573e-05,momentum_crowding_convex_trend,solved,0.3,0.3,-0.013594037227327884,-0.03113304855439843,0.007956427054484114,0.0,0.009582584272586432,0.06307308084469995,8.0
2022-06-20,0.3618035710720878,0.00010854107132162634,momentum_crowding_convex_trend,solved,0.3,0.3,-0.001461847250552848,-0.035234731984018115,0.006637616903058684,0.0,0.027135267830406585,0.05760910042284415,12.0
2022-06-27,0.08384389053753928,2.5153167161261786e-05,momentum_crowding_convex_trend,solved,0.3,0.3,-0.011182754080050457,-0.026653676041448,0.009182630171082099,0.0,0.006288291790315445,0.06775924354315838,4.0
2022-07-04,1.1898035035792818e-16,3.5694105107378454e-20,momentum_crowding_convex_trend,solved,0.3,0.3,-0.008166755298797559,-0.017571631768922243,0.009404876470124675,0.0,8.923526276844613e-18,0.06857432635514794,1.0
2022-07-11,0.20203691356241749,6.061107406872525e-05,momentum_crowding_convex_trend,solved,0.29999999999999993,0.3,-0.008122900471719726,-0.0351815985098381,0.01190592952093706,0.0,0.01515276851718131,0.07715545839711233,7.0
2022-07-18,0.17984198218565292,5.3952594655695875e-05,momentum_crowding_convex_trend,solved,0.29999999999999993,0.3,-0.016983203993557322,-0.03955755907341534,0.009086206415934049,0.0,0.013488148663923968,0.06740254600508074,5.0
2022-07-25,0.2853322680632701,8.559968041898102e-05,momentum_crowding_convex_trend,solved,0.3,0.3,-0.008050005446972548,-0.03415912324215225,0.004709197690434448,0.0,0.021399920104745253,0.04852420885720059,8.0
2022-08-01,0.0991571161160936,2.974713483482808e-05,momentum_crowding_convex_trend,solved,0.3,0.3,-0.023250111630854903,-0.03699409416207567,0.006307198822513747,0.0,0.007436783708707019,0.056156917750682094,4.0
2022-08-08,0.14085684973772913,4.225705492131874e-05,momentum_crowding_convex_trend,solved,0.3,0.3,-0.02254062449666602,-0.03935237625991902,0.006247488032923313,0.0,0.010564263730329686,0.05589046445022314,8.0
2022-08-15,0.08172579438629171,2.4517738315887512e-05,momentum_crowding_convex_trend,solved,0.30000000000000004,0.3,-0.014653544804484997,-0.027377305832590827,0.006594326449133953,0.0,0.006129434578971878,0.057420930195939676,7.0
2022-08-22,0.08172579438629374,2.4517738315888122e-05,momentum_crowding_convex_trend,solved,0.3,0.3,-0.035452699399186084,-0.050650286368999486,0.009068152390841373,0.0,0.0061294345789720305,0.06733554926946603,4.0
2022-08-29,3.0068540250264297e-17,9.020562075079288e-21,momentum_crowding_convex_trend,solved,0.3,0.3,-0.024332861052246413,-0.03315697902200503,0.008824117969758617,0.0,2.2551405187698223e-18,0.066423331630379,1.0
2022-09-05,0.47499656239127097,0.0001424989687173813,momentum_crowding_convex_trend,solved,0.3,0.3,0.0019117315528340215,-0.0392756887586771,0.005562678132165799,0.0,0.035624742179345324,0.0527384021950125,10.0
2022-09-13,0.30000000000000043,9.000000000000013e-05,momentum_crowding_convex_trend,solved,0.29999999999999993,0.3,-0.024833187511218085,-0.05249512722679012,0.005161939715571993,0.0,0.022500000000000037,0.050803246528012325,4.0
2022-09-19,3.470516038105138e-17,1.0411548114315414e-20,momentum_crowding_convex_trend,solved,0.29999999999999993,0.3,-0.02586490754449694,-0.030945295567198994,0.005080388022702049,0.0,2.6028870285788537e-18,0.05040033741306724,1.0
2022-09-26,5.551115123125901e-17,1.6653345369377702e-20,momentum_crowding_convex_trend,solved,0.3,0.3,-0.036001747398220214,-0.041065501038272965,0.005063753640052746,0.0,4.1633363423444255e-18,0.050317758495648165,1.0
2022-10-10,9.685116504334534e-31,2.9055349513003603e-34,momentum_crowding_convex_trend,solved,0.3,0.3,-0.029645454700014423,-0.034431337660025194,0.004785882960010772,0.0,7.2638373782509e-32,0.048917701090764536,1.0
2022-10-17,0.349756120182301,0.00010492683605469031,momentum_crowding_convex_trend,solved,0.29999999999999993,0.3,-0.003929505571213774,-0.0365334618942402,0.006372247309353853,0.0,0.026231709013672572,0.056445758518040366,10.0
2022-10-24,0.2502438798177003,7.507316394531009e-05,momentum_crowding_convex_trend,solved,0.3,0.3,-0.01957175434841737,-0.046977967258079276,0.008637921923334384,0.0,0.018768290986327516,0.0657188021928823,4.0
2022-10-31,1.0408340855860993e-16,3.122502256758298e-20,momentum_crowding_convex_trend,solved,0.30000000000000004,0.3,-0.033702083484667564,-0.0419653424794054,0.008263258994737831,0.0,7.806255641895743e-18,0.06427775274050047,1.0
2022-11-07,0.29999999999999993,8.999999999999998e-05,momentum_crowding_convex_trend,solved,0.3,0.3,-0.008259967410425718,-0.03728243368303062,0.0065224662726049085,0.0,0.022499999999999996,0.05710720739365964,7.0
2022-11-14,0.29999999999999943,8.999999999999983e-05,momentum_crowding_convex_trend,solved,0.29999999999999993,0.3,-0.0357032093087021,-0.06466319903071366,0.006459989722011605,0.0,0.022499999999999958,0.05683304374222625,5.0
2022-11-21,1.1102230246251565e-16,3.3306690738754693e-20,momentum_crowding_convex_trend,solved,0.29999999999999993,0.3,-0.026703522412865437,-0.033111961326290615,0.00640843891342517,0.0,8.326672684688674e-18,0.05660582528956349,1.0
2022-11-28,0.049756120182302264,1.4926836054690679e-05,momentum_crowding_convex_trend,solved,0.3,0.3,-0.04166508408757254,-0.05219794345608242,0.006801150354837215,0.0,0.0037317090136726695,0.05831445084555463,4.0
2022-12-05,0.14304815342394528,4.291444602718358e-05,momentum_crowding_convex_trend,solved,0.3,0.3,-0.00849347003212161,-0.024352806978902134,0.005130725439984629,0.0,0.010728611506795896,0.050649409868154575,7.0
2022-12-12,0.051837991517535244,1.5551397455260575e-05,momentum_crowding_convex_trend,solved,0.3,0.3,-0.017131659304741125,-0.02616089101237788,0.005141382343821609,0.0,0.0038878493638151435,0.05070198390507816,4.0
2022-12-19,0.143048153423946,4.29144460271838e-05,momentum_crowding_convex_trend,solved,0.3,0.3,-0.030059090446444198,-0.04771615835540026,0.006928456402160112,0.0,0.01072861150679595,0.05885769449341399,6.0
2022-12-26,2.6934059096544824e-17,8.080217728963446e-21,momentum_crowding_convex_trend,solved,0.3,0.3,-0.02472890617074219,-0.03149493634954921,0.006766030178807016,0.0,2.020054432240862e-18,0.05816369219198097,1.0
2023-01-03,0.3965697090463982,0.00011897091271391947,momentum_crowding_convex_trend,solved,0.3,0.3,0.0035715822446876558,-0.030181852439675066,0.004010706505882857,0.0,0.029742728178479866,0.0447811707410763,7.0
2023-01-09,0.4975268703527805,0.00014925806110583414,momentum_crowding_convex_trend,solved,0.3,0.3,-0.003025501384432451,-0.044882767649909026,0.004542750989018043,0.0,0.037314515276458536,0.047658949783949515,13.0
2023-01-16,0.7000000000000006,0.0002100000000000002,momentum_crowding_convex_trend,solved,1.0,1.0,-0.03180283528575278,-0.11788760302179528,0.03358476773604245,0.0,0.052500000000000054,0.1295854307706743,10.0
2023-01-30,0.09166333661369182,2.7499000984107546e-05,momentum_crowding_convex_trend,solved,0.9999999999999999,1.0,-0.02254120288505395,-0.06572645156288956,0.036310498431808724,0.0,0.006874750246026886,0.13474141611213816,11.0
2023-02-06,0.6059034206008223,0.00018177102618024667,momentum_crowding_convex_trend,solved,1.0,1.0,-0.01726387086968211,-0.10843108492848039,0.045724457513736605,0.0,0.04544275654506167,0.15120260830047974,11.0
2023-02-13,0.6397816604712321,0.00019193449814136962,momentum_crowding_convex_trend,solved,1.0,1.0,0.0010768396552766693,-0.09401059331584236,0.04710380843577662,0.0,0.047983624535342405,0.153466296683957,15.0
2023-02-20,0.7033213306077732,0.000210996399182332,momentum_crowding_convex_trend,solved,1.0,1.0,-0.04578361609544306,-0.12217533292061662,0.02364261702959057,0.0,0.05274909979558299,0.1087258410627174,12.0
2023-02-27,0.5672327088712924,0.00017016981266138772,momentum_crowding_convex_trend,solved,0.9999999999999999,1.0,-0.021071725668231726,-0.07845319916614356,0.014839020332564897,0.0,0.04254245316534693,0.08613657856150574,7.0
2023-03-06,0.3000000000000006,9.000000000000018e-05,momentum_crowding_convex_trend,solved,1.0,1.0,-0.032840967699714035,-0.06408974520959562,0.008748777509881544,0.0,0.022500000000000044,0.06613916203688078,10.0
2023-03-13,0.7000000000000001,0.00021,momentum_crowding_convex_trend,solved,0.29999999999999993,0.3,0.016816619405182497,-0.03790971916247289,0.00222633856765538,0.0,0.052500000000000005,0.03336419164055515,1.0
2023-03-20,0.29999999999999943,8.999999999999983e-05,momentum_crowding_convex_trend,solved,0.29999999999999993,0.3,-0.020315570694492663,-0.042838484778216515,2.291408372389262e-05,0.0,0.022499999999999958,0.0033848252335898095,8.0
2023-03-27,0.700000000000001,0.00021000000000000028,momentum_crowding_convex_trend,solved,1.0,1.0,-0.001403275365933647,-0.07079357349551316,0.016890298129579442,0.0,0.05250000000000007,0.09189749215723855,8.0
2023-04-03,0.3781111656649215,0.00011343334969947644,momentum_crowding_convex_trend,solved,1.0,1.0,-0.06857012956108022,-0.11036031174786418,0.01343184476191485,0.0,0.02835833742486911,0.08195073142417598,6.0
2023-04-10,0.6716918563501296,0.0002015075569050389,momentum_crowding_convex_trend,solved,1.0,1.0,0.005298545048590446,-0.06851740693135275,0.02343906275368347,0.0,0.05037688922625972,0.10825678443793596,27.0
2023-04-17,0.3907939137687989,0.00011723817413063968,momentum_crowding_convex_trend,solved,1.0,1.0,-0.04309416887290073,-0.08923305813872852,0.01682934573316787,0.0,0.029309543532659917,0.09173152602341211,9.0
2023-04-24,0.29529557110989707,8.858867133296913e-05,momentum_crowding_convex_trend,solved,0.9999999999999999,1.0,-0.01791462298498096,-0.06166925561887097,0.021607464800647732,0.0,0.02214716783324228,0.103941004422335,7.0
2023-05-04,0.8782560106093349,0.00026347680318280044,momentum_crowding_convex_trend,solved,1.0,1.0,-0.04844409413416126,-0.1277292347989748,0.013415939869113417,0.0,0.06586920079570012,0.08190219737318839,12.0
2023-05-08,0.3000000000000014,9.000000000000041e-05,momentum_crowding_convex_trend,solved,1.0,1.0,-0.05533597908675196,-0.08843252747243925,0.010596548385687188,0.0,0.022500000000000103,0.072789245035538,7.0
2023-05-15,0.7,0.00020999999999999995,momentum_crowding_convex_trend,solved,0.29999999999999993,0.3,0.02061902975644983,-0.03450018597977063,0.0026192157362204633,0.0,0.0525,0.036188504640427346,1.0
2023-05-22,0.17730929094813525,5.319278728444057e-05,momentum_crowding_convex_trend,solved,0.3,0.3,-0.016668999895455824,-0.032623678296969987,0.002656481580404019,0.0,0.013298196821110143,0.036445037936624645,9.0
2023-05-29,0.42269070905186545,0.00012680721271555962,momentum_crowding_convex_trend,solved,0.29999999999999993,0.3,-0.008987426053054068,-0.043543184222318745,0.00285395499037477,0.0,0.03170180317888991,0.03777535565931028,8.0
2023-06-05,0.23490136792322572,7.047041037696771e-05,momentum_crowding_convex_trend,solved,0.29999999999999993,0.3,-0.018725317575556497,-0.038407457247474734,0.002064537077676311,0.0,0.01761760259424193,0.03212893616100844,7.0
2023-06-12,0.3828569194962921,0.00011485707584888762,momentum_crowding_convex_trend,solved,0.3,0.3,-0.006033283963163622,-0.0387995258696651,0.0040519729442795695,0.0,0.028714268962221904,0.04501095946699853,12.0
2023-06-19,0.771334416836042,0.0002314003250508126,momentum_crowding_convex_trend,solved,1.0,1.0,-0.03449753957498783,-0.1210836439807711,0.028736023143080113,0.0,0.05785008126270315,0.11986664077857549,15.0
2023-06-26,0.7000000000000002,0.00021000000000000006,momentum_crowding_convex_trend,solved,0.3,0.3,0.007603990859640988,-0.04799732300258145,0.003101313862222427,0.0,0.05250000000000001,0.03937838151970207,4.0
2023-07-03,0.1457334368582173,4.3720031057465195e-05,momentum_crowding_convex_trend,solved,0.29999999999999993,0.3,-0.018168731631735872,-0.03138517851769658,0.002286439121594414,0.0,0.010930007764366296,0.03381152999787509,6.0
2023-07-10,5.700239871242791e-17,1.7100719613728375e-20,momentum_crowding_convex_trend,solved,0.3,0.3,-0.029760506444010123,-0.03231311611915514,0.002552609675145015,0.0,4.275179903432093e-18,0.03572540885101957,1.0
2023-07-17,0.7000000000000004,0.00021000000000000014,momentum_crowding_convex_trend,solved,1.0,1.0,-0.04109789786191171,-0.11924895614516497,0.02565105828325323,0.0,0.052500000000000026,0.11324985272231755,4.0
2023-07-24,0.7000000000000005,0.00021000000000000014,momentum_crowding_convex_trend,solved,0.3,0.3,0.022110250502915874,-0.03375649140221901,0.003366741905134842,0.0,0.05250000000000004,0.041028903867486165,7.0
2023-07-31,0.7000000000000004,0.00021000000000000014,momentum_crowding_convex_trend,solved,1.0,1.0,-0.04843380652119746,-0.13633462742879435,0.03540082090759685,0.0,0.052500000000000026,0.13304288952739424,9.0
2023-08-07,0.4439031139842727,0.00013317093419528182,momentum_crowding_convex_trend,solved,1.0,1.0,-0.03711708699725434,-0.1059296171336022,0.03551979658752741,0.0,0.03329273354882045,0.13326626840188668,6.0
2023-08-14,0.4932457104006826,0.0001479737131202048,momentum_crowding_convex_trend,solved,1.0,1.0,-0.03422248471662493,-0.10054324654376183,0.02932733354708571,0.0,0.03699342828005119,0.12109362812940595,10.0
2023-08-21,0.7000000000000002,0.00021000000000000006,momentum_crowding_convex_trend,solved,0.3,0.3,0.023716992160715135,-0.031095362900478672,0.0023123550611937934,0.0,0.05250000000000001,0.03400261064384464,1.0
2023-08-28,3.3280069439011436e-31,9.98402083170343e-35,momentum_crowding_convex_trend,solved,0.3,0.3,-0.017183181667346864,-0.01951302714654889,0.002329845479202024,0.0,2.4960052079258576e-32,0.034130964527844976,1.0
2023-09-04,0.14390311398427358,4.3170934195282074e-05,momentum_crowding_convex_trend,solved,0.29999999999999993,0.3,-0.02450082618271844,-0.03900161076661197,0.0037080510350730104,0.0,0.010792733548820517,0.04305839659737117,4.0
2023-09-11,0.013657144293250652,4.097143287975195e-06,momentum_crowding_convex_trend,solved,0.3,0.3,-0.01912957278838509,-0.02335851035090593,0.0032046517405270366,0.0,0.001024285821993799,0.0400290628202,5.0
2023-09-18,0.2065555895052117,6.196667685156351e-05,momentum_crowding_convex_trend,solved,0.3,0.3,-0.026048407308380796,-0.044011160988092525,0.0024710844668208495,0.0,0.015491669212890876,0.03515028070173017,7.0
2023-09-25,0.3797872662015384,0.00011393617986046151,momentum_crowding_convex_trend,solved,0.3,0.3,-0.006469913542085332,-0.03569803151788966,0.000744073010688947,0.0,0.02848404496511538,0.019288247855740383,8.0
2023-10-09,0.2202127337984609,6.606382013953827e-05,momentum_crowding_convex_trend,solved,0.3,0.3,-0.010828154863122542,-0.027513438204851352,0.00016932830684424392,0.0,0.016515955034884566,0.009201312592349091,5.0
2023-10-16,0.07978726620154065,2.39361798604622e-05,momentum_crowding_convex_trend,solved,0.3,0.3,-0.03204311599992984,-0.03821452314648168,0.00018736218143629294,0.0,0.005984044965115549,0.009678899251368746,4.0
2023-10-23,0.3000000000000006,9.000000000000018e-05,momentum_crowding_convex_trend,solved,0.3,0.3,-0.026273449257810434,-0.049087979722753514,0.0003145304649430351,0.0,0.022500000000000044,0.01254054354769033,7.0
2023-10-30,6.964162678904245e-31,2.0892488036712734e-34,momentum_crowding_convex_trend,solved,0.3,0.3,-0.032146762043882234,-0.03246075590567864,0.00031399386179640647,0.0,5.223122009178183e-32,0.012529841615048581,1.0
2023-11-06,5.551115123126146e-17,1.665334536937844e-20,momentum_crowding_convex_trend,solved,0.29999999999999993,0.3,-0.028067511218013253,-0.028336549128502454,0.00026903791048919887,0.0,4.1633363423446096e-18,0.011598230694575764,1.0
2023-11-13,0.2626492751620778,7.879478254862335e-05,momentum_crowding_convex_trend,solved,0.3,0.3,-0.007270988833300341,-0.028281745761164236,0.0013120612907080624,0.0,0.019698695637155834,0.025613095192772606,11.0
2023-11-20,0.29999999999999943,8.999999999999983e-05,momentum_crowding_convex_trend,solved,0.29999999999999993,0.3,-0.016762215004467527,-0.0422527475021665,0.0029905324976990163,0.0,0.022499999999999958,0.038668672706074464,4.0
2023-11-27,0.3000000000000001,9.000000000000003e-05,momentum_crowding_convex_trend,solved,0.29999999999999993,0.3,-0.02237669807610032,-0.04896783677306166,0.00409113869696133,0.0,0.022500000000000006,0.04522797086406447,8.0
2023-12-04,1.572609881121133e-16,4.717829643363399e-20,momentum_crowding_convex_trend,solved,0.3,0.3,-0.022360334111243867,-0.026359351404263088,0.003999017293019212,0.0,1.1794574108408497e-17,0.04471586571352058,1.0
2023-12-11,0.06445116581349246,1.9335349744047736e-05,momentum_crowding_convex_trend,solved,0.30000000000000004,0.3,-0.018621083058936682,-0.027084702279176177,0.00362978178422756,0.0,0.004833837436011935,0.04260153626471445,3.0
2023-12-18,6.245004513516504e-17,1.8735013540549512e-20,momentum_crowding_convex_trend,solved,0.29999999999999993,0.3,-0.03197487250461716,-0.035661048071748254,0.0036861755671310876,0.0,4.683753385137378e-18,0.0429311982544809,1.0
2023-12-25,0.29999999999999943,8.999999999999983e-05,momentum_crowding_convex_trend,solved,0.29999999999999993,0.3,-0.019002881597437765,-0.043013918088869625,0.001511036491431905,0.0,0.022499999999999958,0.027486692156677428,4.0
2024-01-02,0.3,8.999999999999999e-05,momentum_crowding_convex_trend,solved,0.3,0.3,-0.01894830490842738,-0.04485285773000707,0.0034045528215796914,0.0,0.0225,0.041258652556643745,4.0
2024-01-08,0.5355488341865084,0.00016066465025595252,momentum_crowding_convex_trend,solved,0.3,0.3,-0.004763903118030301,-0.04495756561499691,2.7499932978479825e-05,0.0,0.04016616256398813,0.0037080947249551097,9.0
2024-01-15,1.1796119636642478e-16,3.538835890992744e-20,momentum_crowding_convex_trend,solved,0.3,0.3,-0.021740741710838736,-0.021767011782336188,2.627007149744251e-05,0.0,8.847089727481859e-18,0.003624228986794468,1.0
2024-01-22,7.042520001409368e-17,2.1127560004228104e-20,momentum_crowding_convex_trend,solved,0.3,0.3,-0.03431713040962672,-0.03434282222218518,2.5691812558454094e-05,0.0,5.2818900010570265e-18,0.0035841186195809767,1.0
2024-01-29,0.06445116581349301,1.93353497440479e-05,momentum_crowding_convex_trend,solved,0.29999999999999993,0.3,-0.02000639113569365,-0.024942952164855637,0.00010272359315001034,0.0,0.004833837436011976,0.007166714489569482,4.0
2024-02-05,2.289834988289402e-16,6.869504964868206e-20,momentum_crowding_convex_trend,solved,0.3,0.3,-0.027084538551033356,-0.027187518788147878,0.00010298023711450288,0.0,1.7173762412170514e-17,0.007175661541436541,1.0
2024-02-19,1.7057627150689118e-16,5.117288145206736e-20,momentum_crowding_convex_trend,solved,0.3,0.3,-0.019536034212410847,-0.019636692708583526,0.00010065849617266656,0.0,1.2793220363016837e-17,0.007094310966283708,1.0
2024-02-26,0.5355488341865069,0.00016066465025595206,momentum_crowding_convex_trend,solved,0.3,0.3,0.00024161374755621995,-0.043782877139380706,0.0038583283229489114,0.0,0.040166162563988014,0.04392225132520481,11.0
2024-03-04,0.30000000000000004,9.000000000000002e-05,momentum_crowding_convex_trend,solved,0.3,0.3,-0.013497238710772509,-0.04124364519468208,0.005246406483909569,0.0,0.022500000000000003,0.05121721626518552,6.0
2024-03-11,1.4918621893400664e-16,4.4755865680201996e-20,momentum_crowding_convex_trend,solved,0.3,0.3,-0.02523385053189099,-0.030597262304170498,0.005363411772279496,0.0,1.1188966420050499e-17,0.05178518983396457,1.0
2024-03-18,0.16817676059246284,5.045302817773885e-05,momentum_crowding_convex_trend,solved,0.3,0.3,-0.007537256463199169,-0.026131834019527653,0.005981320511893772,0.0,0.012613257044434712,0.05468692947996702,6.0
2024-03-25,0.1318232394075382,3.954697182226146e-05,momentum_crowding_convex_trend,solved,0.3,0.3,-0.03135464407083157,-0.04646519016327944,0.005223803136882505,0.0,0.009886742955565365,0.0511067663665121,4.0
2024-04-01,0.4611440053780849,0.00013834320161342547,momentum_crowding_convex_trend,solved,0.3,0.3,-0.011187704446168616,-0.04837780346364721,0.0026042986141222198,0.0,0.03458580040335637,0.03608530597156009,14.0
2024-04-08,0.16695054414304833,5.00851632429145e-05,momentum_crowding_convex_trend,solved,0.3,0.3,-0.028575808812288533,-0.0438120203030917,0.0027149206800745423,0.0,0.012521290810728624,0.036843728639176454,5.0
2024-04-15,0.13304945585695305,3.991483675708591e-05,momentum_crowding_convex_trend,solved,0.29999999999999993,0.3,-0.023702470162889948,-0.036105154725832006,0.0024239753736705837,0.0,0.009978709189271478,0.034813613527401775,7.0
2024-04-22,0.29999999999999855,8.999999999999957e-05,momentum_crowding_convex_trend,solved,0.3,0.3,-0.02488956492802696,-0.04840913162378793,0.00101956669576108,0.0,0.02249999999999989,0.022578382313189312,7.0
2024-04-29,0.18576448543732918,5.572934563119876e-05,momentum_crowding_convex_trend,solved,0.3,0.3,-0.009999810777514368,-0.02552431040593376,0.0015921632206197032,0.0,0.013932336407799688,0.028214918222632713,12.0
2024-05-06,0.9629770786336397,0.0002888931235900919,momentum_crowding_convex_trend,solved,1.0,1.0,0.009434115023312789,-0.09780443242452168,0.0350152665503115,0.0,0.07222328089752297,0.13231641347601494,16.0
2024-05-13,0.3534455750391246,0.00010603367251173739,momentum_crowding_convex_trend,solved,1.0,1.0,-0.0516104923129652,-0.11269277553513898,0.034573865094239424,0.0,0.026508418127934346,0.13147977999342603,6.0
2024-05-20,0.9000000000000002,0.00027000000000000006,momentum_crowding_convex_trend,solved,1.0,1.0,-0.05426014336224387,-0.1337484668698457,0.01198832350760182,0.0,0.06750000000000002,0.07742197203508129,7.0
2024-05-27,0.30000000000000104,9.000000000000032e-05,momentum_crowding_convex_trend,solved,0.9999999999999999,1.0,-0.03273665137346546,-0.06492707396031114,0.009690422586845604,0.0,0.02250000000000008,0.06960755198556262,9.0
2024-06-03,0.8254679953631925,0.0002476403986089577,momentum_crowding_convex_trend,solved,1.0,1.0,-0.06143545106527792,-0.13916046390838174,0.0158149131908644,0.0,0.06191009965223943,0.08892388090626836,9.0
2024-06-11,0.7916836865087142,0.00023750510595261427,momentum_crowding_convex_trend,solved,0.9999999999999999,1.0,-0.04051537793023731,-0.11388528526489093,0.013993630846500054,0.0,0.059376276488153565,0.08364696900217022,11.0
2024-06-17,0.2372794995478216,7.118384986434649e-05,momentum_crowding_convex_trend,solved,1.0,1.0,-0.08481938537613479,-0.12041061232143586,0.017795264479214448,0.0,0.01779596246608662,0.09432726138082895,11.0
2024-06-24,0.7000000000000005,0.00021000000000000014,momentum_crowding_convex_trend,solved,0.3,0.3,0.012882888569287668,-0.04296944503568725,0.003352333604974878,0.0,0.05250000000000004,0.0409410161389216,4.0
2024-07-01,0.03696780201113473,1.109034060334042e-05,momentum_crowding_convex_trend,solved,0.3,0.3,-0.034852835832558826,-0.04086645952191421,0.0032410385385202804,0.0,0.002772585150835105,0.040255673752405886,2.0
2024-07-08,1.1093356479670479e-31,3.3280069439011437e-35,momentum_crowding_convex_trend,solved,0.3,0.3,-0.024264110410454537,-0.0275461506187004,0.003282040208245863,0.0,8.320017359752858e-33,0.040509506342621994,1.0
2024-07-15,0.7000000000000004,0.00021000000000000014,momentum_crowding_convex_trend,solved,1.0,1.0,-0.046501710096497804,-0.12603029813799863,0.027028588041500795,0.0,0.052500000000000026,0.11625099578390886,12.0
2024-07-22,0.9901006968831232,0.00029703020906493696,momentum_crowding_convex_trend,solved,1.0,1.0,-0.02235510064489224,-0.10591138096470464,0.009298728053578164,0.0,0.07425755226623423,0.06818624514364376,22.0
2024-07-29,0.7000000000000001,0.00021,momentum_crowding_convex_trend,solved,0.30000000000000004,0.3,0.008273229418633551,-0.044303578157866924,7.680757650047291e-05,0.0,0.052500000000000005,0.006197079009520248,1.0
2024-08-05,0.2260170022727105,6.780510068181315e-05,momentum_crowding_convex_trend,solved,0.29999999999999993,0.3,-0.011212948150555423,-0.029667685502338777,0.0015034621813300678,0.0,0.016951275170453285,0.027417714905969715,6.0
2024-08-12,1.0755285551056204e-16,3.226585665316861e-20,momentum_crowding_convex_trend,solved,0.29999999999999993,0.3,-0.027255317385968838,-0.028544814762297775,0.0012894973763289295,0.0,8.066464163292152e-18,0.02539190201943259,1.0
2024-08-19,1.1102230246251565e-16,3.3306690738754693e-20,momentum_crowding_convex_trend,solved,0.29999999999999993,0.3,-0.028176872638822147,-0.029458716380338163,0.0012818437415160083,0.0,8.326672684688674e-18,0.02531643479556322,1.0
2024-08-26,0.22601700227271093,6.780510068181327e-05,momentum_crowding_convex_trend,solved,0.3,0.3,-0.026888444829044976,-0.044735649430412826,0.0008959294309145323,0.0,0.01695127517045332,0.021165176953129076,6.0
2024-09-02,7.064018923913638e-19,2.119205677174091e-22,momentum_crowding_convex_trend,solved,0.3,0.3,-0.027828110467309687,-0.028720765487699494,0.0008926550203898081,0.0,5.298014192935228e-20,0.021126464687564364,1.0
2024-09-09,5.551115123125922e-17,1.6653345369377768e-20,momentum_crowding_convex_trend,solved,0.3,0.3,-0.02905976451972046,-0.029987317877561304,0.0009275533578408401,0.0,4.163336342344442e-18,0.021535474894239504,1.0
2024-09-18,1.3183898417423512e-16,3.9551695252270535e-20,momentum_crowding_convex_trend,solved,0.3,0.3,-0.042627080473825574,-0.04353664393422804,0.0009095634604024593,0.0,9.887923813067634e-18,0.021325612070963628,1.0
2024-09-23,8.782240546405795e-31,2.634672163921739e-34,momentum_crowding_convex_trend,solved,0.3,0.3,-0.02922253302213633,-0.03013190927958942,0.0009093762574530906,0.0,6.586680409804347e-32,0.021323417379176004,1.0
2024-09-30,0.7000000000000001,0.00021,momentum_crowding_convex_trend,solved,1.0,1.0,0.015958893208123666,-0.07703561426001734,0.040494507468141004,0.0,0.052500000000000005,0.14229284498551042,11.0
2024-10-08,1.5265566588595853e-16,4.5796699765787557e-20,momentum_crowding_convex_trend,solved,1.0,1.0,0.00135735776874391,-0.05882816726395155,0.06018552503269545,0.0,1.1449174941446889e-17,0.17347265639387588,1.0
2024-10-14,0.10833631234755572,3.250089370426672e-05,momentum_crowding_convex_trend,solved,1.0,1.0,0.07001721766576814,-0.016209072942429393,0.07810106718213085,0.0,0.00812522342606668,0.19761207855560203,3.0
2024-10-21,1.1118135495714823,0.00033354406487144466,momentum_crowding_convex_trend,solved,0.9999999999999999,1.0,-0.018121033360947933,-0.13115136223557008,0.029644312656760985,0.0,0.08338601621786117,0.1217462784991003,15.0
2024-10-28,0.3000000000000013,9.000000000000039e-05,momentum_crowding_convex_trend,solved,1.0,1.0,0.06905273617213897,0.005964587355945342,0.04058814881619353,0.0,0.0225000000000001,0.1424572722190649,18.0
2024-11-04,0.46676466286312895,0.00014002939885893867,momentum_crowding_convex_trend,solved,1.0,1.0,0.021805029508064518,-0.060817614893882474,0.047615294687212324,0.0,0.03500734971473467,0.154297269397764,19.0
2024-11-11,0.06861133239891101,2.0583399719673304e-05,momentum_crowding_convex_trend,solved,1.0,1.0,0.03547504883498146,-0.024025988240017667,0.0543551871450808,0.0,0.005145849929918326,0.1648562815683418,4.0
2024-11-18,0.9284291526026345,0.00027852874578079037,momentum_crowding_convex_trend,solved,1.0,1.0,-0.02310353023447413,-0.11772132999731977,0.02498561331764805,0.0,0.06963218644519759,0.11177122464580956,8.0
2024-11-25,0.6013262356124003,0.00018039787068372008,momentum_crowding_convex_trend,solved,1.0,1.0,-0.02225340097580513,-0.08556720448965312,0.018214335842917966,0.0,0.04509946767093002,0.09543148286314629,11.0
2024-12-02,0.28497764781580526,8.549329434474158e-05,momentum_crowding_convex_trend,solved,1.0,1.0,-0.09864332023972566,-0.13694779439056445,0.016931150564653396,0.0,0.021373323586185395,0.09200856091868136,3.0
2024-12-09,0.815022352184195,0.00024450670565525853,momentum_crowding_convex_trend,solved,1.0,1.0,-0.017914716541285333,-0.11075623667107937,0.03171484371597941,0.0,0.061126676413814626,0.12592625563396104,12.0
2024-12-16,0.8641186865319138,0.00025923560595957415,momentum_crowding_convex_trend,solved,0.9999999999999999,1.0,-0.004599805337981808,-0.1071201172211302,0.03771141039325486,0.0,0.06480890148989353,0.13731607770624468,14.0
2024-12-23,0.32282171657001524,9.684651497100457e-05,momentum_crowding_convex_trend,solved,1.0,1.0,-0.031449859784404705,-0.07769703218326295,0.022035543656107107,0.0,0.02421162874275114,0.10496557449018012,11.0
2024-12-30,0.22747043010837195,6.824112903251158e-05,momentum_crowding_convex_trend,solved,1.0,1.0,-0.03512306213209924,-0.07693116670201086,0.024747822311783723,0.0,0.017060282258127897,0.11123808320845816,13.0
2025-01-06,0.27060464937965534,8.11813948138966e-05,momentum_crowding_convex_trend,solved,0.9999999999999999,1.0,-0.0693855334841466,-0.10647655678082091,0.016795674593200166,0.0,0.020295348703474148,0.0916397146252654,8.0
2025-01-13,0.3000000000000011,9.000000000000033e-05,momentum_crowding_convex_trend,solved,1.0,1.0,-0.059690487374572505,-0.10108118421372124,0.01889069683914865,0.0,0.022500000000000082,0.09718718238314313,7.0
2025-01-20,0.7856764236534419,0.0002357029270960326,momentum_crowding_convex_trend,solved,1.0,1.0,-0.03672807775091093,-0.11044844952035983,0.014794639995440761,0.0,0.058925731774008144,0.0860076740629601,10.0
2025-01-27,0.17613769194696502,5.28413075840895e-05,momentum_crowding_convex_trend,solved,1.0,1.0,-0.06679615239356022,-0.09818812549811494,0.018181646208532347,0.0,0.013210326896022376,0.09534580800573339,7.0
2025-02-05,0.21382653985352942,6.414796195605883e-05,momentum_crowding_convex_trend,solved,1.0000000000000002,1.0,-0.05412281135890777,-0.09381272079362982,0.023652918945707348,0.0,0.016036990489014705,0.10874952631093927,7.0
2025-02-10,0.542068660944243,0.0001626205982832729,momentum_crowding_convex_trend,solved,1.0,1.0,-0.03437911851853625,-0.09362802325858664,0.018593755169232173,0.0,0.04065514957081822,0.0964203172812457,12.0
2025-02-17,0.40257032237043133,0.0001207710967111294,momentum_crowding_convex_trend,solved,1.0,1.0,0.0054925605509242095,-0.05412610156217867,0.029425887935320527,0.0,0.03019277417778235,0.12129692480710409,10.0
2025-02-24,0.13614419099593084,4.084325729877925e-05,momentum_crowding_convex_trend,solved,0.9999999999999999,1.0,-0.02219291770432487,-0.06031034660741986,0.027906614578400175,0.0,0.010210814324694813,0.11812411815205262,8.0
2025-03-03,0.09182382479977635,2.7547147439932905e-05,momentum_crowding_convex_trend,solved,1.0,1.0,0.012116245826138974,-0.030649056600971645,0.03587851556712739,0.0,0.006886786859983227,0.13393751447433874,7.0
2025-03-10,0.45837890408505266,0.00013751367122551578,momentum_crowding_convex_trend,solved,1.0,1.0,-0.03600104195984669,-0.11100366740601515,0.040624207639789515,0.0,0.03437841780637895,0.1425205382388614,8.0
2025-03-17,0.3658265046494632,0.00010974795139483895,momentum_crowding_convex_trend,solved,1.0,1.0,-0.0233678957821816,-0.08010933206988773,0.029304448438996385,0.0,0.02743698784870974,0.12104637218644015,10.0
2025-03-24,0.32492831822717094,9.747849546815128e-05,momentum_crowding_convex_trend,solved,1.0,1.0,-0.052453157709131684,-0.11326193285389681,0.03643915127772731,0.0,0.02436962386703782,0.13497990827846806,8.0
2025-03-31,0.9000000000000007,0.0002700000000000002,momentum_crowding_convex_trend,solved,1.0,1.0,-0.042276023526853265,-0.12073038641920825,0.010954362892354932,0.0,0.06750000000000005,0.07400798231391979,7.0
2025-04-07,0.028661230056990724,8.598369017097217e-06,momentum_crowding_convex_trend,solved,1.0,1.0,-0.11036200810065777,-0.12164771671792164,0.009136116362989574,0.0,0.0021495922542743044,0.06758741141288654,2.0
2025-04-14,0.2713387699430115,8.140163098290345e-05,momentum_crowding_convex_trend,solved,1.0,1.0,-0.09476321815487665,-0.12099006038808476,0.005876434487482244,0.0,0.02035040774572586,0.054205324865193104,5.0
2025-04-21,0.1070588794171756,3.2117663825152675e-05,momentum_crowding_convex_trend,solved,1.0,1.0,-0.051917085794915,-0.06657997364089999,0.0066334718896968155,0.0,0.00802941595628817,0.05759110994631383,9.0
2025-04-28,0.5211932663368171,0.0001563579799010451,momentum_crowding_convex_trend,solved,1.0,1.0,-0.04685695944508618,-0.09969477514910895,0.013748320728761495,0.0,0.03908949497526128,0.08291055641099478,9.0
2025-05-06,0.8672534751073241,0.00026017604253219726,momentum_crowding_convex_trend,solved,0.9999999999999999,1.0,-0.015306683280143826,-0.11141412052972248,0.031063426616529343,0.0,0.0650440106330493,0.12462629461018518,20.0
2025-05-12,0.5051543353599305,0.00015154630060797914,momentum_crowding_convex_trend,solved,1.0,1.0,0.0548545513725217,-0.03742294441530096,0.05439092063582788,0.0,0.037886575151994784,0.16491046151749725,20.0
2025-05-19,0.36367322056590345,0.00010910196616977103,momentum_crowding_convex_trend,solved,1.0,1.0,0.013548696014069782,-0.06309914026602263,0.049372344737649655,0.0,0.02727549154244276,0.1571183387412966,10.0
2025-05-26,0.39676672937613433,0.0001190300188128403,momentum_crowding_convex_trend,solved,1.0,1.0,-0.03700358707480399,-0.11780661770896618,0.05104552593095212,0.0,0.029757504703210074,0.15975845193752994,13.0
2025-06-03,0.4996952432189114,0.00014990857296567342,momentum_crowding_convex_trend,solved,1.0,1.0,-0.0028302007233491425,-0.09685780376543751,0.056550459800670014,0.0,0.037477143241418355,0.1681524008164469,8.0
2025-06-09,0.7481967209453787,0.00022445901628361363,momentum_crowding_convex_trend,solved,1.0,1.0,0.0019244462567866577,-0.10513296517937505,0.050942657365258305,0.0,0.056114754070903404,0.15959739560102212,12.0
2025-06-16,0.49969524321891257,0.00014990857296567377,momentum_crowding_convex_trend,solved,1.0,1.0,-0.05956483892623759,-0.12885717605986974,0.031815193892213704,0.0,0.03747714324141844,0.12612532238256857,6.0
2025-06-23,0.30000000000000226,9.000000000000068e-05,momentum_crowding_convex_trend,solved,1.0,1.0,-0.05925517259039312,-0.10164210438465458,0.01988693179426129,0.0,0.02250000000000017,0.09971692883924296,3.0
2025-06-30,0.7456597093988464,0.00022369791281965395,momentum_crowding_convex_trend,solved,1.0,1.0,0.04988013770787324,-0.05459140589461561,0.04854706539757537,0.0,0.05592447820491348,0.15579965564399584,9.0
2025-07-07,0.7456597093988463,0.0002236979128196539,momentum_crowding_convex_trend,solved,1.0,1.0,0.016165581203862342,-0.08198553442143128,0.04222663742038015,0.0,0.05592447820491347,0.14530422812220598,10.0
2025-07-14,0.5600836420076791,0.00016802509260230373,momentum_crowding_convex_trend,solved,1.0,1.0,0.0021245996524678,-0.08063124689791282,0.04074957339980469,0.0,0.04200627315057593,0.14274027707659231,14.0
2025-07-21,0.7057433514065236,0.00021172300542195708,momentum_crowding_convex_trend,solved,1.0,1.0,0.03468090734931859,-0.07431319777598987,0.05606335376981919,0.0,0.05293075135548927,0.16742663134910646,11.0
2025-07-28,0.1381408155590355,4.144224466771065e-05,momentum_crowding_convex_trend,solved,1.0,1.0,-0.015337722830341176,-0.07855686026431766,0.05285857626704882,0.0,0.010360561166927663,0.1625708711101851,10.0
2025-08-04,0.6792381202589172,0.00020377143607767513,momentum_crowding_convex_trend,solved,1.0,1.0,0.019409131524010796,-0.07336513411373659,0.0418314066183286,0.0,0.050942859019418786,0.14462262378052854,14.0
2025-08-11,0.733578410860072,0.00022007352325802162,momentum_crowding_convex_trend,solved,1.0,1.0,-0.0038182475841905816,-0.09394089391476099,0.035104265516065006,0.0,0.0550183808145054,0.13248446232684233,11.0
2025-08-18,0.5743720457834341,0.00017231161373503024,momentum_crowding_convex_trend,solved,1.0,1.0,0.011604088123071912,-0.07331403707039387,0.041840221759708224,0.0,0.04307790343375756,0.14463786115624813,9.0
2025-08-25,0.30000000000000154,9.000000000000045e-05,momentum_crowding_convex_trend,solved,1.0,1.0,-0.002815925628427963,-0.0746155043983951,0.04929957876996702,0.0,0.022500000000000114,0.1570025139447885,6.0
2025-09-01,0.1439855549051498,4.319566647154494e-05,momentum_crowding_convex_trend,solved,1.0,1.0,-0.016230626792729387,-0.08177649025021926,0.054746946839603634,0.0,0.010798916617886236,0.16544930770420835,7.0
2025-09-08,1.199999999999999,0.0003599999999999997,momentum_crowding_convex_trend,solved,0.9999999999999999,1.0,-0.007333781753562377,-0.11782813213906286,0.020494350385500563,0.0,0.08999999999999993,0.10122833196664993,12.0
2025-09-15,0.3000000000000015,9.000000000000045e-05,momentum_crowding_convex_trend,solved,1.0,1.0,0.015682140542675235,-0.042630684237129096,0.03581282477980422,0.0,0.02250000000000011,0.1338148436829865,4.0
2025-09-22,0.300000000000001,9.00000000000003e-05,momentum_crowding_convex_trend,solved,1.0000000000000002,1.0,0.01699968987205303,-0.04681478003154588,0.041314469903598834,0.0,0.022500000000000072,0.14372625004430964,4.0
2025-09-29,0.2999999999999997,8.999999999999991e-05,momentum_crowding_convex_trend,solved,1.0,1.0,-0.038846829578238776,-0.09068530064493843,0.02933847106669968,0.0,0.02249999999999998,0.12111661955879481,11.0
2025-10-09,0.20000000000000273,6.000000000000082e-05,momentum_crowding_convex_trend,solved,0.9999999999999999,1.0,-0.04712632603692121,-0.09128385139961737,0.029157525362695943,0.0,0.015000000000000204,0.12074254710477153,4.0
2025-10-13,1.4803274682789567e-16,4.44098240483687e-20,momentum_crowding_convex_trend,solved,1.0,1.0,-0.07493386160261022,-0.10907854348700118,0.03414468188439095,0.0,1.1102456012092175e-17,0.13066116845564896,1.0
2025-10-20,0.7780334323050234,0.00023341002969150701,momentum_crowding_convex_trend,solved,1.0000000000000002,1.0,-0.06371995437541128,-0.13809177717653714,0.016019315378249122,0.0,0.05835250742287675,0.08949669093952335,7.0
2025-10-27,0.6249192460455766,0.00018747577381367299,momentum_crowding_convex_trend,solved,1.0,1.0,-0.054185937040783755,-0.11208313384573462,0.011028253351532631,0.0,0.046868943453418244,0.0742571658209921,15.0
2025-11-03,0.4933527322198115,0.00014800581966594345,momentum_crowding_convex_trend,solved,0.9999999999999999,1.0,-0.014101248996486682,-0.07959145499603484,0.0284887510830623,0.0,0.03700145491648586,0.11934980327395245,15.0
2025-11-10,0.9446284449967594,0.0002833885334990278,momentum_crowding_convex_trend,solved,1.0,1.0,-0.022119893458471346,-0.10564541170414017,0.012678384870911871,0.0,0.07084713337475695,0.07961904568290137,9.0
2025-11-17,0.45196545080749995,0.00013558963524224998,momentum_crowding_convex_trend,solved,0.9999999999999999,1.0,-0.042245939885130396,-0.08814888755031362,0.012005538854620737,0.0,0.033897408810562496,0.0774775414382153,11.0
2025-11-24,0.4631239193514151,0.00013893717580542453,momentum_crowding_convex_trend,solved,1.0,1.0,-0.06619047165715579,-0.10633049726902719,0.005405731660515264,0.0,0.03473429395135613,0.051989093377915636,15.0
2025-12-01,0.3861783242000544,0.0001158534972600163,momentum_crowding_convex_trend,solved,1.0,1.0,-0.07248261386054343,-0.10766547125582758,0.00621948308028007,0.0,0.02896337431500408,0.05576505662276364,8.0
2025-12-08,0.47490766726418016,0.00014247230017925405,momentum_crowding_convex_trend,solved,1.0,1.0,-0.03136679280242932,-0.07622724927805616,0.009242381430813318,0.0,0.03561807504481351,0.06797934035724867,12.0
2025-12-15,0.7268272746985265,0.00021804818240955795,momentum_crowding_convex_trend,solved,1.0000000000000002,1.0,-0.01668289761898869,-0.08278198266822562,0.011587039446847441,0.0,0.05451204560238949,0.07611517406814308,15.0
2025-12-22,0.017228367172390513,5.168510151717154e-06,momentum_crowding_convex_trend,solved,0.9999999999999999,1.0,-0.08934415867172936,-0.10209660365865929,0.011460317449000638,0.0,0.0012921275379292885,0.0756978118871366,4.0
2025-12-29,0.30000000000000115,9.000000000000034e-05,momentum_crowding_convex_trend,solved,1.0,1.0,0.002477215998705002,-0.04398474312835262,0.023961959127057536,0.0,0.022500000000000086,0.10945766105453181,9.0
2026-01-05,0.446588918616806,0.0001339766755850418,momentum_crowding_convex_trend,solved,1.0,1.0,-0.007752884700414922,-0.07316304116775951,0.031915987571084145,0.0,0.033494168896260446,0.1263249531388873,17.0
2026-01-12,0.4170215507858914,0.00012510646523576744,momentum_crowding_convex_trend,solved,1.0,1.0,-0.00558704070225579,-0.07548344992654715,0.038619792915349505,0.0,0.03127661630894186,0.13896005346024717,25.0
2026-01-19,0.49852446070150885,0.00014955733821045265,momentum_crowding_convex_trend,solved,1.0,1.0,-0.006659074623592658,-0.08707969983426375,0.043031290658057934,0.0,0.03738933455261316,0.1466821234132809,13.0
2026-01-26,0.3000000000000009,9.000000000000026e-05,momentum_crowding_convex_trend,solved,1.0,1.0,0.0024662263053377743,-0.061051355504814296,0.041017581810152005,0.0,0.022500000000000065,0.14320890651449023,4.0
2026-02-02,0.4841191056444028,0.00014523573169332086,momentum_crowding_convex_trend,solved,1.0,1.0,-0.01673291575671449,-0.09525094855188049,0.04220909987183579,0.0,0.036308932923330206,0.1452740511444418,8.0
2026-02-09,1.104749511160774,0.00033142485334823217,momentum_crowding_convex_trend,solved,1.0,1.0,-0.03137969216825458,-0.12722519638296836,0.012989290877655742,0.0,0.08285621333705805,0.08058936306255231,10.0
2026-02-24,0.3000000000000021,9.000000000000063e-05,momentum_crowding_convex_trend,solved,1.0,1.0,-0.02457199671966809,-0.06956827927678319,0.02249628255711494,0.0,0.022500000000000155,0.10605725471912551,11.0
2026-03-02,0.38245452333084984,0.00011473635699925495,momentum_crowding_convex_trend,solved,1.0,1.0,-0.013211834205603575,-0.0636347814487278,0.021738857993310497,0.0,0.028684089249813735,0.10425655373479045,12.0
2026-03-09,0.6695153369801395,0.00020085460109404188,momentum_crowding_convex_trend,solved,1.0,1.0,-0.05153686312951128,-0.11538195785101271,0.013631444447990965,0.0,0.05021365027351046,0.0825573874586368,15.0
2026-03-16,0.24084652361652675,7.225395708495803e-05,momentum_crowding_convex_trend,solved,1.0,1.0,-0.06285020832734932,-0.09932677643120737,0.018413078832618543,0.0,0.018063489271239505,0.0959507134747276,5.0
2026-03-23,0.4079461990884762,0.00012238385972654286,momentum_crowding_convex_trend,solved,1.0,1.0,-0.08084459208044371,-0.11901415191650183,0.007573594904422402,0.0,0.030595964931635713,0.06153696005012923,10.0
2026-03-30,0.35093533134220445,0.00010528059940266133,momentum_crowding_convex_trend,solved,1.0,1.0,-0.061844048602483145,-0.09662395651588088,0.0084597580627324,0.0,0.026320149850665334,0.0650375201815552,12.0
2026-04-07,0.5550159884700913,0.00016650479654102738,momentum_crowding_convex_trend,solved,1.0,1.0,-0.08667965937754263,-0.1391930084761629,0.01088714996336344,0.0,0.04162619913525684,0.07378058675343888,6.0
2026-04-13,0.31725333245288867,9.51759997358666e-05,momentum_crowding_convex_trend,solved,1.0,1.0,-0.03165383178768571,-0.06952292449290538,0.014075092771253026,0.0,0.02379399993396665,0.08389008514494734,12.0
2026-04-20,0.6039853347337333,0.00018119560042011997,momentum_crowding_convex_trend,solved,1.0,1.0,0.026787524357822716,-0.06070866756409044,0.04219729181688316,0.0,0.045298900105029995,0.1452537294131947,14.0
2026-04-27,0.318064093487478,9.54192280462434e-05,momentum_crowding_convex_trend,solved,1.0,1.0,-0.009128877912214298,-0.07311178106606124,0.040128096142286095,0.0,0.023854807011560848,0.14164761936278014,11.0
2026-05-06,0.5116177355315026,0.00015348532065945079,momentum_crowding_convex_trend,solved,1.0,1.0,0.01242298203180927,-0.05649343516269434,0.030545087029640913,0.0,0.038371330164862695,0.12358213266819948,17.0
2026-05-11,0.31032093270919536,9.309627981275861e-05,momentum_crowding_convex_trend,solved,1.0,1.0,0.037526926864140345,-0.030152450509001956,0.044405307419952654,0.0,0.02327406995318965,0.14900554925900017,5.0
2026-05-18,0.14007739608456724,4.2023218825370165e-05,momentum_crowding_convex_trend,solved,1.0,1.0,-0.013673106248208422,-0.06845178258835083,0.044272871633799865,0.0,0.010505804706342542,0.14878318391841175,4.0
2026-05-25,0.7581616203404882,0.00022744848610214646,momentum_crowding_convex_trend,solved,1.0,1.0,-0.03000279464806522,-0.10085729211148398,0.01399237593788215,0.0,0.05686212152553661,0.0836432183081275,20.0
2026-06-01,0.16170031987691721,4.851009596307516e-05,momentum_crowding_convex_trend,solved,1.0,1.0,0.0006384873620031463,-0.02530317174709799,0.013814135118332346,0.0,0.012127523990768791,0.08310876944803221,5.0
2026-06-08,0.4941426851686074,0.00014824280555058222,momentum_crowding_convex_trend,solved,1.0,1.0,-0.03860529935094894,-0.09264347985431536,0.01697747911572087,0.0,0.03706070138764555,0.09213435601262124,15.0
2026-06-15,0.5998171960337008,0.00017994515881011023,momentum_crowding_convex_trend,solved,1.0,1.0,-0.05812311840590418,-0.11294149448878077,0.009832086380349039,0.0,0.044986289702527556,0.07011450056995713,16.0
2026-06-22,0.5453287339702362,0.00016359862019107085,momentum_crowding_convex_trend,solved,1.0,1.0,0.042131177218784316,-0.01570244729789548,0.01693396946891208,0.0,0.04089965504776771,0.09201621995309327,11.0
2026-06-29,2.480654570646826e-16,7.441963711940477e-20,momentum_crowding_convex_trend,solved,1.0,1.0,-0.026598485553181922,-0.04645716918278648,0.01985868362960454,0.0,1.8604909279851194e-17,0.09964608278704322,1.0
2026-07-06,0.47892878311955644,0.00014367863493586693,momentum_crowding_convex_trend,solved,1.0,1.0,-0.08205624511425111,-0.1277577337279185,0.009781829879700636,0.0,0.035919658733966735,0.06993507660573711,7.0
2026-07-13,0.246981098684461,7.40943296053383e-05,momentum_crowding_convex_trend,solved,1.0,1.0,0.0056836709387321025,-0.02350619769533393,0.010666286232731458,0.0,0.018523582401334573,0.07302837199586014,23.0
2026-07-20,0.7000000000000001,0.00021,momentum_crowding_convex_trend,solved,0.3,0.3,0.018322413238127347,-0.0349911956233826,0.0008136088615099421,0.0,0.052500000000000005,0.020169393415642698,1.0
2026-07-27,0.06505734838547512,1.951720451564254e-05,momentum_crowding_convex_trend,solved,0.3,0.3,-0.01064102068941665,-0.018029214458313566,0.002508892639986282,0.0,0.004879301128910634,0.03541816370159725,5.0
2026-08-03,0.026960553831807326,8.088166149542198e-06,momentum_crowding_convex_trend,solved,0.3,0.3,-0.01769791235138579,-0.02104258048853486,0.0013226265997635202,0.0,0.0020220415373855493,0.02571601251908546,7.0
2026-08-10,0.7000000000000018,0.00021000000000000055,momentum_crowding_convex_trend,solved,1.0,1.0,-0.008780661390726176,-0.08816617725856435,0.02688551586783804,0.0,0.05250000000000014,0.11594290807944667,14.0
2026-08-17,0.7227429694082875,0.00021682289082248626,momentum_crowding_convex_trend,solved,1.0,1.0,-0.006213872553951394,-0.09126732607716316,0.0308477308175902,0.0,0.054205722705621566,0.12419285570754503,9.0
2026-08-24,0.7000000000000011,0.0002100000000000003,momentum_crowding_convex_trend,solved,0.3,0.3,0.02206945008572825,-0.03602638049119535,0.005595830576923518,0.0,0.05250000000000008,0.052895323880866436,12.0
2026-08-31,0.15952172912017845,4.785651873605353e-05,momentum_crowding_convex_trend,solved,0.3,0.3,-0.02340564259143426,-0.04376902542271852,0.00839925314727088,0.0,0.011964129684013383,0.06480452587308574,3.0
2026-09-07,0.3000000000000011,9.000000000000033e-05,momentum_crowding_convex_trend,solved,0.3,0.3,-0.003498070168754943,-0.03116047737292693,0.005162407204171905,0.0,0.022500000000000082,0.050805546961783146,7.0
2026-09-14,8.576631209010183e-17,2.572989362703055e-20,momentum_crowding_convex_trend,solved,0.3,0.3,-0.034798428538518895,-0.039982557659382814,0.005184129120863909,0.0,6.432473406757637e-18,0.05091232228480601,1.0
